model_type,seed,factor,mae,brier,auc,strict_compliance_auc,violation_auc
trajectory_only,0,NC,0.32000914216041565,0.15090002119541168,0.8068441785128615,,
trajectory_only,0,DAC,0.3102887272834778,0.1572689265012741,0.8495860828420598,,
trajectory_only,0,DDC,0.1962890923023224,0.05813350901007652,,0.7863812950678744,0.7863812950678745
trajectory_only,0,EP,0.1358630657196045,0.04029730707406998,,,
trajectory_only,0,TTC,0.37383654713630676,0.18470875918865204,0.7928100316747401,,
trajectory_only,0,Comfort,0.030085783451795578,0.01309962198138237,0.9986431438764244,,
trajectory_only,1,NC,0.3162396252155304,0.1510564386844635,0.8100144012295049,,
trajectory_only,1,DAC,0.2976304888725281,0.15325815975666046,0.8571844678015073,,
trajectory_only,1,DDC,0.1958741843700409,0.058618396520614624,,0.7871462612910263,0.7871462612910262
trajectory_only,1,EP,0.13413295149803162,0.03939229995012283,,,
trajectory_only,1,TTC,0.36939626932144165,0.18343128263950348,0.7967124489748942,,
trajectory_only,1,Comfort,0.01862643100321293,0.007597238756716251,0.9995342271147787,,
trajectory_only,2,NC,0.3144873380661011,0.15029945969581604,0.8117018099344113,,
trajectory_only,2,DAC,0.29250961542129517,0.1502281278371811,0.863324423231483,,
trajectory_only,2,DDC,0.19217313826084137,0.05651423707604408,,0.7999016953646916,0.7999016953646916
trajectory_only,2,EP,0.12964661419391632,0.03908291831612587,,,
trajectory_only,2,TTC,0.3666975498199463,0.18317434191703796,0.7980417818636055,,
trajectory_only,2,Comfort,0.01942739449441433,0.00894313957542181,0.9994999490354387,,
direct_current,0,NC,0.15118521451950073,0.0715077742934227,0.9515500237025503,,
direct_current,0,DAC,0.09927244484424591,0.05690958350896835,0.9805849945047683,,
direct_current,0,DDC,0.1731361746788025,0.0515783466398716,,0.8694547551686382,0.8694547551686382
direct_current,0,EP,0.09611061960458755,0.02777291275560856,,,
direct_current,0,TTC,0.17255929112434387,0.09089478850364685,0.9469206191602453,,
direct_current,0,Comfort,0.023372700437903404,0.01105649396777153,0.99901050538466,,
direct_current,1,NC,0.14815622568130493,0.07228084653615952,0.9513032076550779,,
direct_current,1,DAC,0.09151332825422287,0.051025670021772385,0.9841824471925839,,
direct_current,1,DDC,0.17063173651695251,0.050839293748140335,,0.8803277515728314,0.8803277515728314
direct_current,1,EP,0.08558636903762817,0.026274817064404488,,,
direct_current,1,TTC,0.16534963250160217,0.08990291506052017,0.9508765647737766,,
direct_current,1,Comfort,0.019369374960660934,0.009799829684197903,0.9991923592917372,,
direct_current,2,NC,0.1424470841884613,0.0701674073934555,0.952692098755004,,
direct_current,2,DAC,0.09352744370698929,0.04995614290237427,0.9841674813279572,,
direct_current,2,DDC,0.1713792383670807,0.051214005798101425,,0.876141863430975,0.876141863430975
direct_current,2,EP,0.0913933590054512,0.02683096006512642,,,
direct_current,2,TTC,0.16533814370632172,0.09261433780193329,0.9466284230794404,,
direct_current,2,Comfort,0.019470158964395523,0.010005070827901363,0.9992695833819314,,
ego_kinematic_effect,0,NC,0.1564265489578247,0.07591094076633453,0.9515816488134152,,
ego_kinematic_effect,0,DAC,0.09004903584718704,0.04988833889365196,0.984616647403581,,
ego_kinematic_effect,0,DDC,0.17208993434906006,0.052083611488342285,,0.8742789946014782,0.8742789946014782
ego_kinematic_effect,0,EP,0.09019344300031662,0.026699677109718323,,,
ego_kinematic_effect,0,TTC,0.17443838715553284,0.09628772735595703,0.9442645987051699,,
ego_kinematic_effect,0,Comfort,0.025404127314686775,0.01419715117663145,0.9992060675930255,,
ego_kinematic_effect,1,NC,0.16062623262405396,0.07584662735462189,0.9471740013855071,,
ego_kinematic_effect,1,DAC,0.10849574953317642,0.058955296874046326,0.9789701521959431,,
ego_kinematic_effect,1,DDC,0.1809512823820114,0.05577221140265465,,0.8622357418717441,0.8622357418717442
ego_kinematic_effect,1,EP,0.11034934967756271,0.03304583579301834,,,
ego_kinematic_effect,1,TTC,0.1871705949306488,0.09855718165636063,0.9386509161996304,,
ego_kinematic_effect,1,Comfort,0.0246652252972126,0.00996470544487238,0.9991832718832733,,
ego_kinematic_effect,2,NC,0.16237103939056396,0.07646147161722183,0.9450097506639652,,
ego_kinematic_effect,2,DAC,0.1082720085978508,0.06013570353388786,0.9777320056013927,,
ego_kinematic_effect,2,DDC,0.1725093573331833,0.052895437926054,,0.8627484329156937,0.8627484329156938
ego_kinematic_effect,2,EP,0.10360322147607803,0.0304875448346138,,,
ego_kinematic_effect,2,TTC,0.18940120935440063,0.10069015622138977,0.9359648723268909,,
ego_kinematic_effect,2,Comfort,0.026990624144673347,0.011056903749704361,0.9990795420461048,,
static_primitive_effect,0,NC,0.17955566942691803,0.08410783112049103,0.9408713210469788,,
static_primitive_effect,0,DAC,0.12724384665489197,0.06490468233823776,0.9730522202201202,,
static_primitive_effect,0,DDC,0.18231196701526642,0.055218253284692764,,0.8536563804455678,0.8536563804455678
static_primitive_effect,0,EP,0.11820138990879059,0.03233158215880394,,,
static_primitive_effect,0,TTC,0.20996420085430145,0.10932449251413345,0.9296900750341125,,
static_primitive_effect,0,Comfort,0.03791006654500961,0.01821383647620678,0.9981353677083449,,
static_primitive_effect,1,NC,0.16091370582580566,0.07694514095783234,0.9462389358110188,,
static_primitive_effect,1,DAC,0.10853377729654312,0.058929525315761566,0.9787239183383559,,
static_primitive_effect,1,DDC,0.1750584840774536,0.05145427584648132,,0.8717115884581335,0.8717115884581333
static_primitive_effect,1,EP,0.10850413888692856,0.031004982069134712,,,
static_primitive_effect,1,TTC,0.19099880754947662,0.0984157994389534,0.9384150545257933,,
static_primitive_effect,1,Comfort,0.026696084067225456,0.013378210365772247,0.9988537356553909,,
static_primitive_effect,2,NC,0.14982439577579498,0.07011064141988754,0.9523113304071589,,
static_primitive_effect,2,DAC,0.08893467485904694,0.04874834418296814,0.9852131006284823,,
static_primitive_effect,2,DDC,0.17378152906894684,0.05192926526069641,,0.8717007497145167,0.8717007497145167
static_primitive_effect,2,EP,0.0912141427397728,0.026423798874020576,,,
static_primitive_effect,2,TTC,0.17395707964897156,0.09087520837783813,0.9470437209669621,,
static_primitive_effect,2,Comfort,0.023575231432914734,0.013218214735388756,0.9986185779648803,,
shared_logged_future,0,NC,0.15681089460849762,0.0745961144566536,0.9502647743394658,,
shared_logged_future,0,DAC,0.10365302115678787,0.05618654936552048,0.9815546229254402,,
shared_logged_future,0,DDC,0.1750260442495346,0.0533311702311039,,0.8731219251734283,0.8731219251734285
shared_logged_future,0,EP,0.09690406173467636,0.02781800366938114,,,
shared_logged_future,0,TTC,0.18147161602973938,0.09787450730800629,0.940994534694779,,
shared_logged_future,0,Comfort,0.025619138032197952,0.014463350176811218,0.9991262872160391,,
shared_logged_future,1,NC,0.1858191043138504,0.0882781594991684,0.9356890868744612,,
shared_logged_future,1,DAC,0.14325757324695587,0.07472896575927734,0.9697827863466209,,
shared_logged_future,1,DDC,0.18903644382953644,0.05736318230628967,,0.8386308681794076,0.8386308681794075
shared_logged_future,1,EP,0.1254815012216568,0.034147411584854126,,,
shared_logged_future,1,TTC,0.22263772785663605,0.11460135132074356,0.923414372222662,,
shared_logged_future,1,Comfort,0.035011857748031616,0.017246222123503685,0.9976535646708461,,
shared_logged_future,2,NC,0.15925295650959015,0.07470805943012238,0.9463339482630329,,
shared_logged_future,2,DAC,0.11446113884449005,0.0641227588057518,0.9771082519861658,,
shared_logged_future,2,DDC,0.17891743779182434,0.05507836490869522,,0.8605905937786018,0.8605905937786018
shared_logged_future,2,EP,0.108218252658844,0.031079651787877083,,,
shared_logged_future,2,TTC,0.18888303637504578,0.101178377866745,0.9357608018548852,,
shared_logged_future,2,Comfort,0.02761007845401764,0.015948213636875153,0.9994128121777407,,
dynamic_replay_effect,0,NC,0.16100047528743744,0.0725913792848587,0.9486273539286939,,
dynamic_replay_effect,0,DAC,0.12768089771270752,0.06248430535197258,0.9751127961839625,,
dynamic_replay_effect,0,DDC,0.18402671813964844,0.05547795817255974,,0.8500348617116598,0.8500348617116597
dynamic_replay_effect,0,EP,0.11208881437778473,0.02974521741271019,,,
dynamic_replay_effect,0,TTC,0.19812412559986115,0.1010940819978714,0.9392072692267996,,
dynamic_replay_effect,0,Comfort,0.03300131857395172,0.014827876351773739,0.9987815798799606,,
dynamic_replay_effect,1,NC,0.1677522212266922,0.07795761525630951,0.9475406630869272,,
dynamic_replay_effect,1,DAC,0.1345749795436859,0.06993236392736435,0.9709371543009071,,
dynamic_replay_effect,1,DDC,0.18412387371063232,0.056400496512651443,,0.8499444284506061,0.849944428450606
dynamic_replay_effect,1,EP,0.11900285631418228,0.03210438787937164,,,
dynamic_replay_effect,1,TTC,0.2060651183128357,0.10755850374698639,0.9343092741937393,,
dynamic_replay_effect,1,Comfort,0.03285596892237663,0.014930812641978264,0.9982635574171517,,
dynamic_replay_effect,2,NC,0.11930195987224579,0.056432418525218964,0.9641477487243244,,
dynamic_replay_effect,2,DAC,0.09715429693460464,0.052424196153879166,0.9833976785029236,,
dynamic_replay_effect,2,DDC,0.1762707680463791,0.05354107543826103,,0.8723418636180896,0.8723418636180896
dynamic_replay_effect,2,EP,0.09685388952493668,0.027797771617770195,,,
dynamic_replay_effect,2,TTC,0.15469051897525787,0.08218628913164139,0.9575200120436804,,
dynamic_replay_effect,2,Comfort,0.022219548001885414,0.010914228856563568,0.9990463346374959,,
full_primitive_action_effect,0,NC,0.1723940074443817,0.08413507789373398,0.9456382309547743,,
full_primitive_action_effect,0,DAC,0.13424637913703918,0.06495373696088791,0.9754941214896073,,
full_primitive_action_effect,0,DDC,0.18554064631462097,0.055573102086782455,,0.8497380408412242,0.8497380408412243
full_primitive_action_effect,0,EP,0.12191303819417953,0.032307833433151245,,,
full_primitive_action_effect,0,TTC,0.20200811326503754,0.10779741406440735,0.9380036694769063,,
full_primitive_action_effect,0,Comfort,0.03230642154812813,0.01484525017440319,0.9988543477261869,,
full_primitive_action_effect,1,NC,0.1191350594162941,0.05610382556915283,0.9647577644510174,,
full_primitive_action_effect,1,DAC,0.0920892134308815,0.05165921151638031,0.983408753533283,,
full_primitive_action_effect,1,DDC,0.1732674241065979,0.05083085596561432,,0.8736697537893368,0.8736697537893369
full_primitive_action_effect,1,EP,0.08993425220251083,0.025871517136693,,,
full_primitive_action_effect,1,TTC,0.1505575180053711,0.08050839602947235,0.957817423804778,,
full_primitive_action_effect,1,Comfort,0.018984833732247353,0.008092944510281086,0.9994805388989227,,
full_primitive_action_effect,2,NC,0.1211342066526413,0.057525068521499634,0.9634172551113288,,
full_primitive_action_effect,2,DAC,0.09267187863588333,0.05023680627346039,0.9842485759111365,,
full_primitive_action_effect,2,DDC,0.1772867739200592,0.05339306965470314,,0.8707015501638053,0.8707015501638055
full_primitive_action_effect,2,EP,0.09224261343479156,0.026699239388108253,,,
full_primitive_action_effect,2,TTC,0.15605226159095764,0.08360036462545395,0.9546533813761084,,
full_primitive_action_effect,2,Comfort,0.023221366107463837,0.012236841022968292,0.9988239355717942,,
full_primitive_no_interaction_mask,0,NC,0.17097502946853638,0.08267882466316223,0.9449532701057282,,
full_primitive_no_interaction_mask,0,DAC,0.13433803617954254,0.06472007185220718,0.9752894896381983,,
full_primitive_no_interaction_mask,0,DDC,0.18493102490901947,0.05541878566145897,,0.8501048135483761,0.8501048135483761
full_primitive_no_interaction_mask,0,EP,0.11980632692575455,0.0317009836435318,,,
full_primitive_no_interaction_mask,0,TTC,0.19995053112506866,0.10584976524114609,0.9380000566124632,,
full_primitive_no_interaction_mask,0,Comfort,0.03162034973502159,0.013693616725504398,0.9989463979172479,,
full_primitive_no_interaction_mask,1,NC,0.16151480376720428,0.07809916138648987,0.9498638765449186,,
full_primitive_no_interaction_mask,1,DAC,0.1278858482837677,0.06705531477928162,0.9739153217644576,,
full_primitive_no_interaction_mask,1,DDC,0.18529655039310455,0.056953802704811096,,0.8494816508795453,0.8494816508795453
full_primitive_no_interaction_mask,1,EP,0.12136565893888474,0.03321399912238121,,,
full_primitive_no_interaction_mask,1,TTC,0.1949004977941513,0.10277876257896423,0.9391323759424199,,
full_primitive_no_interaction_mask,1,Comfort,0.03166487440466881,0.014691370539367199,0.9982573454725759,,
full_primitive_no_interaction_mask,2,NC,0.14500123262405396,0.06750985980033875,0.9519928879405661,,
full_primitive_no_interaction_mask,2,DAC,0.12065694481134415,0.06334564089775085,0.9793775988796269,,
full_primitive_no_interaction_mask,2,DDC,0.18092328310012817,0.054871752858161926,,0.8596231732274372,0.8596231732274373
full_primitive_no_interaction_mask,2,EP,0.10744248330593109,0.029015827924013138,,,
full_primitive_no_interaction_mask,2,TTC,0.18228879570960999,0.09452147781848907,0.945430477604052,,
full_primitive_no_interaction_mask,2,Comfort,0.0259366687387228,0.011432511731982231,0.9990071772119424,,
interaction_mask_only,0,NC,0.14141219854354858,0.06742769479751587,0.9552476049071571,,
interaction_mask_only,0,DAC,0.08802516758441925,0.05032069981098175,0.9847151723666373,,
interaction_mask_only,0,DDC,0.1738644689321518,0.051043979823589325,,0.875197923883942,0.875197923883942
interaction_mask_only,0,EP,0.09167042374610901,0.0266690943390131,,,
interaction_mask_only,0,TTC,0.15805202722549438,0.08651713281869888,0.9521947395086229,,
interaction_mask_only,0,Comfort,0.020249435678124428,0.008785314857959747,0.9993967335371301,,
interaction_mask_only,1,NC,0.18269458413124084,0.08616281300783157,0.937475704274581,,
interaction_mask_only,1,DAC,0.1455027163028717,0.0775984451174736,0.9683998906891598,,
interaction_mask_only,1,DDC,0.1862306296825409,0.05684077739715576,,0.8476235338238942,0.8476235338238942
interaction_mask_only,1,EP,0.12542641162872314,0.03399623930454254,,,
interaction_mask_only,1,TTC,0.21820200979709625,0.1124914363026619,0.9278699674636568,,
interaction_mask_only,1,Comfort,0.0342717319726944,0.017225971445441246,0.9977295001193911,,
interaction_mask_only,2,NC,0.13995058834552765,0.0691881850361824,0.9530355249145241,,
interaction_mask_only,2,DAC,0.09127844870090485,0.048573244363069534,0.9850577041380386,,
interaction_mask_only,2,DDC,0.1708863079547882,0.05083189904689789,,0.8757666237907055,0.8757666237907054
interaction_mask_only,2,EP,0.09008432924747467,0.02632436528801918,,,
interaction_mask_only,2,TTC,0.16192121803760529,0.09129650145769119,0.9479483568545499,,
interaction_mask_only,2,Comfort,0.01920231245458126,0.009947218000888824,0.9993497765894919,,
full_engineered_action_effect,0,NC,0.14217902719974518,0.06694109737873077,0.957477779314412,,
full_engineered_action_effect,0,DAC,0.12241540849208832,0.06423291563987732,0.9782415848101713,,
full_engineered_action_effect,0,DDC,0.18486499786376953,0.056549325585365295,,0.8673360505038193,0.8673360505038192
full_engineered_action_effect,0,EP,0.10935994237661362,0.029472580179572105,,,
full_engineered_action_effect,0,TTC,0.17481540143489838,0.09380126744508743,0.9492828592557421,,
full_engineered_action_effect,0,Comfort,0.02768930234014988,0.012494226917624474,0.9987756363583379,,
full_engineered_action_effect,1,NC,0.14687776565551758,0.06778700649738312,0.9531113880562468,,
full_engineered_action_effect,1,DAC,0.11525729298591614,0.059054985642433167,0.9776765155240137,,
full_engineered_action_effect,1,DDC,0.17846190929412842,0.05372893065214157,,0.8669019237780886,0.8669019237780886
full_engineered_action_effect,1,EP,0.10257524251937866,0.02764197811484337,,,
full_engineered_action_effect,1,TTC,0.18126288056373596,0.09266573190689087,0.9466047565963863,,
full_engineered_action_effect,1,Comfort,0.02562900260090828,0.010344368405640125,0.9991287312697118,,
full_engineered_action_effect,2,NC,0.13051274418830872,0.06235582008957863,0.9642227204682667,,
full_engineered_action_effect,2,DAC,0.09747925400733948,0.05201849713921547,0.9833472736189397,,
full_engineered_action_effect,2,DDC,0.17260858416557312,0.051030781120061874,,0.8765824973322812,0.8765824973322812
full_engineered_action_effect,2,EP,0.099013552069664,0.02863025851547718,,,
full_engineered_action_effect,2,TTC,0.1575813591480255,0.0840664654970169,0.9554790151606529,,
full_engineered_action_effect,2,Comfort,0.02804691717028618,0.016378559172153473,0.9981787155228311,,
wote_full_future,0,NC,0.09262001514434814,0.04444345831871033,0.9784118777739713,,
wote_full_future,0,DAC,0.04121540114283562,0.022602450102567673,0.9963687427899881,,
wote_full_future,0,DDC,0.1631268411874771,0.045996617525815964,,0.8840271709029399,0.88402717090294
wote_full_future,0,EP,0.07114418596029282,0.019916720688343048,,,
wote_full_future,0,TTC,0.10452147573232651,0.05524071305990219,0.9783295238791192,,
wote_full_future,0,Comfort,0.005287855863571167,0.0030477927066385746,0.9999343106951306,,
wote_full_future,1,NC,0.10277493298053741,0.04498201608657837,0.9763106009688063,,
wote_full_future,1,DAC,0.04547707363963127,0.024862095713615417,0.9959433951290154,,
wote_full_future,1,DDC,0.1643533855676651,0.04607166349887848,,0.8852486444887818,0.8852486444887817
wote_full_future,1,EP,0.07003025710582733,0.018539244309067726,,,
wote_full_future,1,TTC,0.11208236217498779,0.056910645216703415,0.9772974651807534,,
wote_full_future,1,Comfort,0.007321679499000311,0.0037229396402835846,0.9998565866162061,,
wote_full_future,2,NC,0.10738465189933777,0.046007007360458374,0.9772147231396098,,
wote_full_future,2,DAC,0.04638199135661125,0.02386193722486496,0.9963771615281587,,
wote_full_future,2,DDC,0.17440584301948547,0.05290639400482178,,0.8810908681687153,0.8810908681687153
wote_full_future,2,EP,0.07589904963970184,0.019175991415977478,,,
wote_full_future,2,TTC,0.11926238238811493,0.05851525440812111,0.9757754207339319,,
wote_full_future,2,Comfort,0.008798349648714066,0.0036048300098627806,0.9998283117248177,,
wote_environment_only,0,NC,0.13932350277900696,0.06555932015180588,0.9583103531074664,,
wote_environment_only,0,DAC,0.11003194004297256,0.05880817025899887,0.9786313129213884,,
wote_environment_only,0,DDC,0.1684945821762085,0.049793943762779236,,0.8763478261566886,0.8763478261566886
wote_environment_only,0,EP,0.09578680247068405,0.02696668915450573,,,
wote_environment_only,0,TTC,0.16147150099277496,0.08731884509325027,0.9519834857448104,,
wote_environment_only,0,Comfort,0.024389155209064484,0.009462378919124603,0.9993405848027158,,
wote_environment_only,1,NC,0.13526012003421783,0.06323859095573425,0.9586975120954475,,
wote_environment_only,1,DAC,0.09917425364255905,0.05734121426939964,0.9812880028395058,,
wote_environment_only,1,DDC,0.1727631390094757,0.05129772797226906,,0.8731213099675383,0.8731213099675383
wote_environment_only,1,EP,0.09787432104349136,0.028500787913799286,,,
wote_environment_only,1,TTC,0.15774130821228027,0.08203142881393433,0.9558365585146527,,
wote_environment_only,1,Comfort,0.018125314265489578,0.00869530439376831,0.9993861564341472,,
wote_environment_only,2,NC,0.1738962084054947,0.07872722297906876,0.9447897652885386,,
wote_environment_only,2,DAC,0.12829884886741638,0.0623663105070591,0.9749514236804266,,
wote_environment_only,2,DDC,0.17341747879981995,0.05156259983778,,0.8652313835730538,0.8652313835730538
wote_environment_only,2,EP,0.10676570236682892,0.029528774321079254,,,
wote_environment_only,2,TTC,0.2051687389612198,0.10127381980419159,0.9352861604916527,,
wote_environment_only,2,Comfort,0.027832919731736183,0.011670875363051891,0.9987739179680671,,
