model_type,seed,intervention,selected_score,top1_regret,mean_selected_candidate_rank,pairwise_ranking_accuracy,kendall_tau,oracle_capture_mean,oracle_capture_median,oracle_capture_q25,oracle_capture_q75,oracle_capture_fraction_gt_0,oracle_capture_fraction_ge_0_5,hard_false_safe_rate,direction_non_compliance_rate,ddc_half_rate,ddc_zero_rate,zero_score_selection_rate,wote_failure_recovery_rate
trajectory_only,0,none,0.4282083809375763,0.4587063193321228,48.373046875,0.7547256236634987,0.37655878287007893,-2.2962443002133894,-0.13347464799880981,-0.7404680252075195,-0.012934603728353977,0.19560878243512975,0.09780439121756487,0.142578125,0.61328125,0.591796875,0.021484375,0.09765625,0.7419354838709677
trajectory_only,1,none,0.4208652079105377,0.46604955196380615,46.013671875,0.7649873943315658,0.3927333722125307,-2.3461977089703536,-0.09640009701251984,-0.7768374085426331,-0.0002688342647161335,0.19161676646706588,0.11177644710578842,0.150390625,0.642578125,0.626953125,0.015625,0.10546875,0.5806451612903226
trajectory_only,2,none,0.4455706477165222,0.44134411215782166,44.732421875,0.7675806239861505,0.39653615789316754,-2.0369099350509043,-0.10314327478408813,-0.7068988084793091,0.0,0.24151696606786427,0.14570858283433133,0.140625,0.59375,0.578125,0.015625,0.09765625,0.6451612903225806
direct_current,0,none,0.49401578307151794,0.3928989768028259,26.85546875,0.8542917127465226,0.5187455150076741,-1.3595297919982368,0.0,-0.14177368581295013,0.30540478229522705,0.46706586826347307,0.17764471057884232,0.099609375,0.650390625,0.626953125,0.0234375,0.048828125,0.7419354838709677
direct_current,1,none,0.4931083917617798,0.3938063383102417,27.814453125,0.8531431839270496,0.5176547537552545,-1.7000483754931548,0.0,-0.19910824298858643,0.28671056032180786,0.4530938123752495,0.18962075848303392,0.13671875,0.609375,0.578125,0.03125,0.05859375,0.6451612903225806
direct_current,2,none,0.4870499074459076,0.3998648226261139,27.931640625,0.8557882603732524,0.5209866943260613,-1.9783410748658319,0.0,-0.17344848811626434,0.31707578897476196,0.49101796407185627,0.18962075848303392,0.140625,0.623046875,0.59375,0.029296875,0.07421875,0.6774193548387096
ego_kinematic_effect,0,none,0.49156510829925537,0.3953496217727661,28.41796875,0.853593116170191,0.5182986160246223,-1.0643504572604823,0.0,-0.18473948538303375,0.20610277354717255,0.43912175648702595,0.17165668662674652,0.1171875,0.6328125,0.60546875,0.02734375,0.060546875,0.6774193548387096
ego_kinematic_effect,1,none,0.46920767426490784,0.41770708560943604,30.779296875,0.8463371243054644,0.5072666563760919,-1.8556928474037464,-5.007043364457786e-05,-0.32902103662490845,0.17423951625823975,0.39520958083832336,0.15568862275449102,0.171875,0.6171875,0.57421875,0.04296875,0.091796875,0.4838709677419355
ego_kinematic_effect,2,none,0.45544493198394775,0.4314698278903961,31.22265625,0.8435599831776075,0.5036653276560025,-1.7570446155339219,-0.01676470786333084,-0.38520610332489014,0.12387948483228683,0.37924151696606784,0.15169660678642716,0.212890625,0.6171875,0.5859375,0.03125,0.09765625,0.5483870967741935
static_primitive_effect,0,none,0.4605989456176758,0.4263157844543457,35.708984375,0.8292096590795303,0.4839521150146309,-2.5643709636515957,-0.0370694100856781,-0.38338392972946167,0.08732877671718597,0.36726546906187624,0.15768463073852296,0.1484375,0.6328125,0.599609375,0.033203125,0.068359375,0.7096774193548387
static_primitive_effect,1,none,0.46573328971862793,0.42118144035339355,31.033203125,0.8458722833282525,0.5058651804986021,-2.496330630816352,0.0,-0.2957506775856018,0.20147272944450378,0.437125748502994,0.1656686626746507,0.1875,0.60546875,0.572265625,0.033203125,0.09375,0.5161290322580645
static_primitive_effect,2,none,0.4872131943702698,0.3997015357017517,27.486328125,0.8563768215914073,0.5217476764048272,-2.235484989544357,0.0,-0.2463206648826599,0.21976007521152496,0.45708582834331335,0.17165668662674652,0.12890625,0.62109375,0.59375,0.02734375,0.06640625,0.7419354838709677
shared_logged_future,0,none,0.46731308102607727,0.4196016192436218,31.166015625,0.849932465659845,0.5130520316702242,-1.9755622716282364,-0.0012276427587494254,-0.37419041991233826,0.19744773209095,0.43313373253493015,0.17564870259481039,0.17578125,0.6171875,0.58203125,0.03515625,0.08203125,0.5483870967741935
shared_logged_future,1,none,0.4350355863571167,0.4518791437149048,36.85546875,0.8233519729595618,0.4748512520566367,-3.0679062795656837,-0.04515613615512848,-0.5513188242912292,0.0824015662074089,0.3333333333333333,0.14570858283433133,0.240234375,0.60546875,0.58203125,0.0234375,0.0859375,0.6451612903225806
shared_logged_future,2,none,0.4562219977378845,0.43069273233413696,31.548828125,0.8444515032231793,0.5040013610853663,-2.4734982444557123,-0.012537054717540741,-0.6238653063774109,0.19898147881031036,0.3972055888223553,0.15568862275449102,0.216796875,0.615234375,0.578125,0.037109375,0.087890625,0.6774193548387096
dynamic_replay_effect,0,none,0.47864240407943726,0.40827232599258423,34.66015625,0.8356822748503008,0.49291563393212756,-1.7326025467660737,-0.03242570161819458,-0.39276260137557983,0.2174445539712906,0.3652694610778443,0.18163672654690619,0.109375,0.609375,0.5859375,0.0234375,0.056640625,0.7419354838709677
dynamic_replay_effect,1,none,0.44465523958206177,0.4422594904899597,34.896484375,0.8333994583901683,0.4891192189298655,-2.454818846757848,-0.031843189150094986,-0.47658467292785645,0.11399208009243011,0.34331337325349304,0.16766467065868262,0.220703125,0.609375,0.578125,0.03125,0.09765625,0.6129032258064516
dynamic_replay_effect,2,none,0.4780256152153015,0.40888911485671997,28.900390625,0.8608284138219541,0.5276324108183066,-1.745344971088895,0.0,-0.2463206648826599,0.2608160376548767,0.4491017964071856,0.17964071856287425,0.1328125,0.638671875,0.607421875,0.03125,0.080078125,0.5161290322580645
full_primitive_action_effect,0,none,0.46450409293174744,0.42241063714027405,35.384765625,0.8317639480107966,0.48777970045700914,-2.1441823347894444,-0.038526829332113266,-0.3816690742969513,0.07023493200540543,0.3333333333333333,0.15169660678642716,0.107421875,0.64453125,0.623046875,0.021484375,0.0546875,0.6774193548387096
full_primitive_action_effect,1,none,0.4824329614639282,0.40448179841041565,24.515625,0.8606843331456762,0.5271047213074004,-2.2192715554335596,0.0004298267012927681,-0.18975764513015747,0.2546091675758362,0.500998003992016,0.18163672654690619,0.12890625,0.646484375,0.62890625,0.017578125,0.07421875,0.6451612903225806
full_primitive_action_effect,2,none,0.4870688319206238,0.3998458981513977,25.130859375,0.8617434095607264,0.5288751632233062,-1.909479238837632,0.0019174441695213318,-0.14941279590129852,0.25889453291893005,0.500998003992016,0.18562874251497005,0.140625,0.623046875,0.587890625,0.03515625,0.08203125,0.5161290322580645
full_primitive_no_interaction_mask,0,none,0.46295666694641113,0.42395803332328796,35.322265625,0.832305224064922,0.48847685097301263,-2.0566501654279645,-0.0365791916847229,-0.40502482652664185,0.04102814570069313,0.3253493013972056,0.14770459081836326,0.103515625,0.654296875,0.63671875,0.017578125,0.048828125,0.6451612903225806
full_primitive_no_interaction_mask,1,none,0.47466737031936646,0.41224735975265503,31.810546875,0.833239578906144,0.4892792210288527,-1.991689198578154,-0.011977912858128548,-0.3855664134025574,0.30540478229522705,0.3852295409181637,0.19760479041916168,0.13671875,0.61328125,0.583984375,0.029296875,0.07421875,0.6451612903225806
full_primitive_no_interaction_mask,2,none,0.4651942253112793,0.4217205047607422,29.583984375,0.8462174093960627,0.5066410662261203,-1.4728453711607956,0.0,-0.3394750654697418,0.2546091675758362,0.4411177644710579,0.17365269461077845,0.177734375,0.6328125,0.5859375,0.046875,0.10546875,0.6451612903225806
interaction_mask_only,0,none,0.4952384829521179,0.3916761875152588,26.23828125,0.8583546765583521,0.524602014116003,-1.4225851676679875,0.0,-0.10907376557588577,0.32516685128211975,0.49500998003992014,0.18163672654690619,0.107421875,0.640625,0.59765625,0.04296875,0.06640625,0.6451612903225806
interaction_mask_only,1,none,0.443689227104187,0.4432254433631897,37.705078125,0.8216424752058852,0.4731804217617932,-2.5336472806882524,-0.04863831400871277,-0.4550251364707947,0.0464395247399807,0.3153692614770459,0.1497005988023952,0.2109375,0.609375,0.5703125,0.0390625,0.111328125,0.5483870967741935
interaction_mask_only,2,none,0.4762446880340576,0.4106700122356415,28.55078125,0.8580728569807365,0.5235170245926324,-1.9626140949939528,0.0,-0.28317153453826904,0.28734660148620605,0.49500998003992014,0.19161676646706588,0.171875,0.623046875,0.591796875,0.03125,0.078125,0.6129032258064516
full_engineered_action_effect,0,none,0.48765718936920166,0.3992575407028198,30.7890625,0.84781097505346,0.5096375071380992,-1.7656090612616901,0.0,-0.1918671429157257,0.3249182105064392,0.4251497005988024,0.2055888223552894,0.146484375,0.611328125,0.568359375,0.04296875,0.076171875,0.5806451612903226
full_engineered_action_effect,1,none,0.48194146156311035,0.40497326850891113,29.72265625,0.8438999913217816,0.5034728296701876,-1.9152731427744736,0.0,-0.28029024600982666,0.3425580561161041,0.4491017964071856,0.20958083832335328,0.17578125,0.59375,0.55859375,0.03515625,0.095703125,0.6451612903225806
full_engineered_action_effect,2,none,0.46826502680778503,0.41864967346191406,28.5859375,0.8611843320330841,0.5281448295035535,-1.9814087855959583,0.005711174104362726,-0.4020109474658966,0.34947386384010315,0.5169660678642715,0.18962075848303392,0.185546875,0.642578125,0.591796875,0.05078125,0.09765625,0.6451612903225806
wote_full_future,0,none,0.5736525058746338,0.3132622241973877,14.958984375,0.895129071808919,0.5745485949784023,-0.778621159508722,0.06588786840438843,0.0,0.625530481338501,0.6846307385229541,0.2834331337325349,0.048828125,0.56640625,0.55078125,0.015625,0.02734375,0.7419354838709677
wote_full_future,1,none,0.5331653952598572,0.3537493348121643,18.818359375,0.8948511463036353,0.574544916823968,-1.4881266867756466,0.06273440271615982,0.0,0.5322268605232239,0.6926147704590818,0.2634730538922156,0.08984375,0.634765625,0.607421875,0.02734375,0.052734375,0.7096774193548387
wote_full_future,2,none,0.5370461344718933,0.3498685657978058,17.2734375,0.8908669540121184,0.569455875292042,-1.0610072655984835,0.05543260648846626,0.0,0.5109545588493347,0.6966067864271457,0.2554890219560878,0.052734375,0.646484375,0.625,0.021484375,0.0390625,0.6774193548387096
wote_environment_only,0,none,0.4602543115615845,0.426660418510437,30.185546875,0.8564268882356737,0.5210532362325341,-2.3373155352511166,0.0,-0.36281633377075195,0.20266331732273102,0.4351297405189621,0.16367265469061876,0.177734375,0.634765625,0.6015625,0.033203125,0.07421875,0.7419354838709677
wote_environment_only,1,none,0.4967387318611145,0.390175998210907,27.28125,0.8543403330210658,0.5190103069101186,-1.5357386814022553,0.0,-0.15327289700508118,0.20464973151683807,0.4491017964071856,0.16966067864271456,0.10546875,0.625,0.595703125,0.029296875,0.0546875,0.7096774193548387
wote_environment_only,2,none,0.4624393582344055,0.4244753122329712,35.84765625,0.835307665091978,0.4921055887761143,-1.647970637344098,-0.03639952093362808,-0.4180116355419159,0.1880842000246048,0.36726546906187624,0.16966067864271456,0.189453125,0.58984375,0.546875,0.04296875,0.0859375,0.6129032258064516
wote_base_selector,-1,none,0.5032623410224915,0.38365238904953003,25.2109375,,,0.0,0.0,0.0,0.0,0.0,0.0,0.08203125,0.64453125,0.6171875,0.02734375,0.060546875,0.0
full_primitive_action_effect,0,full_effect_swap,0.4120326042175293,0.4748820960521698,41.248046875,0.7892724982810452,0.42682584373814075,-2.6337697371928077,-0.07353699952363968,-0.6862431168556213,0.050321269780397415,0.32934131736526945,0.1377245508982036,0.240234375,0.6328125,0.607421875,0.025390625,0.130859375,0.6451612903225806
full_primitive_action_effect,0,actor_only_swap,0.4532053470611572,0.43370938301086426,37.333984375,0.817207238079132,0.46793550367059694,-2.1548129500621513,-0.05444024130702019,-0.5073204636573792,0.05085345730185509,0.3313373253493014,0.15568862275449102,0.158203125,0.625,0.58984375,0.03515625,0.08984375,0.6451612903225806
full_primitive_action_effect,0,static_only_swap,0.44278383255004883,0.44413089752197266,37.7265625,0.8070224587840259,0.45183179581382205,-2.380279803064191,-0.04412814974784851,-0.5269667506217957,0.1138911023736,0.35728542914171657,0.15568862275449102,0.19921875,0.611328125,0.587890625,0.0234375,0.09375,0.6774193548387096
full_primitive_action_effect,0,scene_mean_effect,0.41768527030944824,0.46922945976257324,39.986328125,0.8174856086212536,0.4669377962163518,-2.1067393372103616,-0.06267759948968887,-0.6337966322898865,0.01400661375373602,0.29740518962075846,0.12574850299401197,0.197265625,0.658203125,0.638671875,0.01953125,0.087890625,0.6451612903225806
full_primitive_action_effect,1,full_effect_swap,0.44452300667762756,0.4423917233943939,32.73828125,0.7964460470715463,0.43670785500007003,-1.937081021171641,-0.0173101257532835,-0.5142269134521484,0.07168484479188919,0.3932135728542914,0.14171656686626746,0.2109375,0.64453125,0.60546875,0.0390625,0.1171875,0.6451612903225806
full_primitive_action_effect,1,actor_only_swap,0.4751273989677429,0.41178733110427856,27.0546875,0.8338437164136261,0.49016262148196793,-1.8241001043489393,0.0,-0.2760336697101593,0.20560277998447418,0.469061876247505,0.18962075848303392,0.177734375,0.60546875,0.57421875,0.03125,0.111328125,0.5161290322580645
full_primitive_action_effect,1,static_only_swap,0.4527832865715027,0.4341314435005188,31.0859375,0.8254400858031024,0.4771569779379459,-1.8732822445598143,-0.010097240097820759,-0.45997321605682373,0.10024422407150269,0.4111776447105788,0.1497005988023952,0.185546875,0.65625,0.62109375,0.03515625,0.091796875,0.6129032258064516
full_primitive_action_effect,1,scene_mean_effect,0.4574723243713379,0.429442435503006,33.314453125,0.83806655970948,0.49519104694924254,-1.5779355411044138,-0.03047271817922592,-0.3780064880847931,0.2918698787689209,0.36926147704590817,0.19760479041916168,0.193359375,0.615234375,0.59375,0.021484375,0.09375,0.6774193548387096
full_primitive_action_effect,2,full_effect_swap,0.44421714544296265,0.44269755482673645,33.576171875,0.7880641120068713,0.4244074346185887,-1.9209035266686985,-0.016279075294733047,-0.49451005458831787,0.083785779774189,0.3912175648702595,0.14570858283433133,0.216796875,0.638671875,0.60546875,0.033203125,0.107421875,0.6129032258064516
full_primitive_action_effect,2,actor_only_swap,0.46531516313552856,0.4215995669364929,28.546875,0.8328648578886118,0.4890588329669675,-1.978303777662751,0.0,-0.31413957476615906,0.20610277354717255,0.4630738522954092,0.17564870259481039,0.1796875,0.62890625,0.599609375,0.029296875,0.11328125,0.6451612903225806
full_primitive_action_effect,2,static_only_swap,0.46237054467201233,0.42454415559768677,30.4453125,0.8197245889528506,0.4690476239710264,-1.736907284235012,-0.00037446271744556725,-0.29480013251304626,0.08768398314714432,0.4231536926147705,0.13373253493013973,0.1796875,0.63671875,0.603515625,0.033203125,0.091796875,0.5806451612903226
full_primitive_action_effect,2,scene_mean_effect,0.4387412369251251,0.44817349314689636,35.419921875,0.835252146746447,0.49140564233925277,-2.1575929051798517,-0.0381530225276947,-0.40438181161880493,0.12836794555187225,0.3772455089820359,0.1596806387225549,0.1875,0.65234375,0.625,0.02734375,0.08203125,0.7419354838709677
