scene_token,factor,available,mismatch_rate,max_absolute_error,mean_absolute_error
0fcede1cbfb15faa,NC,True,0.0,0.0,0.0
0fcede1cbfb15faa,DAC,True,0.0,0.0,0.0
0fcede1cbfb15faa,DDC,True,0.0,0.0,0.0
0fcede1cbfb15faa,EP,True,0.04296875,0.9123137593269348,0.031505286693573
0fcede1cbfb15faa,TTC,True,0.0,0.0,0.0
0fcede1cbfb15faa,Comfort,True,0.0,0.0,0.0
281f6ff8ed715256,NC,True,0.0,0.0,0.0
281f6ff8ed715256,DAC,True,0.0,0.0,0.0
281f6ff8ed715256,DDC,True,0.0,0.0,0.0
281f6ff8ed715256,EP,True,0.0,0.0,0.0
281f6ff8ed715256,TTC,True,0.0,0.0,0.0
281f6ff8ed715256,Comfort,True,0.0,0.0,0.0
41f1d3b5067d58c1,NC,True,0.0,0.0,0.0
41f1d3b5067d58c1,DAC,True,0.0,0.0,0.0
41f1d3b5067d58c1,DDC,True,0.0,0.0,0.0
41f1d3b5067d58c1,EP,True,0.0,0.0,0.0
41f1d3b5067d58c1,TTC,True,0.0,0.0,0.0
41f1d3b5067d58c1,Comfort,True,0.0,0.0,0.0
70df39aae7b05204,NC,True,0.0,0.0,0.0
70df39aae7b05204,DAC,True,0.0,0.0,0.0
70df39aae7b05204,DDC,True,0.0,0.0,0.0
70df39aae7b05204,EP,True,0.0,0.0,0.0
70df39aae7b05204,TTC,True,0.0,0.0,0.0
70df39aae7b05204,Comfort,True,0.0,0.0,0.0
3cf7edf4ad015849,NC,True,0.0,0.0,0.0
3cf7edf4ad015849,DAC,True,0.0,0.0,0.0
3cf7edf4ad015849,DDC,True,0.0,0.0,0.0
3cf7edf4ad015849,EP,True,0.0,0.0,0.0
3cf7edf4ad015849,TTC,True,0.0,0.0,0.0
3cf7edf4ad015849,Comfort,True,0.0,0.0,0.0
745730128823551b,NC,True,0.0,0.0,0.0
745730128823551b,DAC,True,0.0,0.0,0.0
745730128823551b,DDC,True,0.0,0.0,0.0
745730128823551b,EP,True,0.0,0.0,0.0
745730128823551b,TTC,True,0.0,0.0,0.0
745730128823551b,Comfort,True,0.0,0.0,0.0
d7893388397e5076,NC,True,0.0,0.0,0.0
d7893388397e5076,DAC,True,0.0,0.0,0.0
d7893388397e5076,DDC,True,0.0,0.0,0.0
d7893388397e5076,EP,True,0.0,0.0,0.0
d7893388397e5076,TTC,True,0.0,0.0,0.0
d7893388397e5076,Comfort,True,0.0,0.0,0.0
73f471f62fe75774,NC,True,0.0,0.0,0.0
73f471f62fe75774,DAC,True,0.0,0.0,0.0
73f471f62fe75774,DDC,True,0.0,0.0,0.0
73f471f62fe75774,EP,True,0.0,0.0,0.0
73f471f62fe75774,TTC,True,0.0,0.0,0.0
73f471f62fe75774,Comfort,True,0.0,0.0,0.0
4db513bb187a5415,NC,True,0.0,0.0,0.0
4db513bb187a5415,DAC,True,0.0,0.0,0.0
4db513bb187a5415,DDC,True,0.0,0.0,0.0
4db513bb187a5415,EP,True,0.0,0.0,0.0
4db513bb187a5415,TTC,True,0.0,0.0,0.0
4db513bb187a5415,Comfort,True,0.0,0.0,0.0
0819aa49423b5fac,NC,True,0.0,0.0,0.0
0819aa49423b5fac,DAC,True,0.0,0.0,0.0
0819aa49423b5fac,DDC,True,0.0,0.0,0.0
0819aa49423b5fac,EP,True,0.0,0.0,0.0
0819aa49423b5fac,TTC,True,0.0,0.0,0.0
0819aa49423b5fac,Comfort,True,0.0,0.0,0.0
52d0647193455c3b,NC,True,0.0,0.0,0.0
52d0647193455c3b,DAC,True,0.0,0.0,0.0
52d0647193455c3b,DDC,True,0.0,0.0,0.0
52d0647193455c3b,EP,True,0.0,0.0,0.0
52d0647193455c3b,TTC,True,0.0,0.0,0.0
52d0647193455c3b,Comfort,True,0.0,0.0,0.0
8b340e8afb3952b4,NC,True,0.0,0.0,0.0
8b340e8afb3952b4,DAC,True,0.0,0.0,0.0
8b340e8afb3952b4,DDC,True,0.0,0.0,0.0
8b340e8afb3952b4,EP,True,0.0,0.0,0.0
8b340e8afb3952b4,TTC,True,0.0,0.0,0.0
8b340e8afb3952b4,Comfort,True,0.0,0.0,0.0
c6cd57d4069b55bb,NC,True,0.0,0.0,0.0
c6cd57d4069b55bb,DAC,True,0.0,0.0,0.0
c6cd57d4069b55bb,DDC,True,0.0,0.0,0.0
c6cd57d4069b55bb,EP,True,0.0,0.0,0.0
c6cd57d4069b55bb,TTC,True,0.0,0.0,0.0
c6cd57d4069b55bb,Comfort,True,0.0,0.0,0.0
b0a23da019fb5995,NC,True,0.0,0.0,0.0
b0a23da019fb5995,DAC,True,0.0,0.0,0.0
b0a23da019fb5995,DDC,True,0.0,0.0,0.0
b0a23da019fb5995,EP,True,0.0,0.0,0.0
b0a23da019fb5995,TTC,True,0.0,0.0,0.0
b0a23da019fb5995,Comfort,True,0.0,0.0,0.0
7e0967010e545f55,NC,True,0.0,0.0,0.0
7e0967010e545f55,DAC,True,0.0,0.0,0.0
7e0967010e545f55,DDC,True,0.0,0.0,0.0
7e0967010e545f55,EP,True,0.0,0.0,0.0
7e0967010e545f55,TTC,True,0.0,0.0,0.0
7e0967010e545f55,Comfort,True,0.0,0.0,0.0
d618facbff6b5c43,NC,True,0.0,0.0,0.0
d618facbff6b5c43,DAC,True,0.0,0.0,0.0
d618facbff6b5c43,DDC,True,0.0,0.0,0.0
d618facbff6b5c43,EP,True,0.0,1.4901161193847656e-08,5.820766091346741e-11
d618facbff6b5c43,TTC,True,0.0,0.0,0.0
d618facbff6b5c43,Comfort,True,0.0,0.0,0.0
cb3426c1eef252ef,NC,True,0.0,0.0,0.0
cb3426c1eef252ef,DAC,True,0.0,0.0,0.0
cb3426c1eef252ef,DDC,True,0.0,0.0,0.0
cb3426c1eef252ef,EP,True,0.0,0.0,0.0
cb3426c1eef252ef,TTC,True,0.0,0.0,0.0
cb3426c1eef252ef,Comfort,True,0.0,0.0,0.0
99cd9388b8fa5c6c,NC,True,0.0,0.0,0.0
99cd9388b8fa5c6c,DAC,True,0.0,0.0,0.0
99cd9388b8fa5c6c,DDC,True,0.0,0.0,0.0
99cd9388b8fa5c6c,EP,True,0.0,0.0,0.0
99cd9388b8fa5c6c,TTC,True,0.0,0.0,0.0
99cd9388b8fa5c6c,Comfort,True,0.0,0.0,0.0
256071d2206d5fa3,NC,True,0.0,0.0,0.0
256071d2206d5fa3,DAC,True,0.0,0.0,0.0
256071d2206d5fa3,DDC,True,0.0,0.0,0.0
256071d2206d5fa3,EP,True,0.0,0.0,0.0
256071d2206d5fa3,TTC,True,0.0,0.0,0.0
256071d2206d5fa3,Comfort,True,0.0,0.0,0.0
34dd5725878653e6,NC,True,0.0,0.0,0.0
34dd5725878653e6,DAC,True,0.0,0.0,0.0
34dd5725878653e6,DDC,True,0.0,0.0,0.0
34dd5725878653e6,EP,True,0.0,0.0,0.0
34dd5725878653e6,TTC,True,0.0,0.0,0.0
34dd5725878653e6,Comfort,True,0.0,0.0,0.0
f9b5f561efb9534f,NC,True,0.0,0.0,0.0
f9b5f561efb9534f,DAC,True,0.0,0.0,0.0
f9b5f561efb9534f,DDC,True,0.0,0.0,0.0
f9b5f561efb9534f,EP,True,0.0,0.0,0.0
f9b5f561efb9534f,TTC,True,0.0,0.0,0.0
f9b5f561efb9534f,Comfort,True,0.0,0.0,0.0
97800c7b1d275d71,NC,True,0.0,0.0,0.0
97800c7b1d275d71,DAC,True,0.0,0.0,0.0
97800c7b1d275d71,DDC,True,0.0,0.0,0.0
97800c7b1d275d71,EP,True,0.0,0.0,0.0
97800c7b1d275d71,TTC,True,0.0,0.0,0.0
97800c7b1d275d71,Comfort,True,0.0,0.0,0.0
699592e2d3cd5296,NC,True,0.0,0.0,0.0
699592e2d3cd5296,DAC,True,0.0,0.0,0.0
699592e2d3cd5296,DDC,True,0.0,0.0,0.0
699592e2d3cd5296,EP,True,0.0,0.0,0.0
699592e2d3cd5296,TTC,True,0.0,0.0,0.0
699592e2d3cd5296,Comfort,True,0.0,0.0,0.0
94215378168859e5,NC,True,0.0,0.0,0.0
94215378168859e5,DAC,True,0.0,0.0,0.0
94215378168859e5,DDC,True,0.0,0.0,0.0
94215378168859e5,EP,True,0.0,0.0,0.0
94215378168859e5,TTC,True,0.0,0.0,0.0
94215378168859e5,Comfort,True,0.0,0.0,0.0
995ba078befa55c8,NC,True,0.0,0.0,0.0
995ba078befa55c8,DAC,True,0.0,0.0,0.0
995ba078befa55c8,DDC,True,0.0,0.0,0.0
995ba078befa55c8,EP,True,0.0,0.0,0.0
995ba078befa55c8,TTC,True,0.0,0.0,0.0
995ba078befa55c8,Comfort,True,0.0,0.0,0.0
a2427ec82b7e530d,NC,True,0.0,0.0,0.0
a2427ec82b7e530d,DAC,True,0.0,0.0,0.0
a2427ec82b7e530d,DDC,True,0.0,0.0,0.0
a2427ec82b7e530d,EP,True,0.0,0.0,0.0
a2427ec82b7e530d,TTC,True,0.0,0.0,0.0
a2427ec82b7e530d,Comfort,True,0.0,0.0,0.0
24203499007050ee,NC,True,0.0,0.0,0.0
24203499007050ee,DAC,True,0.0,0.0,0.0
24203499007050ee,DDC,True,0.0,0.0,0.0
24203499007050ee,EP,True,0.0,0.0,0.0
24203499007050ee,TTC,True,0.0,0.0,0.0
24203499007050ee,Comfort,True,0.0,0.0,0.0
96198b6e9db0567b,NC,True,0.0,0.0,0.0
96198b6e9db0567b,DAC,True,0.0,0.0,0.0
96198b6e9db0567b,DDC,True,0.0,0.0,0.0
96198b6e9db0567b,EP,True,0.0,0.0,0.0
96198b6e9db0567b,TTC,True,0.0,0.0,0.0
96198b6e9db0567b,Comfort,True,0.0,0.0,0.0
c6235a9a05d05d4c,NC,True,0.0,0.0,0.0
c6235a9a05d05d4c,DAC,True,0.0,0.0,0.0
c6235a9a05d05d4c,DDC,True,0.0,0.0,0.0
c6235a9a05d05d4c,EP,True,0.0,0.0,0.0
c6235a9a05d05d4c,TTC,True,0.0,0.0,0.0
c6235a9a05d05d4c,Comfort,True,0.0,0.0,0.0
979955df3e6a5131,NC,True,0.0,0.0,0.0
979955df3e6a5131,DAC,True,0.0,0.0,0.0
979955df3e6a5131,DDC,True,0.0,0.0,0.0
979955df3e6a5131,EP,True,0.0,0.0,0.0
979955df3e6a5131,TTC,True,0.0,0.0,0.0
979955df3e6a5131,Comfort,True,0.0,0.0,0.0
91ae4404692c5166,NC,True,0.0,0.0,0.0
91ae4404692c5166,DAC,True,0.0,0.0,0.0
91ae4404692c5166,DDC,True,0.0,0.0,0.0
91ae4404692c5166,EP,True,0.0,0.0,0.0
91ae4404692c5166,TTC,True,0.0,0.0,0.0
91ae4404692c5166,Comfort,True,0.0,0.0,0.0
0c79d5f4a49b595d,NC,True,0.0,0.0,0.0
0c79d5f4a49b595d,DAC,True,0.0,0.0,0.0
0c79d5f4a49b595d,DDC,True,0.0,0.0,0.0
0c79d5f4a49b595d,EP,True,0.0,0.0,0.0
0c79d5f4a49b595d,TTC,True,0.0,0.0,0.0
0c79d5f4a49b595d,Comfort,True,0.0,0.0,0.0
9b00fd18deb8579f,NC,True,0.0,0.0,0.0
9b00fd18deb8579f,DAC,True,0.0,0.0,0.0
9b00fd18deb8579f,DDC,True,0.0,0.0,0.0
9b00fd18deb8579f,EP,True,0.0,0.0,0.0
9b00fd18deb8579f,TTC,True,0.0,0.0,0.0
9b00fd18deb8579f,Comfort,True,0.0,0.0,0.0
fff54430109e5305,NC,True,0.0,0.0,0.0
fff54430109e5305,DAC,True,0.0,0.0,0.0
fff54430109e5305,DDC,True,0.0,0.0,0.0
fff54430109e5305,EP,True,0.0,0.0,0.0
fff54430109e5305,TTC,True,0.0,0.0,0.0
fff54430109e5305,Comfort,True,0.0,0.0,0.0
34aba21d96705566,NC,True,0.0,0.0,0.0
34aba21d96705566,DAC,True,0.0,0.0,0.0
34aba21d96705566,DDC,True,0.0,0.0,0.0
34aba21d96705566,EP,True,0.0,0.0,0.0
34aba21d96705566,TTC,True,0.0,0.0,0.0
34aba21d96705566,Comfort,True,0.0,0.0,0.0
a9308cce41df5067,NC,True,0.0,0.0,0.0
a9308cce41df5067,DAC,True,0.0,0.0,0.0
a9308cce41df5067,DDC,True,0.0,0.0,0.0
a9308cce41df5067,EP,True,0.0,0.0,0.0
a9308cce41df5067,TTC,True,0.0,0.0,0.0
a9308cce41df5067,Comfort,True,0.0,0.0,0.0
9d9c8dd5186752d8,NC,True,0.0,0.0,0.0
9d9c8dd5186752d8,DAC,True,0.0,0.0,0.0
9d9c8dd5186752d8,DDC,True,0.0,0.0,0.0
9d9c8dd5186752d8,EP,True,0.0,0.0,0.0
9d9c8dd5186752d8,TTC,True,0.0,0.0,0.0
9d9c8dd5186752d8,Comfort,True,0.0,0.0,0.0
759d491519db59cb,NC,True,0.0,0.0,0.0
759d491519db59cb,DAC,True,0.0,0.0,0.0
759d491519db59cb,DDC,True,0.0,0.0,0.0
759d491519db59cb,EP,True,0.0,0.0,0.0
759d491519db59cb,TTC,True,0.0,0.0,0.0
759d491519db59cb,Comfort,True,0.0,0.0,0.0
e3e71391914b5fae,NC,True,0.0,0.0,0.0
e3e71391914b5fae,DAC,True,0.0,0.0,0.0
e3e71391914b5fae,DDC,True,0.0,0.0,0.0
e3e71391914b5fae,EP,True,0.0,0.0,0.0
e3e71391914b5fae,TTC,True,0.0,0.0,0.0
e3e71391914b5fae,Comfort,True,0.0,0.0,0.0
d17f73f9c9035c25,NC,True,0.0,0.0,0.0
d17f73f9c9035c25,DAC,True,0.0,0.0,0.0
d17f73f9c9035c25,DDC,True,0.0,0.0,0.0
d17f73f9c9035c25,EP,True,0.0,0.0,0.0
d17f73f9c9035c25,TTC,True,0.0,0.0,0.0
d17f73f9c9035c25,Comfort,True,0.0,0.0,0.0
cc548021d7fe530b,NC,True,0.0,0.0,0.0
cc548021d7fe530b,DAC,True,0.0,0.0,0.0
cc548021d7fe530b,DDC,True,0.0,0.0,0.0
cc548021d7fe530b,EP,True,0.0,0.0,0.0
cc548021d7fe530b,TTC,True,0.0,0.0,0.0
cc548021d7fe530b,Comfort,True,0.0,0.0,0.0
ad1362d10257509a,NC,True,0.0,0.0,0.0
ad1362d10257509a,DAC,True,0.0,0.0,0.0
ad1362d10257509a,DDC,True,0.0,0.0,0.0
ad1362d10257509a,EP,True,0.0,0.0,0.0
ad1362d10257509a,TTC,True,0.0,0.0,0.0
ad1362d10257509a,Comfort,True,0.0,0.0,0.0
3478868e7fb151f0,NC,True,0.0,0.0,0.0
3478868e7fb151f0,DAC,True,0.0,0.0,0.0
3478868e7fb151f0,DDC,True,0.0,0.0,0.0
3478868e7fb151f0,EP,True,0.0,0.0,0.0
3478868e7fb151f0,TTC,True,0.0,0.0,0.0
3478868e7fb151f0,Comfort,True,0.0,0.0,0.0
5c198e61e2315a86,NC,True,0.0,0.0,0.0
5c198e61e2315a86,DAC,True,0.0,0.0,0.0
5c198e61e2315a86,DDC,True,0.0,0.0,0.0
5c198e61e2315a86,EP,True,0.0,0.0,0.0
5c198e61e2315a86,TTC,True,0.0,0.0,0.0
5c198e61e2315a86,Comfort,True,0.0,0.0,0.0
159d25d7826d5fc6,NC,True,0.0,0.0,0.0
159d25d7826d5fc6,DAC,True,0.0,0.0,0.0
159d25d7826d5fc6,DDC,True,0.0,0.0,0.0
159d25d7826d5fc6,EP,True,0.0,0.0,0.0
159d25d7826d5fc6,TTC,True,0.0,0.0,0.0
159d25d7826d5fc6,Comfort,True,0.0,0.0,0.0
5f6c5d275fdf5d1d,NC,True,0.0,0.0,0.0
5f6c5d275fdf5d1d,DAC,True,0.0,0.0,0.0
5f6c5d275fdf5d1d,DDC,True,0.0,0.0,0.0
5f6c5d275fdf5d1d,EP,True,0.0,0.0,0.0
5f6c5d275fdf5d1d,TTC,True,0.0,0.0,0.0
5f6c5d275fdf5d1d,Comfort,True,0.0,0.0,0.0
2e6da2a8c5035f9e,NC,True,0.0,0.0,0.0
2e6da2a8c5035f9e,DAC,True,0.0,0.0,0.0
2e6da2a8c5035f9e,DDC,True,0.0,0.0,0.0
2e6da2a8c5035f9e,EP,True,0.0,0.0,0.0
2e6da2a8c5035f9e,TTC,True,0.0,0.0,0.0
2e6da2a8c5035f9e,Comfort,True,0.0,0.0,0.0
50f7ee81590d54f6,NC,True,0.0,0.0,0.0
50f7ee81590d54f6,DAC,True,0.0,0.0,0.0
50f7ee81590d54f6,DDC,True,0.0,0.0,0.0
50f7ee81590d54f6,EP,True,0.0,0.0,0.0
50f7ee81590d54f6,TTC,True,0.0,0.0,0.0
50f7ee81590d54f6,Comfort,True,0.0,0.0,0.0
9f0563249bb25571,NC,True,0.0,0.0,0.0
9f0563249bb25571,DAC,True,0.0,0.0,0.0
9f0563249bb25571,DDC,True,0.0,0.0,0.0
9f0563249bb25571,EP,True,0.0,0.0,0.0
9f0563249bb25571,TTC,True,0.0,0.0,0.0
9f0563249bb25571,Comfort,True,0.0,0.0,0.0
db9b0b1ea1bd5e0c,NC,True,0.0,0.0,0.0
db9b0b1ea1bd5e0c,DAC,True,0.0,0.0,0.0
db9b0b1ea1bd5e0c,DDC,True,0.0,0.0,0.0
db9b0b1ea1bd5e0c,EP,True,0.0,0.0,0.0
db9b0b1ea1bd5e0c,TTC,True,0.0,0.0,0.0
db9b0b1ea1bd5e0c,Comfort,True,0.0,0.0,0.0
66282414358758cb,NC,True,0.0,0.0,0.0
66282414358758cb,DAC,True,0.0,0.0,0.0
66282414358758cb,DDC,True,0.0,0.0,0.0
66282414358758cb,EP,True,0.0859375,0.9142500162124634,0.0664403885602951
66282414358758cb,TTC,True,0.0,0.0,0.0
66282414358758cb,Comfort,True,0.0,0.0,0.0
5de7ba347cd55625,NC,True,0.0,0.0,0.0
5de7ba347cd55625,DAC,True,0.0,0.0,0.0
5de7ba347cd55625,DDC,True,0.0,0.0,0.0
5de7ba347cd55625,EP,True,0.0,0.0,0.0
5de7ba347cd55625,TTC,True,0.0,0.0,0.0
5de7ba347cd55625,Comfort,True,0.0,0.0,0.0
ab1372a689a95f5d,NC,True,0.0,0.0,0.0
ab1372a689a95f5d,DAC,True,0.0,0.0,0.0
ab1372a689a95f5d,DDC,True,0.0,0.0,0.0
ab1372a689a95f5d,EP,True,0.0,0.0,0.0
ab1372a689a95f5d,TTC,True,0.0,0.0,0.0
ab1372a689a95f5d,Comfort,True,0.0,0.0,0.0
991205fbffb45377,NC,True,0.0,0.0,0.0
991205fbffb45377,DAC,True,0.0,0.0,0.0
991205fbffb45377,DDC,True,0.0,0.0,0.0
991205fbffb45377,EP,True,0.0,0.0,0.0
991205fbffb45377,TTC,True,0.0,0.0,0.0
991205fbffb45377,Comfort,True,0.0,0.0,0.0
134c4724d5d4554f,NC,True,0.0,0.0,0.0
134c4724d5d4554f,DAC,True,0.0,0.0,0.0
134c4724d5d4554f,DDC,True,0.0,0.0,0.0
134c4724d5d4554f,EP,True,0.0,0.0,0.0
134c4724d5d4554f,TTC,True,0.0,0.0,0.0
134c4724d5d4554f,Comfort,True,0.0,0.0,0.0
e7d60afdb345569f,NC,True,0.0,0.0,0.0
e7d60afdb345569f,DAC,True,0.0,0.0,0.0
e7d60afdb345569f,DDC,True,0.0,0.0,0.0
e7d60afdb345569f,EP,True,0.0,0.0,0.0
e7d60afdb345569f,TTC,True,0.0,0.0,0.0
e7d60afdb345569f,Comfort,True,0.0,0.0,0.0
e959fc4a3b1850a1,NC,True,0.0,0.0,0.0
e959fc4a3b1850a1,DAC,True,0.0,0.0,0.0
e959fc4a3b1850a1,DDC,True,0.0,0.0,0.0
e959fc4a3b1850a1,EP,True,0.0,0.0,0.0
e959fc4a3b1850a1,TTC,True,0.0,0.0,0.0
e959fc4a3b1850a1,Comfort,True,0.0,0.0,0.0
0ecfe15430645c39,NC,True,0.0,0.0,0.0
0ecfe15430645c39,DAC,True,0.0,0.0,0.0
0ecfe15430645c39,DDC,True,0.0,0.0,0.0
0ecfe15430645c39,EP,True,0.0,0.0,0.0
0ecfe15430645c39,TTC,True,0.0,0.0,0.0
0ecfe15430645c39,Comfort,True,0.0,0.0,0.0
98c9258656b35bce,NC,True,0.0,0.0,0.0
98c9258656b35bce,DAC,True,0.0,0.0,0.0
98c9258656b35bce,DDC,True,0.0,0.0,0.0
98c9258656b35bce,EP,True,0.0,0.0,0.0
98c9258656b35bce,TTC,True,0.0,0.0,0.0
98c9258656b35bce,Comfort,True,0.0,0.0,0.0
b50e792b678557fb,NC,True,0.0,0.0,0.0
b50e792b678557fb,DAC,True,0.0,0.0,0.0
b50e792b678557fb,DDC,True,0.0,0.0,0.0
b50e792b678557fb,EP,True,0.0,0.0,0.0
b50e792b678557fb,TTC,True,0.0,0.0,0.0
b50e792b678557fb,Comfort,True,0.0,0.0,0.0
0b2ca477901751f8,NC,True,0.0,0.0,0.0
0b2ca477901751f8,DAC,True,0.0,0.0,0.0
0b2ca477901751f8,DDC,True,0.0,0.0,0.0
0b2ca477901751f8,EP,True,0.0,0.0,0.0
0b2ca477901751f8,TTC,True,0.0,0.0,0.0
0b2ca477901751f8,Comfort,True,0.0,0.0,0.0
169eaa9c3b8b5255,NC,True,0.0,0.0,0.0
169eaa9c3b8b5255,DAC,True,0.0,0.0,0.0
169eaa9c3b8b5255,DDC,True,0.0,0.0,0.0
169eaa9c3b8b5255,EP,True,0.0,0.0,0.0
169eaa9c3b8b5255,TTC,True,0.0,0.0,0.0
169eaa9c3b8b5255,Comfort,True,0.0,0.0,0.0
92de464b53b951fa,NC,True,0.0,0.0,0.0
92de464b53b951fa,DAC,True,0.0,0.0,0.0
92de464b53b951fa,DDC,True,0.0,0.0,0.0
92de464b53b951fa,EP,True,0.0,0.0,0.0
92de464b53b951fa,TTC,True,0.0,0.0,0.0
92de464b53b951fa,Comfort,True,0.0,0.0,0.0
7c9552b68a955b75,NC,True,0.0,0.0,0.0
7c9552b68a955b75,DAC,True,0.0,0.0,0.0
7c9552b68a955b75,DDC,True,0.0,0.0,0.0
7c9552b68a955b75,EP,True,0.0,0.0,0.0
7c9552b68a955b75,TTC,True,0.0,0.0,0.0
7c9552b68a955b75,Comfort,True,0.0,0.0,0.0
22847113f7d25b4d,NC,True,0.0,0.0,0.0
22847113f7d25b4d,DAC,True,0.0,0.0,0.0
22847113f7d25b4d,DDC,True,0.0,0.0,0.0
22847113f7d25b4d,EP,True,0.0,0.0,0.0
22847113f7d25b4d,TTC,True,0.0,0.0,0.0
22847113f7d25b4d,Comfort,True,0.0,0.0,0.0
1c7215afa4e557c0,NC,True,0.0,0.0,0.0
1c7215afa4e557c0,DAC,True,0.0,0.0,0.0
1c7215afa4e557c0,DDC,True,0.0,0.0,0.0
1c7215afa4e557c0,EP,True,0.0,0.0,0.0
1c7215afa4e557c0,TTC,True,0.0,0.0,0.0
1c7215afa4e557c0,Comfort,True,0.0,0.0,0.0
09c40477d9365a63,NC,True,0.0,0.0,0.0
09c40477d9365a63,DAC,True,0.0,0.0,0.0
09c40477d9365a63,DDC,True,0.0,0.0,0.0
09c40477d9365a63,EP,True,0.0,0.0,0.0
09c40477d9365a63,TTC,True,0.0,0.0,0.0
09c40477d9365a63,Comfort,True,0.0,0.0,0.0
8a8e5a5932c55cfd,NC,True,0.0,0.0,0.0
8a8e5a5932c55cfd,DAC,True,0.0,0.0,0.0
8a8e5a5932c55cfd,DDC,True,0.0,0.0,0.0
8a8e5a5932c55cfd,EP,True,0.0,0.0,0.0
8a8e5a5932c55cfd,TTC,True,0.0,0.0,0.0
8a8e5a5932c55cfd,Comfort,True,0.0,0.0,0.0
3fc98b0475fe566d,NC,True,0.0,0.0,0.0
3fc98b0475fe566d,DAC,True,0.0,0.0,0.0
3fc98b0475fe566d,DDC,True,0.0,0.0,0.0
3fc98b0475fe566d,EP,True,0.0,0.0,0.0
3fc98b0475fe566d,TTC,True,0.0,0.0,0.0
3fc98b0475fe566d,Comfort,True,0.0,0.0,0.0
52b7a99b30f45c33,NC,True,0.0,0.0,0.0
52b7a99b30f45c33,DAC,True,0.0,0.0,0.0
52b7a99b30f45c33,DDC,True,0.0,0.0,0.0
52b7a99b30f45c33,EP,True,0.0,0.0,0.0
52b7a99b30f45c33,TTC,True,0.0,0.0,0.0
52b7a99b30f45c33,Comfort,True,0.0,0.0,0.0
5fcc941d16ac5711,NC,True,0.0,0.0,0.0
5fcc941d16ac5711,DAC,True,0.0,0.0,0.0
5fcc941d16ac5711,DDC,True,0.0,0.0,0.0
5fcc941d16ac5711,EP,True,0.0,0.0,0.0
5fcc941d16ac5711,TTC,True,0.0,0.0,0.0
5fcc941d16ac5711,Comfort,True,0.0,0.0,0.0
c9f0f9335bfe5e5f,NC,True,0.0,0.0,0.0
c9f0f9335bfe5e5f,DAC,True,0.0,0.0,0.0
c9f0f9335bfe5e5f,DDC,True,0.0,0.0,0.0
c9f0f9335bfe5e5f,EP,True,0.0,0.0,0.0
c9f0f9335bfe5e5f,TTC,True,0.0,0.0,0.0
c9f0f9335bfe5e5f,Comfort,True,0.0,0.0,0.0
165e9078bfaa517b,NC,True,0.0,0.0,0.0
165e9078bfaa517b,DAC,True,0.0,0.0,0.0
165e9078bfaa517b,DDC,True,0.0,0.0,0.0
165e9078bfaa517b,EP,True,0.0,0.0,0.0
165e9078bfaa517b,TTC,True,0.0,0.0,0.0
165e9078bfaa517b,Comfort,True,0.0,0.0,0.0
ed9faccd5d6d5787,NC,True,0.0,0.0,0.0
ed9faccd5d6d5787,DAC,True,0.0,0.0,0.0
ed9faccd5d6d5787,DDC,True,0.0,0.0,0.0
ed9faccd5d6d5787,EP,True,0.0,0.0,0.0
ed9faccd5d6d5787,TTC,True,0.0,0.0,0.0
ed9faccd5d6d5787,Comfort,True,0.0,0.0,0.0
fe7f48961a9c541a,NC,True,0.0,0.0,0.0
fe7f48961a9c541a,DAC,True,0.0,0.0,0.0
fe7f48961a9c541a,DDC,True,0.0,0.0,0.0
fe7f48961a9c541a,EP,True,0.046875,1.0,0.033465735614299774
fe7f48961a9c541a,TTC,True,0.0,0.0,0.0
fe7f48961a9c541a,Comfort,True,0.0,0.0,0.0
a28ed4c1baa15f7f,NC,True,0.0,0.0,0.0
a28ed4c1baa15f7f,DAC,True,0.0,0.0,0.0
a28ed4c1baa15f7f,DDC,True,0.0,0.0,0.0
a28ed4c1baa15f7f,EP,True,0.0,0.0,0.0
a28ed4c1baa15f7f,TTC,True,0.0,0.0,0.0
a28ed4c1baa15f7f,Comfort,True,0.0,0.0,0.0
ad73dffc7d245cca,NC,True,0.0,0.0,0.0
ad73dffc7d245cca,DAC,True,0.0,0.0,0.0
ad73dffc7d245cca,DDC,True,0.0,0.0,0.0
ad73dffc7d245cca,EP,True,0.0,0.0,0.0
ad73dffc7d245cca,TTC,True,0.0,0.0,0.0
ad73dffc7d245cca,Comfort,True,0.0,0.0,0.0
2a2403c9b08b53ac,NC,True,0.0,0.0,0.0
2a2403c9b08b53ac,DAC,True,0.0,0.0,0.0
2a2403c9b08b53ac,DDC,True,0.0,0.0,0.0
2a2403c9b08b53ac,EP,True,0.0,0.0,0.0
2a2403c9b08b53ac,TTC,True,0.0,0.0,0.0
2a2403c9b08b53ac,Comfort,True,0.0,0.0,0.0
b428ddf9aacc554d,NC,True,0.0,0.0,0.0
b428ddf9aacc554d,DAC,True,0.0,0.0,0.0
b428ddf9aacc554d,DDC,True,0.0,0.0,0.0
b428ddf9aacc554d,EP,True,0.0,0.0,0.0
b428ddf9aacc554d,TTC,True,0.0,0.0,0.0
b428ddf9aacc554d,Comfort,True,0.0,0.0,0.0
9a852084f178576b,NC,True,0.0,0.0,0.0
9a852084f178576b,DAC,True,0.0,0.0,0.0
9a852084f178576b,DDC,True,0.0,0.0,0.0
9a852084f178576b,EP,True,0.0,0.0,0.0
9a852084f178576b,TTC,True,0.0,0.0,0.0
9a852084f178576b,Comfort,True,0.0,0.0,0.0
46996c06146455ba,NC,True,0.0,0.0,0.0
46996c06146455ba,DAC,True,0.0,0.0,0.0
46996c06146455ba,DDC,True,0.0,0.0,0.0
46996c06146455ba,EP,True,0.0,0.0,0.0
46996c06146455ba,TTC,True,0.0,0.0,0.0
46996c06146455ba,Comfort,True,0.0,0.0,0.0
16953c5df45d53d0,NC,True,0.0,0.0,0.0
16953c5df45d53d0,DAC,True,0.0,0.0,0.0
16953c5df45d53d0,DDC,True,0.0,0.0,0.0
16953c5df45d53d0,EP,True,0.0,0.0,0.0
16953c5df45d53d0,TTC,True,0.0,0.0,0.0
16953c5df45d53d0,Comfort,True,0.0,0.0,0.0
650adaba4b5f5bd1,NC,True,0.0,0.0,0.0
650adaba4b5f5bd1,DAC,True,0.0,0.0,0.0
650adaba4b5f5bd1,DDC,True,0.0,0.0,0.0
650adaba4b5f5bd1,EP,True,0.0,0.0,0.0
650adaba4b5f5bd1,TTC,True,0.0,0.0,0.0
650adaba4b5f5bd1,Comfort,True,0.0,0.0,0.0
d11e45d665db58dc,NC,True,0.0,0.0,0.0
d11e45d665db58dc,DAC,True,0.0,0.0,0.0
d11e45d665db58dc,DDC,True,0.0,0.0,0.0
d11e45d665db58dc,EP,True,0.0,0.0,0.0
d11e45d665db58dc,TTC,True,0.0,0.0,0.0
d11e45d665db58dc,Comfort,True,0.0,0.0,0.0
eb5138aebadd59b9,NC,True,0.0,0.0,0.0
eb5138aebadd59b9,DAC,True,0.0,0.0,0.0
eb5138aebadd59b9,DDC,True,0.0,0.0,0.0
eb5138aebadd59b9,EP,True,0.0,0.0,0.0
eb5138aebadd59b9,TTC,True,0.0,0.0,0.0
eb5138aebadd59b9,Comfort,True,0.0,0.0,0.0
f259451b59fe5ccb,NC,True,0.0,0.0,0.0
f259451b59fe5ccb,DAC,True,0.0,0.0,0.0
f259451b59fe5ccb,DDC,True,0.0,0.0,0.0
f259451b59fe5ccb,EP,True,0.0,0.0,0.0
f259451b59fe5ccb,TTC,True,0.0,0.0,0.0
f259451b59fe5ccb,Comfort,True,0.0,0.0,0.0
9ad50c235f3b558b,NC,True,0.0,0.0,0.0
9ad50c235f3b558b,DAC,True,0.0,0.0,0.0
9ad50c235f3b558b,DDC,True,0.0,0.0,0.0
9ad50c235f3b558b,EP,True,0.0,0.0,0.0
9ad50c235f3b558b,TTC,True,0.0,0.0,0.0
9ad50c235f3b558b,Comfort,True,0.0,0.0,0.0
3533b2210cfb5826,NC,True,0.0,0.0,0.0
3533b2210cfb5826,DAC,True,0.0,0.0,0.0
3533b2210cfb5826,DDC,True,0.0,0.0,0.0
3533b2210cfb5826,EP,True,0.0,0.0,0.0
3533b2210cfb5826,TTC,True,0.0,0.0,0.0
3533b2210cfb5826,Comfort,True,0.0,0.0,0.0
f06d778ed11c531e,NC,True,0.0,0.0,0.0
f06d778ed11c531e,DAC,True,0.0,0.0,0.0
f06d778ed11c531e,DDC,True,0.0,0.0,0.0
f06d778ed11c531e,EP,True,0.0,0.0,0.0
f06d778ed11c531e,TTC,True,0.0,0.0,0.0
f06d778ed11c531e,Comfort,True,0.0,0.0,0.0
3a4cad8cdc5254f4,NC,True,0.0,0.0,0.0
3a4cad8cdc5254f4,DAC,True,0.0,0.0,0.0
3a4cad8cdc5254f4,DDC,True,0.0,0.0,0.0
3a4cad8cdc5254f4,EP,True,0.0,0.0,0.0
3a4cad8cdc5254f4,TTC,True,0.0,0.0,0.0
3a4cad8cdc5254f4,Comfort,True,0.0,0.0,0.0
de8115f15a0258dc,NC,True,0.0,0.0,0.0
de8115f15a0258dc,DAC,True,0.0,0.0,0.0
de8115f15a0258dc,DDC,True,0.0,0.0,0.0
de8115f15a0258dc,EP,True,0.0,0.0,0.0
de8115f15a0258dc,TTC,True,0.0,0.0,0.0
de8115f15a0258dc,Comfort,True,0.0,0.0,0.0
9e67b6f34f7a56c6,NC,True,0.0,0.0,0.0
9e67b6f34f7a56c6,DAC,True,0.0,0.0,0.0
9e67b6f34f7a56c6,DDC,True,0.0,0.0,0.0
9e67b6f34f7a56c6,EP,True,0.0,0.0,0.0
9e67b6f34f7a56c6,TTC,True,0.0,0.0,0.0
9e67b6f34f7a56c6,Comfort,True,0.0,0.0,0.0
771ee18b296655a7,NC,True,0.0,0.0,0.0
771ee18b296655a7,DAC,True,0.0,0.0,0.0
771ee18b296655a7,DDC,True,0.0,0.0,0.0
771ee18b296655a7,EP,True,0.0,0.0,0.0
771ee18b296655a7,TTC,True,0.0,0.0,0.0
771ee18b296655a7,Comfort,True,0.0,0.0,0.0
b44e552bb4e05ffa,NC,True,0.0,0.0,0.0
b44e552bb4e05ffa,DAC,True,0.0,0.0,0.0
b44e552bb4e05ffa,DDC,True,0.0,0.0,0.0
b44e552bb4e05ffa,EP,True,0.0,0.0,0.0
b44e552bb4e05ffa,TTC,True,0.0,0.0,0.0
b44e552bb4e05ffa,Comfort,True,0.0,0.0,0.0
f43fc1460f385937,NC,True,0.0,0.0,0.0
f43fc1460f385937,DAC,True,0.0,0.0,0.0
f43fc1460f385937,DDC,True,0.0,0.0,0.0
f43fc1460f385937,EP,True,0.0,0.0,0.0
f43fc1460f385937,TTC,True,0.0,0.0,0.0
f43fc1460f385937,Comfort,True,0.0,0.0,0.0
60d20012a2005c4f,NC,True,0.0,0.0,0.0
60d20012a2005c4f,DAC,True,0.0,0.0,0.0
60d20012a2005c4f,DDC,True,0.0,0.0,0.0
60d20012a2005c4f,EP,True,0.0,0.0,0.0
60d20012a2005c4f,TTC,True,0.0,0.0,0.0
60d20012a2005c4f,Comfort,True,0.0,0.0,0.0
1af3172cf7d058c6,NC,True,0.0,0.0,0.0
1af3172cf7d058c6,DAC,True,0.0,0.0,0.0
1af3172cf7d058c6,DDC,True,0.0,0.0,0.0
1af3172cf7d058c6,EP,True,0.0,0.0,0.0
1af3172cf7d058c6,TTC,True,0.0,0.0,0.0
1af3172cf7d058c6,Comfort,True,0.0,0.0,0.0
e9b172e3af515b7f,NC,True,0.0,0.0,0.0
e9b172e3af515b7f,DAC,True,0.0,0.0,0.0
e9b172e3af515b7f,DDC,True,0.0,0.0,0.0
e9b172e3af515b7f,EP,True,0.0,0.0,0.0
e9b172e3af515b7f,TTC,True,0.0,0.0,0.0
e9b172e3af515b7f,Comfort,True,0.0,0.0,0.0
7d442791cf345880,NC,True,0.0,0.0,0.0
7d442791cf345880,DAC,True,0.0,0.0,0.0
7d442791cf345880,DDC,True,0.0,0.0,0.0
7d442791cf345880,EP,True,0.0,0.0,0.0
7d442791cf345880,TTC,True,0.0,0.0,0.0
7d442791cf345880,Comfort,True,0.0,0.0,0.0
21cff006a9565439,NC,True,0.0,0.0,0.0
21cff006a9565439,DAC,True,0.0,0.0,0.0
21cff006a9565439,DDC,True,0.0,0.0,0.0
21cff006a9565439,EP,True,0.0,0.0,0.0
21cff006a9565439,TTC,True,0.0,0.0,0.0
21cff006a9565439,Comfort,True,0.0,0.0,0.0
430349bcb1a25d96,NC,True,0.0,0.0,0.0
430349bcb1a25d96,DAC,True,0.0,0.0,0.0
430349bcb1a25d96,DDC,True,0.0,0.0,0.0
430349bcb1a25d96,EP,True,0.0,0.0,0.0
430349bcb1a25d96,TTC,True,0.0,0.0,0.0
430349bcb1a25d96,Comfort,True,0.0,0.0,0.0
5abad095979e5f65,NC,True,0.0,0.0,0.0
5abad095979e5f65,DAC,True,0.0,0.0,0.0
5abad095979e5f65,DDC,True,0.0,0.0,0.0
5abad095979e5f65,EP,True,0.0,0.0,0.0
5abad095979e5f65,TTC,True,0.0,0.0,0.0
5abad095979e5f65,Comfort,True,0.0,0.0,0.0
89db2ae2e1e45b8d,NC,True,0.0,0.0,0.0
89db2ae2e1e45b8d,DAC,True,0.0,0.0,0.0
89db2ae2e1e45b8d,DDC,True,0.0,0.0,0.0
89db2ae2e1e45b8d,EP,True,0.0,0.0,0.0
89db2ae2e1e45b8d,TTC,True,0.0,0.0,0.0
89db2ae2e1e45b8d,Comfort,True,0.0,0.0,0.0
f23ebef8f5605a9d,NC,True,0.0,0.0,0.0
f23ebef8f5605a9d,DAC,True,0.0,0.0,0.0
f23ebef8f5605a9d,DDC,True,0.0,0.0,0.0
f23ebef8f5605a9d,EP,True,0.0,0.0,0.0
f23ebef8f5605a9d,TTC,True,0.0,0.0,0.0
f23ebef8f5605a9d,Comfort,True,0.0,0.0,0.0
1fda201356475674,NC,True,0.0,0.0,0.0
1fda201356475674,DAC,True,0.0,0.0,0.0
1fda201356475674,DDC,True,0.0,0.0,0.0
1fda201356475674,EP,True,0.0,0.0,0.0
1fda201356475674,TTC,True,0.0,0.0,0.0
1fda201356475674,Comfort,True,0.0,0.0,0.0
fdb911f7ddac5466,NC,True,0.0,0.0,0.0
fdb911f7ddac5466,DAC,True,0.0,0.0,0.0
fdb911f7ddac5466,DDC,True,0.0,0.0,0.0
fdb911f7ddac5466,EP,True,0.0,0.0,0.0
fdb911f7ddac5466,TTC,True,0.0,0.0,0.0
fdb911f7ddac5466,Comfort,True,0.0,0.0,0.0
02a1be482e5e5a39,NC,True,0.0,0.0,0.0
02a1be482e5e5a39,DAC,True,0.0,0.0,0.0
02a1be482e5e5a39,DDC,True,0.0,0.0,0.0
02a1be482e5e5a39,EP,True,0.0,0.0,0.0
02a1be482e5e5a39,TTC,True,0.0,0.0,0.0
02a1be482e5e5a39,Comfort,True,0.0,0.0,0.0
a19a65c5bf0c5965,NC,True,0.0,0.0,0.0
a19a65c5bf0c5965,DAC,True,0.0,0.0,0.0
a19a65c5bf0c5965,DDC,True,0.0,0.0,0.0
a19a65c5bf0c5965,EP,True,0.0,0.0,0.0
a19a65c5bf0c5965,TTC,True,0.0,0.0,0.0
a19a65c5bf0c5965,Comfort,True,0.0,0.0,0.0
df33009742fd5aa2,NC,True,0.0,0.0,0.0
df33009742fd5aa2,DAC,True,0.0,0.0,0.0
df33009742fd5aa2,DDC,True,0.0,0.0,0.0
df33009742fd5aa2,EP,True,0.0,0.0,0.0
df33009742fd5aa2,TTC,True,0.0,0.0,0.0
df33009742fd5aa2,Comfort,True,0.0,0.0,0.0
24c08f867914565b,NC,True,0.0,0.0,0.0
24c08f867914565b,DAC,True,0.0,0.0,0.0
24c08f867914565b,DDC,True,0.0,0.0,0.0
24c08f867914565b,EP,True,0.0,0.0,0.0
24c08f867914565b,TTC,True,0.0,0.0,0.0
24c08f867914565b,Comfort,True,0.0,0.0,0.0
998fd116a5365b76,NC,True,0.0,0.0,0.0
998fd116a5365b76,DAC,True,0.0,0.0,0.0
998fd116a5365b76,DDC,True,0.0,0.0,0.0
998fd116a5365b76,EP,True,0.0,0.0,0.0
998fd116a5365b76,TTC,True,0.0,0.0,0.0
998fd116a5365b76,Comfort,True,0.0,0.0,0.0
298d8cefd1715916,NC,True,0.0,0.0,0.0
298d8cefd1715916,DAC,True,0.0,0.0,0.0
298d8cefd1715916,DDC,True,0.0,0.0,0.0
298d8cefd1715916,EP,True,0.0,0.0,0.0
298d8cefd1715916,TTC,True,0.0,0.0,0.0
298d8cefd1715916,Comfort,True,0.0,0.0,0.0
b5319157e1065b06,NC,True,0.0,0.0,0.0
b5319157e1065b06,DAC,True,0.0,0.0,0.0
b5319157e1065b06,DDC,True,0.0,0.0,0.0
b5319157e1065b06,EP,True,0.0,0.0,0.0
b5319157e1065b06,TTC,True,0.0,0.0,0.0
b5319157e1065b06,Comfort,True,0.0,0.0,0.0
9dedf462b1c0528f,NC,True,0.0,0.0,0.0
9dedf462b1c0528f,DAC,True,0.0,0.0,0.0
9dedf462b1c0528f,DDC,True,0.0,0.0,0.0
9dedf462b1c0528f,EP,True,0.0,0.0,0.0
9dedf462b1c0528f,TTC,True,0.0,0.0,0.0
9dedf462b1c0528f,Comfort,True,0.0,0.0,0.0
18ef35c24b2c5c8e,NC,True,0.0,0.0,0.0
18ef35c24b2c5c8e,DAC,True,0.0,0.0,0.0
18ef35c24b2c5c8e,DDC,True,0.0,0.0,0.0
18ef35c24b2c5c8e,EP,True,0.0,0.0,0.0
18ef35c24b2c5c8e,TTC,True,0.0,0.0,0.0
18ef35c24b2c5c8e,Comfort,True,0.0,0.0,0.0
e411175e07665392,NC,True,0.0,0.0,0.0
e411175e07665392,DAC,True,0.0,0.0,0.0
e411175e07665392,DDC,True,0.0,0.0,0.0
e411175e07665392,EP,True,0.0,0.0,0.0
e411175e07665392,TTC,True,0.0,0.0,0.0
e411175e07665392,Comfort,True,0.0,0.0,0.0
8af670cb9c5c55c1,NC,True,0.0,0.0,0.0
8af670cb9c5c55c1,DAC,True,0.0,0.0,0.0
8af670cb9c5c55c1,DDC,True,0.0,0.0,0.0
8af670cb9c5c55c1,EP,True,0.0,0.0,0.0
8af670cb9c5c55c1,TTC,True,0.0,0.0,0.0
8af670cb9c5c55c1,Comfort,True,0.0,0.0,0.0
e45d4e1245835372,NC,True,0.0,0.0,0.0
e45d4e1245835372,DAC,True,0.0,0.0,0.0
e45d4e1245835372,DDC,True,0.0,0.0,0.0
e45d4e1245835372,EP,True,0.0,0.0,0.0
e45d4e1245835372,TTC,True,0.0,0.0,0.0
e45d4e1245835372,Comfort,True,0.0,0.0,0.0
a39639adc33b5cb4,NC,True,0.0,0.0,0.0
a39639adc33b5cb4,DAC,True,0.0,0.0,0.0
a39639adc33b5cb4,DDC,True,0.0,0.0,0.0
a39639adc33b5cb4,EP,True,0.0,0.0,0.0
a39639adc33b5cb4,TTC,True,0.0,0.0,0.0
a39639adc33b5cb4,Comfort,True,0.0,0.0,0.0
41ccc41aa6d95648,NC,True,0.0,0.0,0.0
41ccc41aa6d95648,DAC,True,0.0,0.0,0.0
41ccc41aa6d95648,DDC,True,0.0,0.0,0.0
41ccc41aa6d95648,EP,True,0.0,0.0,0.0
41ccc41aa6d95648,TTC,True,0.0,0.0,0.0
41ccc41aa6d95648,Comfort,True,0.0,0.0,0.0
71769d75a0cd5e6c,NC,True,0.0,0.0,0.0
71769d75a0cd5e6c,DAC,True,0.0,0.0,0.0
71769d75a0cd5e6c,DDC,True,0.0,0.0,0.0
71769d75a0cd5e6c,EP,True,0.0703125,0.9000867605209351,0.03459369018673897
71769d75a0cd5e6c,TTC,True,0.0,0.0,0.0
71769d75a0cd5e6c,Comfort,True,0.0,0.0,0.0
393f663e1fa05ed9,NC,True,0.0,0.0,0.0
393f663e1fa05ed9,DAC,True,0.0,0.0,0.0
393f663e1fa05ed9,DDC,True,0.0,0.0,0.0
393f663e1fa05ed9,EP,True,0.0,0.0,0.0
393f663e1fa05ed9,TTC,True,0.0,0.0,0.0
393f663e1fa05ed9,Comfort,True,0.0,0.0,0.0
b0a901f8ac6c5102,NC,True,0.0,0.0,0.0
b0a901f8ac6c5102,DAC,True,0.0,0.0,0.0
b0a901f8ac6c5102,DDC,True,0.0,0.0,0.0
b0a901f8ac6c5102,EP,True,0.0,0.0,0.0
b0a901f8ac6c5102,TTC,True,0.0,0.0,0.0
b0a901f8ac6c5102,Comfort,True,0.0,0.0,0.0
ac60efafd59d5030,NC,True,0.0,0.0,0.0
ac60efafd59d5030,DAC,True,0.0,0.0,0.0
ac60efafd59d5030,DDC,True,0.0,0.0,0.0
ac60efafd59d5030,EP,True,0.0,0.0,0.0
ac60efafd59d5030,TTC,True,0.0,0.0,0.0
ac60efafd59d5030,Comfort,True,0.0,0.0,0.0
011bf18390365320,NC,True,0.0,0.0,0.0
011bf18390365320,DAC,True,0.0,0.0,0.0
011bf18390365320,DDC,True,0.0,0.0,0.0
011bf18390365320,EP,True,0.05078125,0.8857635259628296,0.024828912690281868
011bf18390365320,TTC,True,0.0,0.0,0.0
011bf18390365320,Comfort,True,0.0,0.0,0.0
1f9bf387b3665b8b,NC,True,0.0,0.0,0.0
1f9bf387b3665b8b,DAC,True,0.0,0.0,0.0
1f9bf387b3665b8b,DDC,True,0.0,0.0,0.0
1f9bf387b3665b8b,EP,True,0.0,0.0,0.0
1f9bf387b3665b8b,TTC,True,0.0,0.0,0.0
1f9bf387b3665b8b,Comfort,True,0.0,0.0,0.0
ffbed38f63fe5687,NC,True,0.0,0.0,0.0
ffbed38f63fe5687,DAC,True,0.0,0.0,0.0
ffbed38f63fe5687,DDC,True,0.0,0.0,0.0
ffbed38f63fe5687,EP,True,0.0,0.0,0.0
ffbed38f63fe5687,TTC,True,0.0,0.0,0.0
ffbed38f63fe5687,Comfort,True,0.0,0.0,0.0
7368daf9b917558c,NC,True,0.0,0.0,0.0
7368daf9b917558c,DAC,True,0.0,0.0,0.0
7368daf9b917558c,DDC,True,0.0,0.0,0.0
7368daf9b917558c,EP,True,0.0,0.0,0.0
7368daf9b917558c,TTC,True,0.0,0.0,0.0
7368daf9b917558c,Comfort,True,0.0,0.0,0.0
5e1686b780be58fb,NC,True,0.0,0.0,0.0
5e1686b780be58fb,DAC,True,0.0,0.0,0.0
5e1686b780be58fb,DDC,True,0.0,0.0,0.0
5e1686b780be58fb,EP,True,0.0,0.0,0.0
5e1686b780be58fb,TTC,True,0.0,0.0,0.0
5e1686b780be58fb,Comfort,True,0.0,0.0,0.0
96afe9fa40265392,NC,True,0.0,0.0,0.0
96afe9fa40265392,DAC,True,0.0,0.0,0.0
96afe9fa40265392,DDC,True,0.0,0.0,0.0
96afe9fa40265392,EP,True,0.0,0.0,0.0
96afe9fa40265392,TTC,True,0.0,0.0,0.0
96afe9fa40265392,Comfort,True,0.0,0.0,0.0
92ff8189fbcd57cc,NC,True,0.0,0.0,0.0
92ff8189fbcd57cc,DAC,True,0.0,0.0,0.0
92ff8189fbcd57cc,DDC,True,0.0,0.0,0.0
92ff8189fbcd57cc,EP,True,0.0,0.0,0.0
92ff8189fbcd57cc,TTC,True,0.0,0.0,0.0
92ff8189fbcd57cc,Comfort,True,0.0,0.0,0.0
3ecf2b9afa505c51,NC,True,0.0,0.0,0.0
3ecf2b9afa505c51,DAC,True,0.0,0.0,0.0
3ecf2b9afa505c51,DDC,True,0.0,0.0,0.0
3ecf2b9afa505c51,EP,True,0.0,0.0,0.0
3ecf2b9afa505c51,TTC,True,0.0,0.0,0.0
3ecf2b9afa505c51,Comfort,True,0.0,0.0,0.0
ce1800c04ada5319,NC,True,0.0,0.0,0.0
ce1800c04ada5319,DAC,True,0.0,0.0,0.0
ce1800c04ada5319,DDC,True,0.0,0.0,0.0
ce1800c04ada5319,EP,True,0.0,0.0,0.0
ce1800c04ada5319,TTC,True,0.0,0.0,0.0
ce1800c04ada5319,Comfort,True,0.0,0.0,0.0
c98a40676c385a1b,NC,True,0.0,0.0,0.0
c98a40676c385a1b,DAC,True,0.0,0.0,0.0
c98a40676c385a1b,DDC,True,0.0,0.0,0.0
c98a40676c385a1b,EP,True,0.0,0.0,0.0
c98a40676c385a1b,TTC,True,0.0,0.0,0.0
c98a40676c385a1b,Comfort,True,0.0,0.0,0.0
2138334754ce51bd,NC,True,0.0,0.0,0.0
2138334754ce51bd,DAC,True,0.0,0.0,0.0
2138334754ce51bd,DDC,True,0.0,0.0,0.0
2138334754ce51bd,EP,True,0.0,0.0,0.0
2138334754ce51bd,TTC,True,0.0,0.0,0.0
2138334754ce51bd,Comfort,True,0.0,0.0,0.0
453a22ec3b3c5b45,NC,True,0.0,0.0,0.0
453a22ec3b3c5b45,DAC,True,0.0,0.0,0.0
453a22ec3b3c5b45,DDC,True,0.0,0.0,0.0
453a22ec3b3c5b45,EP,True,0.0,0.0,0.0
453a22ec3b3c5b45,TTC,True,0.0,0.0,0.0
453a22ec3b3c5b45,Comfort,True,0.0,0.0,0.0
17dc75453e875096,NC,True,0.0,0.0,0.0
17dc75453e875096,DAC,True,0.0,0.0,0.0
17dc75453e875096,DDC,True,0.0,0.0,0.0
17dc75453e875096,EP,True,0.0,0.0,0.0
17dc75453e875096,TTC,True,0.0,0.0,0.0
17dc75453e875096,Comfort,True,0.0,0.0,0.0
cb31499c94365ab2,NC,True,0.0,0.0,0.0
cb31499c94365ab2,DAC,True,0.0,0.0,0.0
cb31499c94365ab2,DDC,True,0.0,0.0,0.0
cb31499c94365ab2,EP,True,0.0,0.0,0.0
cb31499c94365ab2,TTC,True,0.0,0.0,0.0
cb31499c94365ab2,Comfort,True,0.0,0.0,0.0
816835a3404455ed,NC,True,0.0,0.0,0.0
816835a3404455ed,DAC,True,0.0,0.0,0.0
816835a3404455ed,DDC,True,0.0,0.0,0.0
816835a3404455ed,EP,True,0.0,0.0,0.0
816835a3404455ed,TTC,True,0.0,0.0,0.0
816835a3404455ed,Comfort,True,0.0,0.0,0.0
63455f1ef124593d,NC,True,0.0,0.0,0.0
63455f1ef124593d,DAC,True,0.0,0.0,0.0
63455f1ef124593d,DDC,True,0.0,0.0,0.0
63455f1ef124593d,EP,True,0.05078125,0.8469225168228149,0.034635525196790695
63455f1ef124593d,TTC,True,0.0,0.0,0.0
63455f1ef124593d,Comfort,True,0.0,0.0,0.0
a97370099c2a5788,NC,True,0.0,0.0,0.0
a97370099c2a5788,DAC,True,0.0,0.0,0.0
a97370099c2a5788,DDC,True,0.0,0.0,0.0
a97370099c2a5788,EP,True,0.0,0.0,0.0
a97370099c2a5788,TTC,True,0.0,0.0,0.0
a97370099c2a5788,Comfort,True,0.0,0.0,0.0
4024cfec37015bc9,NC,True,0.0,0.0,0.0
4024cfec37015bc9,DAC,True,0.0,0.0,0.0
4024cfec37015bc9,DDC,True,0.0,0.0,0.0
4024cfec37015bc9,EP,True,0.0,0.0,0.0
4024cfec37015bc9,TTC,True,0.0,0.0,0.0
4024cfec37015bc9,Comfort,True,0.0,0.0,0.0
b1253c92df8c569e,NC,True,0.0,0.0,0.0
b1253c92df8c569e,DAC,True,0.0,0.0,0.0
b1253c92df8c569e,DDC,True,0.0,0.0,0.0
b1253c92df8c569e,EP,True,0.0,0.0,0.0
b1253c92df8c569e,TTC,True,0.0,0.0,0.0
b1253c92df8c569e,Comfort,True,0.0,0.0,0.0
e3df5cbe38765879,NC,True,0.0,0.0,0.0
e3df5cbe38765879,DAC,True,0.0,0.0,0.0
e3df5cbe38765879,DDC,True,0.0,0.0,0.0
e3df5cbe38765879,EP,True,0.0,0.0,0.0
e3df5cbe38765879,TTC,True,0.0,0.0,0.0
e3df5cbe38765879,Comfort,True,0.0,0.0,0.0
3a86facf3ce45abd,NC,True,0.0,0.0,0.0
3a86facf3ce45abd,DAC,True,0.0,0.0,0.0
3a86facf3ce45abd,DDC,True,0.0,0.0,0.0
3a86facf3ce45abd,EP,True,0.05078125,0.7795490026473999,0.03281552344560623
3a86facf3ce45abd,TTC,True,0.0,0.0,0.0
3a86facf3ce45abd,Comfort,True,0.0,0.0,0.0
e51b1e738bee531a,NC,True,0.0,0.0,0.0
e51b1e738bee531a,DAC,True,0.0,0.0,0.0
e51b1e738bee531a,DDC,True,0.0,0.0,0.0
e51b1e738bee531a,EP,True,0.0,0.0,0.0
e51b1e738bee531a,TTC,True,0.0,0.0,0.0
e51b1e738bee531a,Comfort,True,0.0,0.0,0.0
e51107ef55c55041,NC,True,0.0,0.0,0.0
e51107ef55c55041,DAC,True,0.0,0.0,0.0
e51107ef55c55041,DDC,True,0.0,0.0,0.0
e51107ef55c55041,EP,True,0.0,0.0,0.0
e51107ef55c55041,TTC,True,0.0,0.0,0.0
e51107ef55c55041,Comfort,True,0.0,0.0,0.0
947dd343ad1c5fa1,NC,True,0.0,0.0,0.0
947dd343ad1c5fa1,DAC,True,0.0,0.0,0.0
947dd343ad1c5fa1,DDC,True,0.0,0.0,0.0
947dd343ad1c5fa1,EP,True,0.0,0.0,0.0
947dd343ad1c5fa1,TTC,True,0.0,0.0,0.0
947dd343ad1c5fa1,Comfort,True,0.0,0.0,0.0
4aee71274a115ea7,NC,True,0.0,0.0,0.0
4aee71274a115ea7,DAC,True,0.0,0.0,0.0
4aee71274a115ea7,DDC,True,0.0,0.0,0.0
4aee71274a115ea7,EP,True,0.0,0.0,0.0
4aee71274a115ea7,TTC,True,0.0,0.0,0.0
4aee71274a115ea7,Comfort,True,0.0,0.0,0.0
b5dc316258cc50fa,NC,True,0.0,0.0,0.0
b5dc316258cc50fa,DAC,True,0.0,0.0,0.0
b5dc316258cc50fa,DDC,True,0.0,0.0,0.0
b5dc316258cc50fa,EP,True,0.0,0.0,0.0
b5dc316258cc50fa,TTC,True,0.0,0.0,0.0
b5dc316258cc50fa,Comfort,True,0.0,0.0,0.0
2441972d09265b96,NC,True,0.0,0.0,0.0
2441972d09265b96,DAC,True,0.0,0.0,0.0
2441972d09265b96,DDC,True,0.0,0.0,0.0
2441972d09265b96,EP,True,0.0,0.0,0.0
2441972d09265b96,TTC,True,0.0,0.0,0.0
2441972d09265b96,Comfort,True,0.0,0.0,0.0
506f938d7bf65360,NC,True,0.0,0.0,0.0
506f938d7bf65360,DAC,True,0.0,0.0,0.0
506f938d7bf65360,DDC,True,0.0,0.0,0.0
506f938d7bf65360,EP,True,0.0,0.0,0.0
506f938d7bf65360,TTC,True,0.0,0.0,0.0
506f938d7bf65360,Comfort,True,0.0,0.0,0.0
bcd120caf43e5db4,NC,True,0.0,0.0,0.0
bcd120caf43e5db4,DAC,True,0.0,0.0,0.0
bcd120caf43e5db4,DDC,True,0.0,0.0,0.0
bcd120caf43e5db4,EP,True,0.0,0.0,0.0
bcd120caf43e5db4,TTC,True,0.0,0.0,0.0
bcd120caf43e5db4,Comfort,True,0.0,0.0,0.0
3e5d686ddaba5b0b,NC,True,0.0,0.0,0.0
3e5d686ddaba5b0b,DAC,True,0.0,0.0,0.0
3e5d686ddaba5b0b,DDC,True,0.0,0.0,0.0
3e5d686ddaba5b0b,EP,True,0.0,0.0,0.0
3e5d686ddaba5b0b,TTC,True,0.0,0.0,0.0
3e5d686ddaba5b0b,Comfort,True,0.0,0.0,0.0
51e2541a8fcb55a6,NC,True,0.0,0.0,0.0
51e2541a8fcb55a6,DAC,True,0.0,0.0,0.0
51e2541a8fcb55a6,DDC,True,0.0,0.0,0.0
51e2541a8fcb55a6,EP,True,0.0,0.0,0.0
51e2541a8fcb55a6,TTC,True,0.0,0.0,0.0
51e2541a8fcb55a6,Comfort,True,0.0,0.0,0.0
5925162aacd05953,NC,True,0.0,0.0,0.0
5925162aacd05953,DAC,True,0.0,0.0,0.0
5925162aacd05953,DDC,True,0.0,0.0,0.0
5925162aacd05953,EP,True,0.0,0.0,0.0
5925162aacd05953,TTC,True,0.0,0.0,0.0
5925162aacd05953,Comfort,True,0.0,0.0,0.0
84e1ac13f33052d5,NC,True,0.0,0.0,0.0
84e1ac13f33052d5,DAC,True,0.0,0.0,0.0
84e1ac13f33052d5,DDC,True,0.0,0.0,0.0
84e1ac13f33052d5,EP,True,0.0,0.0,0.0
84e1ac13f33052d5,TTC,True,0.0,0.0,0.0
84e1ac13f33052d5,Comfort,True,0.0,0.0,0.0
a207b6ca15ea57c9,NC,True,0.0,0.0,0.0
a207b6ca15ea57c9,DAC,True,0.0,0.0,0.0
a207b6ca15ea57c9,DDC,True,0.0,0.0,0.0
a207b6ca15ea57c9,EP,True,0.0,0.0,0.0
a207b6ca15ea57c9,TTC,True,0.0,0.0,0.0
a207b6ca15ea57c9,Comfort,True,0.0,0.0,0.0
3173916338cc5b61,NC,True,0.0,0.0,0.0
3173916338cc5b61,DAC,True,0.0,0.0,0.0
3173916338cc5b61,DDC,True,0.0,0.0,0.0
3173916338cc5b61,EP,True,0.0,0.0,0.0
3173916338cc5b61,TTC,True,0.0,0.0,0.0
3173916338cc5b61,Comfort,True,0.0,0.0,0.0
73640d9a58175e58,NC,True,0.0,0.0,0.0
73640d9a58175e58,DAC,True,0.0,0.0,0.0
73640d9a58175e58,DDC,True,0.0,0.0,0.0
73640d9a58175e58,EP,True,0.0,0.0,0.0
73640d9a58175e58,TTC,True,0.0,0.0,0.0
73640d9a58175e58,Comfort,True,0.0,0.0,0.0
2ff11b20bbed5152,NC,True,0.0,0.0,0.0
2ff11b20bbed5152,DAC,True,0.0,0.0,0.0
2ff11b20bbed5152,DDC,True,0.0,0.0,0.0
2ff11b20bbed5152,EP,True,0.01953125,0.6450929641723633,0.011586974374949932
2ff11b20bbed5152,TTC,True,0.0,0.0,0.0
2ff11b20bbed5152,Comfort,True,0.0,0.0,0.0
f83faebac60954f3,NC,True,0.0,0.0,0.0
f83faebac60954f3,DAC,True,0.0,0.0,0.0
f83faebac60954f3,DDC,True,0.0,0.0,0.0
f83faebac60954f3,EP,True,0.0,0.0,0.0
f83faebac60954f3,TTC,True,0.0,0.0,0.0
f83faebac60954f3,Comfort,True,0.0,0.0,0.0
a04b244fbc6d5ccd,NC,True,0.0,0.0,0.0
a04b244fbc6d5ccd,DAC,True,0.0,0.0,0.0
a04b244fbc6d5ccd,DDC,True,0.0,0.0,0.0
a04b244fbc6d5ccd,EP,True,0.0,0.0,0.0
a04b244fbc6d5ccd,TTC,True,0.0,0.0,0.0
a04b244fbc6d5ccd,Comfort,True,0.0,0.0,0.0
32383097eb815432,NC,True,0.0,0.0,0.0
32383097eb815432,DAC,True,0.0,0.0,0.0
32383097eb815432,DDC,True,0.0,0.0,0.0
32383097eb815432,EP,True,0.0,0.0,0.0
32383097eb815432,TTC,True,0.0,0.0,0.0
32383097eb815432,Comfort,True,0.0,0.0,0.0
e073efca74a15fe9,NC,True,0.0,0.0,0.0
e073efca74a15fe9,DAC,True,0.0,0.0,0.0
e073efca74a15fe9,DDC,True,0.0,0.0,0.0
e073efca74a15fe9,EP,True,0.0,0.0,0.0
e073efca74a15fe9,TTC,True,0.0,0.0,0.0
e073efca74a15fe9,Comfort,True,0.0,0.0,0.0
6cff8cc4c3a8520e,NC,True,0.0,0.0,0.0
6cff8cc4c3a8520e,DAC,True,0.0,0.0,0.0
6cff8cc4c3a8520e,DDC,True,0.0,0.0,0.0
6cff8cc4c3a8520e,EP,True,0.0,0.0,0.0
6cff8cc4c3a8520e,TTC,True,0.0,0.0,0.0
6cff8cc4c3a8520e,Comfort,True,0.0,0.0,0.0
9d43ccae54b758c8,NC,True,0.0,0.0,0.0
9d43ccae54b758c8,DAC,True,0.0,0.0,0.0
9d43ccae54b758c8,DDC,True,0.0,0.0,0.0
9d43ccae54b758c8,EP,True,0.0,0.0,0.0
9d43ccae54b758c8,TTC,True,0.0,0.0,0.0
9d43ccae54b758c8,Comfort,True,0.0,0.0,0.0
eedd181f7da95382,NC,True,0.0,0.0,0.0
eedd181f7da95382,DAC,True,0.0,0.0,0.0
eedd181f7da95382,DDC,True,0.0,0.0,0.0
eedd181f7da95382,EP,True,0.0,0.0,0.0
eedd181f7da95382,TTC,True,0.0,0.0,0.0
eedd181f7da95382,Comfort,True,0.0,0.0,0.0
e65699e635e759f4,NC,True,0.0,0.0,0.0
e65699e635e759f4,DAC,True,0.0,0.0,0.0
e65699e635e759f4,DDC,True,0.0,0.0,0.0
e65699e635e759f4,EP,True,0.0,0.0,0.0
e65699e635e759f4,TTC,True,0.0,0.0,0.0
e65699e635e759f4,Comfort,True,0.0,0.0,0.0
ee7fa63de7325a94,NC,True,0.0,0.0,0.0
ee7fa63de7325a94,DAC,True,0.0,0.0,0.0
ee7fa63de7325a94,DDC,True,0.0,0.0,0.0
ee7fa63de7325a94,EP,True,0.0,0.0,0.0
ee7fa63de7325a94,TTC,True,0.0,0.0,0.0
ee7fa63de7325a94,Comfort,True,0.0,0.0,0.0
a1dcb6aa12425ff5,NC,True,0.0,0.0,0.0
a1dcb6aa12425ff5,DAC,True,0.0,0.0,0.0
a1dcb6aa12425ff5,DDC,True,0.0,0.0,0.0
a1dcb6aa12425ff5,EP,True,0.0,0.0,0.0
a1dcb6aa12425ff5,TTC,True,0.0,0.0,0.0
a1dcb6aa12425ff5,Comfort,True,0.0,0.0,0.0
830271bffcaf5813,NC,True,0.0,0.0,0.0
830271bffcaf5813,DAC,True,0.0,0.0,0.0
830271bffcaf5813,DDC,True,0.0,0.0,0.0
830271bffcaf5813,EP,True,0.0,0.0,0.0
830271bffcaf5813,TTC,True,0.0,0.0,0.0
830271bffcaf5813,Comfort,True,0.0,0.0,0.0
c0ff7850e1035c6d,NC,True,0.0,0.0,0.0
c0ff7850e1035c6d,DAC,True,0.0,0.0,0.0
c0ff7850e1035c6d,DDC,True,0.0,0.0,0.0
c0ff7850e1035c6d,EP,True,0.0,0.0,0.0
c0ff7850e1035c6d,TTC,True,0.0,0.0,0.0
c0ff7850e1035c6d,Comfort,True,0.0,0.0,0.0
65d1bfda94a65f69,NC,True,0.0,0.0,0.0
65d1bfda94a65f69,DAC,True,0.0,0.0,0.0
65d1bfda94a65f69,DDC,True,0.0,0.0,0.0
65d1bfda94a65f69,EP,True,0.0,0.0,0.0
65d1bfda94a65f69,TTC,True,0.0,0.0,0.0
65d1bfda94a65f69,Comfort,True,0.0,0.0,0.0
fe9c3d85a86a5858,NC,True,0.0,0.0,0.0
fe9c3d85a86a5858,DAC,True,0.0,0.0,0.0
fe9c3d85a86a5858,DDC,True,0.0,0.0,0.0
fe9c3d85a86a5858,EP,True,0.0,0.0,0.0
fe9c3d85a86a5858,TTC,True,0.0,0.0,0.0
fe9c3d85a86a5858,Comfort,True,0.0,0.0,0.0
d29047dbbfd1579c,NC,True,0.0,0.0,0.0
d29047dbbfd1579c,DAC,True,0.0,0.0,0.0
d29047dbbfd1579c,DDC,True,0.0,0.0,0.0
d29047dbbfd1579c,EP,True,0.0,0.0,0.0
d29047dbbfd1579c,TTC,True,0.0,0.0,0.0
d29047dbbfd1579c,Comfort,True,0.0,0.0,0.0
8919b19c00f853cf,NC,True,0.0,0.0,0.0
8919b19c00f853cf,DAC,True,0.0,0.0,0.0
8919b19c00f853cf,DDC,True,0.0,0.0,0.0
8919b19c00f853cf,EP,True,0.0,0.0,0.0
8919b19c00f853cf,TTC,True,0.0,0.0,0.0
8919b19c00f853cf,Comfort,True,0.0,0.0,0.0
cf560641242357ec,NC,True,0.0,0.0,0.0
cf560641242357ec,DAC,True,0.0,0.0,0.0
cf560641242357ec,DDC,True,0.0,0.0,0.0
cf560641242357ec,EP,True,0.0,0.0,0.0
cf560641242357ec,TTC,True,0.0,0.0,0.0
cf560641242357ec,Comfort,True,0.0,0.0,0.0
eb4694939f605cc4,NC,True,0.0,0.0,0.0
eb4694939f605cc4,DAC,True,0.0,0.0,0.0
eb4694939f605cc4,DDC,True,0.0,0.0,0.0
eb4694939f605cc4,EP,True,0.0,0.0,0.0
eb4694939f605cc4,TTC,True,0.0,0.0,0.0
eb4694939f605cc4,Comfort,True,0.0,0.0,0.0
fc67412be3615e37,NC,True,0.0,0.0,0.0
fc67412be3615e37,DAC,True,0.0,0.0,0.0
fc67412be3615e37,DDC,True,0.0,0.0,0.0
fc67412be3615e37,EP,True,0.0,0.0,0.0
fc67412be3615e37,TTC,True,0.0,0.0,0.0
fc67412be3615e37,Comfort,True,0.0,0.0,0.0
290cae625b0b5642,NC,True,0.0,0.0,0.0
290cae625b0b5642,DAC,True,0.0,0.0,0.0
290cae625b0b5642,DDC,True,0.0,0.0,0.0
290cae625b0b5642,EP,True,0.0,0.0,0.0
290cae625b0b5642,TTC,True,0.0,0.0,0.0
290cae625b0b5642,Comfort,True,0.0,0.0,0.0
3ab1a87a109f5482,NC,True,0.0,0.0,0.0
3ab1a87a109f5482,DAC,True,0.0,0.0,0.0
3ab1a87a109f5482,DDC,True,0.0,0.0,0.0
3ab1a87a109f5482,EP,True,0.0,0.0,0.0
3ab1a87a109f5482,TTC,True,0.0,0.0,0.0
3ab1a87a109f5482,Comfort,True,0.0,0.0,0.0
c2df446a1fbe5486,NC,True,0.0,0.0,0.0
c2df446a1fbe5486,DAC,True,0.0,0.0,0.0
c2df446a1fbe5486,DDC,True,0.0,0.0,0.0
c2df446a1fbe5486,EP,True,0.0,0.0,0.0
c2df446a1fbe5486,TTC,True,0.0,0.0,0.0
c2df446a1fbe5486,Comfort,True,0.0,0.0,0.0
bd41611f25155d0b,NC,True,0.0,0.0,0.0
bd41611f25155d0b,DAC,True,0.0,0.0,0.0
bd41611f25155d0b,DDC,True,0.0,0.0,0.0
bd41611f25155d0b,EP,True,0.0,0.0,0.0
bd41611f25155d0b,TTC,True,0.0,0.0,0.0
bd41611f25155d0b,Comfort,True,0.0,0.0,0.0
1370be1aa2aa5443,NC,True,0.0,0.0,0.0
1370be1aa2aa5443,DAC,True,0.0,0.0,0.0
1370be1aa2aa5443,DDC,True,0.0,0.0,0.0
1370be1aa2aa5443,EP,True,0.0,0.0,0.0
1370be1aa2aa5443,TTC,True,0.0,0.0,0.0
1370be1aa2aa5443,Comfort,True,0.0,0.0,0.0
514ff0d300945035,NC,True,0.0,0.0,0.0
514ff0d300945035,DAC,True,0.0,0.0,0.0
514ff0d300945035,DDC,True,0.0,0.0,0.0
514ff0d300945035,EP,True,0.0,0.0,0.0
514ff0d300945035,TTC,True,0.0,0.0,0.0
514ff0d300945035,Comfort,True,0.0,0.0,0.0
1247f01b468a59c5,NC,True,0.0,0.0,0.0
1247f01b468a59c5,DAC,True,0.0,0.0,0.0
1247f01b468a59c5,DDC,True,0.0,0.0,0.0
1247f01b468a59c5,EP,True,0.0,0.0,0.0
1247f01b468a59c5,TTC,True,0.0,0.0,0.0
1247f01b468a59c5,Comfort,True,0.0,0.0,0.0
ccd610d9764856ad,NC,True,0.0,0.0,0.0
ccd610d9764856ad,DAC,True,0.0,0.0,0.0
ccd610d9764856ad,DDC,True,0.0,0.0,0.0
ccd610d9764856ad,EP,True,0.0,0.0,0.0
ccd610d9764856ad,TTC,True,0.0,0.0,0.0
ccd610d9764856ad,Comfort,True,0.0,0.0,0.0
2b15579fad0f5654,NC,True,0.0,0.0,0.0
2b15579fad0f5654,DAC,True,0.0,0.0,0.0
2b15579fad0f5654,DDC,True,0.0,0.0,0.0
2b15579fad0f5654,EP,True,0.0,0.0,0.0
2b15579fad0f5654,TTC,True,0.0,0.0,0.0
2b15579fad0f5654,Comfort,True,0.0,0.0,0.0
869d5c18896e5fd9,NC,True,0.0,0.0,0.0
869d5c18896e5fd9,DAC,True,0.0,0.0,0.0
869d5c18896e5fd9,DDC,True,0.0,0.0,0.0
869d5c18896e5fd9,EP,True,0.0,0.0,0.0
869d5c18896e5fd9,TTC,True,0.0,0.0,0.0
869d5c18896e5fd9,Comfort,True,0.0,0.0,0.0
fdadd3b57d60524f,NC,True,0.0,0.0,0.0
fdadd3b57d60524f,DAC,True,0.0,0.0,0.0
fdadd3b57d60524f,DDC,True,0.0,0.0,0.0
fdadd3b57d60524f,EP,True,0.05078125,0.8087812662124634,0.032219842076301575
fdadd3b57d60524f,TTC,True,0.0,0.0,0.0
fdadd3b57d60524f,Comfort,True,0.0,0.0,0.0
cc189488899551dc,NC,True,0.0,0.0,0.0
cc189488899551dc,DAC,True,0.0,0.0,0.0
cc189488899551dc,DDC,True,0.0,0.0,0.0
cc189488899551dc,EP,True,0.0,0.0,0.0
cc189488899551dc,TTC,True,0.0,0.0,0.0
cc189488899551dc,Comfort,True,0.0,0.0,0.0
c59a462e40ed5e75,NC,True,0.0,0.0,0.0
c59a462e40ed5e75,DAC,True,0.0,0.0,0.0
c59a462e40ed5e75,DDC,True,0.0,0.0,0.0
c59a462e40ed5e75,EP,True,0.0,0.0,0.0
c59a462e40ed5e75,TTC,True,0.0,0.0,0.0
c59a462e40ed5e75,Comfort,True,0.0,0.0,0.0
34be881e1ef95821,NC,True,0.0,0.0,0.0
34be881e1ef95821,DAC,True,0.0,0.0,0.0
34be881e1ef95821,DDC,True,0.0,0.0,0.0
34be881e1ef95821,EP,True,0.0,0.0,0.0
34be881e1ef95821,TTC,True,0.0,0.0,0.0
34be881e1ef95821,Comfort,True,0.0,0.0,0.0
d414225e45b256e8,NC,True,0.0,0.0,0.0
d414225e45b256e8,DAC,True,0.0,0.0,0.0
d414225e45b256e8,DDC,True,0.0,0.0,0.0
d414225e45b256e8,EP,True,0.0,0.0,0.0
d414225e45b256e8,TTC,True,0.0,0.0,0.0
d414225e45b256e8,Comfort,True,0.0,0.0,0.0
9029978b99715595,NC,True,0.0,0.0,0.0
9029978b99715595,DAC,True,0.0,0.0,0.0
9029978b99715595,DDC,True,0.0,0.0,0.0
9029978b99715595,EP,True,0.0,0.0,0.0
9029978b99715595,TTC,True,0.0,0.0,0.0
9029978b99715595,Comfort,True,0.0,0.0,0.0
2572e13693e554c8,NC,True,0.0,0.0,0.0
2572e13693e554c8,DAC,True,0.0,0.0,0.0
2572e13693e554c8,DDC,True,0.0,0.0,0.0
2572e13693e554c8,EP,True,0.0,0.0,0.0
2572e13693e554c8,TTC,True,0.0,0.0,0.0
2572e13693e554c8,Comfort,True,0.0,0.0,0.0
5a571994989e55b7,NC,True,0.0,0.0,0.0
5a571994989e55b7,DAC,True,0.0,0.0,0.0
5a571994989e55b7,DDC,True,0.0,0.0,0.0
5a571994989e55b7,EP,True,0.0,0.0,0.0
5a571994989e55b7,TTC,True,0.0,0.0,0.0
5a571994989e55b7,Comfort,True,0.0,0.0,0.0
9f9d065b098c5d5d,NC,True,0.0,0.0,0.0
9f9d065b098c5d5d,DAC,True,0.0,0.0,0.0
9f9d065b098c5d5d,DDC,True,0.0,0.0,0.0
9f9d065b098c5d5d,EP,True,0.0,0.0,0.0
9f9d065b098c5d5d,TTC,True,0.0,0.0,0.0
9f9d065b098c5d5d,Comfort,True,0.0,0.0,0.0
d4af771eb71759a3,NC,True,0.0,0.0,0.0
d4af771eb71759a3,DAC,True,0.0,0.0,0.0
d4af771eb71759a3,DDC,True,0.0,0.0,0.0
d4af771eb71759a3,EP,True,0.0,0.0,0.0
d4af771eb71759a3,TTC,True,0.0,0.0,0.0
d4af771eb71759a3,Comfort,True,0.0,0.0,0.0
