scene_token,scene_candidate_index,pdm_score_change,minimum_clearance_change_m,minimum_dynamic_clearance_change_m,dynamic_collision_changed
01ee2001eff25729,0,0.0,0.7501544952392578,3.4109634160995483,False
01ee2001eff25729,2,0.0,0.0,0.0,False
01ee2001eff25729,3,0.0,0.0,0.0,False
01ee2001eff25729,5,0.0,0.0,0.0,False
01ee2001eff25729,6,0.0,0.0,0.0,False
01ee2001eff25729,7,0.0,0.0,0.0,False
01ee2001eff25729,8,0.0,0.0,0.0,False
01ee2001eff25729,9,0.0,0.0,0.0,False
01ee2001eff25729,10,0.0,0.0,0.0,False
01ee2001eff25729,11,0.0,0.0,0.0,False
01ee2001eff25729,12,0.0,0.0,0.0,False
01ee2001eff25729,13,0.0,0.0,0.0,False
01ee2001eff25729,15,0.0,0.0,0.0,False
01ef6b2ef15351ef,0,0.0,-0.44024229049682617,-0.44024229049682617,False
01ef6b2ef15351ef,1,0.0,0.0,0.0,False
01ef6b2ef15351ef,2,0.0,0.0,0.0,False
01ef6b2ef15351ef,3,0.0,0.0,0.0,False
01ef6b2ef15351ef,4,0.0,0.0,0.0,False
01ef6b2ef15351ef,5,0.0,0.0,0.0,False
01ef6b2ef15351ef,6,0.0,0.0,0.0,False
01ef6b2ef15351ef,7,0.0,0.0,0.0,False
01ef6b2ef15351ef,8,0.0,0.0,0.0,False
01ef6b2ef15351ef,9,0.0,0.0,0.0,False
01ef6b2ef15351ef,10,0.0,0.0,0.0,False
01ef6b2ef15351ef,11,0.0,0.0,0.0,False
01ef6b2ef15351ef,12,0.0,0.0,0.0,False
01ef6b2ef15351ef,13,0.0,0.0,0.0,False
01ef6b2ef15351ef,14,0.0,0.0,0.0,False
01ef6b2ef15351ef,15,0.0,0.0,0.0,False
02502e56fdf95e9b,0,-0.9611773664538806,-0.9733457565307617,-2.0748605728149414,True
02502e56fdf95e9b,1,0.0,0.0,0.0,False
02502e56fdf95e9b,2,0.0,0.0,0.0,False
02502e56fdf95e9b,3,0.0,0.0,0.0,False
02502e56fdf95e9b,4,0.0,0.0,0.0,False
02502e56fdf95e9b,5,0.0,0.0,0.0,False
02502e56fdf95e9b,6,0.0,0.0,0.0,False
02502e56fdf95e9b,7,0.0,0.0,0.0,False
02502e56fdf95e9b,8,0.0,0.0,0.0,False
02502e56fdf95e9b,9,0.0,0.0,0.0,False
02502e56fdf95e9b,10,0.0,0.0,0.0,False
02502e56fdf95e9b,11,0.0,0.0,0.0,False
02502e56fdf95e9b,12,0.0,0.0,0.0,False
02502e56fdf95e9b,13,0.0,0.0,0.0,False
02502e56fdf95e9b,14,0.0,0.0,0.0,False
02502e56fdf95e9b,15,0.0,0.0,0.0,False
0293ae7e4571567e,0,0.0,0.0,0.0,False
0293ae7e4571567e,1,0.0,0.0,0.0,False
0293ae7e4571567e,2,0.0,0.0,0.0,False
0293ae7e4571567e,3,0.0,0.0,0.0,False
0293ae7e4571567e,4,0.0,0.0,0.0,False
0293ae7e4571567e,5,0.0,0.0,0.0,False
0293ae7e4571567e,6,0.0,0.0,0.0,False
0293ae7e4571567e,7,0.0,0.0,0.0,False
0293ae7e4571567e,8,0.0,0.0,0.0,False
0293ae7e4571567e,9,0.0,0.0,0.0,False
0293ae7e4571567e,10,0.0,0.0,0.0,False
0293ae7e4571567e,11,0.0,0.0,0.0,False
0293ae7e4571567e,12,0.0,0.0,0.0,False
0293ae7e4571567e,13,0.0,0.0,0.0,False
0293ae7e4571567e,14,0.0,0.0,0.0,False
0293ae7e4571567e,15,0.0,0.0,0.0,False
0402fbb7cdba5843,0,-0.9957424284428052,-0.6606797575950623,-0.6606797575950623,True
0402fbb7cdba5843,1,0.0,0.0,0.0,False
0402fbb7cdba5843,2,0.0,0.0,0.0,False
0402fbb7cdba5843,3,0.0,0.0,0.0,False
0402fbb7cdba5843,5,0.0,0.0,0.0,False
0402fbb7cdba5843,6,0.0,0.0,0.0,False
0402fbb7cdba5843,7,0.0,0.0,0.0,False
0402fbb7cdba5843,8,0.0,0.0,0.0,False
0402fbb7cdba5843,9,0.0,0.0,0.0,False
0402fbb7cdba5843,10,0.0,0.0,0.0,False
0402fbb7cdba5843,11,0.0,0.0,0.0,False
0402fbb7cdba5843,12,0.0,0.0,0.0,False
0402fbb7cdba5843,13,0.0,0.0,0.0,False
0402fbb7cdba5843,14,0.0,0.0,0.0,False
0402fbb7cdba5843,15,0.0,0.0,0.0,False
067340b153b854c4,0,0.0,0.0,0.0,False
067340b153b854c4,1,0.0,0.0,0.0,False
067340b153b854c4,2,0.0,0.0,0.0,False
067340b153b854c4,3,0.0,0.0,0.0,False
067340b153b854c4,4,0.0,0.0,0.0,False
067340b153b854c4,5,0.0,0.0,0.0,False
067340b153b854c4,6,0.0,0.0,0.0,False
067340b153b854c4,7,0.0,0.0,0.0,False
067340b153b854c4,8,0.0,0.0,0.0,False
067340b153b854c4,9,0.0,0.0,0.0,False
067340b153b854c4,10,0.0,0.0,0.0,False
067340b153b854c4,11,0.0,0.0,0.0,False
067340b153b854c4,12,0.0,0.0,0.0,False
067340b153b854c4,14,0.0,0.0,0.0,False
067340b153b854c4,15,0.0,0.0,0.0,False
0a12dd6d111f5356,0,0.0,2.4753458499908447,2.4753458499908447,False
0a12dd6d111f5356,1,0.0,0.0,0.0,False
0a12dd6d111f5356,2,0.0,0.0,0.0,False
0a12dd6d111f5356,3,0.0,0.0,0.0,False
0a12dd6d111f5356,4,0.0,0.0,0.0,False
0a12dd6d111f5356,5,0.0,0.0,0.0,False
0a12dd6d111f5356,6,0.0,0.0,0.0,False
0a12dd6d111f5356,7,0.0,0.0,0.0,False
0a12dd6d111f5356,8,0.0,0.0,0.0,False
0a12dd6d111f5356,9,0.0,0.0,0.0,False
0a12dd6d111f5356,10,0.0,0.0,0.0,False
0a12dd6d111f5356,11,0.0,0.0,0.0,False
0a12dd6d111f5356,12,0.0,0.0,0.0,False
0a12dd6d111f5356,13,0.0,0.0,0.0,False
0a12dd6d111f5356,14,0.0,0.0,0.0,False
0a12dd6d111f5356,15,0.0,0.0,0.0,False
0b185277a5a758e0,0,0.0,0.0,0.2709071636199951,False
0b185277a5a758e0,1,0.0,0.0,0.0,False
0b185277a5a758e0,2,0.0,0.0,0.0,False
0b185277a5a758e0,3,0.0,0.0,0.0,False
0b185277a5a758e0,4,0.0,0.0,0.0,False
0b185277a5a758e0,5,0.0,0.0,0.0,False
0b185277a5a758e0,6,0.0,0.0,0.0,False
0b185277a5a758e0,7,0.0,0.0,0.0,False
0b185277a5a758e0,8,0.0,0.0,0.0,False
0b185277a5a758e0,9,0.0,0.0,0.0,False
0b185277a5a758e0,10,0.0,0.0,0.0,False
0b185277a5a758e0,11,0.0,0.0,0.0,False
0b185277a5a758e0,12,0.0,0.0,0.0,False
0b185277a5a758e0,13,0.0,0.0,0.0,False
0b185277a5a758e0,14,0.0,0.0,0.0,False
0b185277a5a758e0,15,0.0,0.0,0.0,False
0bf438668d365dd6,0,0.0,-0.6801868677139282,-0.6801868677139282,False
0bf438668d365dd6,2,0.0,0.0,0.0,False
0bf438668d365dd6,5,0.0,0.0,0.0,False
0bf438668d365dd6,6,0.0,0.0,0.0,False
0bf438668d365dd6,7,0.0,0.0,0.0,False
0bf438668d365dd6,8,0.0,0.0,0.0,False
0bf438668d365dd6,9,0.0,0.0,0.0,False
0bf438668d365dd6,10,0.0,0.0,0.0,False
0bf438668d365dd6,11,0.0,0.0,0.0,False
0bf438668d365dd6,12,0.0,0.0,0.0,False
0bf438668d365dd6,13,0.0,0.0,0.0,False
0cf25603195e523f,0,0.0,0.21346139907836914,0.21346139907836914,False
0cf25603195e523f,1,0.0,0.0,0.0,False
0cf25603195e523f,2,0.0,0.0,0.0,False
0cf25603195e523f,3,0.0,0.0,0.0,False
0cf25603195e523f,4,0.0,0.0,0.0,False
0cf25603195e523f,5,0.0,0.0,0.0,False
0cf25603195e523f,6,0.0,0.0,0.0,False
0cf25603195e523f,7,0.0,0.0,0.0,False
0cf25603195e523f,8,0.0,0.0,0.0,False
0cf25603195e523f,9,0.0,0.0,0.0,False
0cf25603195e523f,10,0.0,0.0,0.0,False
0cf25603195e523f,11,0.0,0.0,0.0,False
0cf25603195e523f,12,0.0,0.0,0.0,False
0cf25603195e523f,14,0.0,0.0,0.0,False
0cf25603195e523f,15,0.0,0.0,0.0,False
0fb23ddab36f5357,0,0.0,0.048794686794281006,0.048794686794281006,False
0fb23ddab36f5357,1,0.0,0.0,0.0,False
0fb23ddab36f5357,2,0.0,0.0,0.0,False
0fb23ddab36f5357,3,0.0,0.0,0.0,False
0fb23ddab36f5357,4,0.0,0.0,0.0,False
0fb23ddab36f5357,5,0.0,0.0,0.0,False
0fb23ddab36f5357,6,0.0,0.0,0.0,False
0fb23ddab36f5357,7,0.0,0.0,0.0,False
0fb23ddab36f5357,8,0.0,0.0,0.0,False
0fb23ddab36f5357,9,0.0,0.0,0.0,False
0fb23ddab36f5357,10,0.0,0.0,0.0,False
0fb23ddab36f5357,11,0.0,0.0,0.0,False
0fb23ddab36f5357,12,0.0,0.0,0.0,False
0fb23ddab36f5357,13,0.0,0.0,0.0,False
0fb23ddab36f5357,14,0.0,0.0,0.0,False
0fb23ddab36f5357,15,0.0,0.0,0.0,False
108b6e7a8663559d,0,0.0,0.0,0.0,False
108b6e7a8663559d,1,0.0,0.0,0.0,False
108b6e7a8663559d,2,0.0,0.0,0.0,False
108b6e7a8663559d,3,0.0,0.0,0.0,False
108b6e7a8663559d,4,0.0,0.0,0.0,False
108b6e7a8663559d,5,0.0,0.0,0.0,False
108b6e7a8663559d,6,0.0,0.0,0.0,False
108b6e7a8663559d,7,0.0,0.0,0.0,False
108b6e7a8663559d,8,0.0,0.0,0.0,False
108b6e7a8663559d,9,0.0,0.0,0.0,False
108b6e7a8663559d,10,0.0,0.0,0.0,False
108b6e7a8663559d,11,0.0,0.0,0.0,False
108b6e7a8663559d,12,0.0,0.0,0.0,False
108b6e7a8663559d,14,0.0,0.0,0.0,False
108b6e7a8663559d,15,0.0,0.0,0.0,False
10c95accebcd5024,0,0.0,-0.030936837196350098,-0.030936837196350098,False
10c95accebcd5024,5,0.0,0.0,0.0,False
10c95accebcd5024,6,0.0,0.0,0.0,False
10c95accebcd5024,7,0.0,0.0,0.0,False
10c95accebcd5024,8,0.0,0.0,0.0,False
10c95accebcd5024,9,0.0,0.0,0.0,False
10c95accebcd5024,10,0.0,0.0,0.0,False
10c95accebcd5024,12,0.0,0.0,0.0,False
10c95accebcd5024,13,0.0,0.0,0.0,False
14aacdc829cb5012,0,0.0,0.011742115020751953,0.011742115020751953,False
14aacdc829cb5012,5,0.0,0.0,0.0,False
14aacdc829cb5012,6,0.0,0.0,0.0,False
14aacdc829cb5012,7,0.0,0.0,0.0,False
14aacdc829cb5012,8,0.0,0.0,0.0,False
14aacdc829cb5012,9,0.0,0.0,0.0,False
14aacdc829cb5012,10,0.0,0.0,0.0,False
14aacdc829cb5012,11,0.0,0.0,0.0,False
14aacdc829cb5012,12,0.0,0.0,0.0,False
14aacdc829cb5012,13,0.0,0.0,0.0,False
14aacdc829cb5012,14,0.0,0.0,0.0,False
14aacdc829cb5012,15,0.0,0.0,0.0,False
15a57ea7e3be511f,0,-0.10597723265526449,-0.24531054496765137,-0.24531054496765137,False
15a57ea7e3be511f,4,0.0,0.0,0.0,False
15a57ea7e3be511f,5,0.0,0.0,0.0,False
15a57ea7e3be511f,6,0.0,0.0,0.0,False
15a57ea7e3be511f,7,0.0,0.0,0.0,False
15a57ea7e3be511f,8,0.0,0.0,0.0,False
15a57ea7e3be511f,9,0.0,0.0,0.0,False
15a57ea7e3be511f,10,0.0,0.0,0.0,False
15a57ea7e3be511f,11,0.0,0.0,0.0,False
15a57ea7e3be511f,12,0.0,0.0,0.0,False
15a57ea7e3be511f,13,0.0,0.0,0.0,False
15a57ea7e3be511f,15,0.0,0.0,0.0,False
16259719899f5b57,0,0.0,0.0,0.0,False
16259719899f5b57,1,0.0,0.0,0.0,False
16259719899f5b57,2,0.0,0.0,0.0,False
16259719899f5b57,3,0.0,0.0,0.0,False
16259719899f5b57,4,0.0,0.0,0.0,False
16259719899f5b57,5,0.0,0.0,0.0,False
16259719899f5b57,6,0.0,0.0,0.0,False
16259719899f5b57,7,0.0,0.0,0.0,False
16259719899f5b57,8,0.0,0.0,0.0,False
16259719899f5b57,9,0.0,0.0,0.0,False
16259719899f5b57,10,0.0,0.0,0.0,False
16259719899f5b57,11,0.0,0.0,0.0,False
16259719899f5b57,12,0.0,0.0,0.0,False
16259719899f5b57,13,0.0,0.0,0.0,False
16259719899f5b57,14,0.0,0.0,0.0,False
16259719899f5b57,15,0.0,0.0,0.0,False
199e4fbe08935048,0,0.0,0.0,0.0,False
199e4fbe08935048,1,0.0,0.0,0.0,False
199e4fbe08935048,2,0.0,0.0,0.0,False
199e4fbe08935048,3,0.0,0.0,0.0,False
199e4fbe08935048,4,0.0,0.0,0.0,False
199e4fbe08935048,5,0.0,0.0,0.0,False
199e4fbe08935048,6,0.0,0.0,0.0,False
199e4fbe08935048,7,0.0,0.0,0.0,False
199e4fbe08935048,8,0.0,0.0,0.0,False
199e4fbe08935048,9,0.0,0.0,0.0,False
199e4fbe08935048,10,0.0,0.0,0.0,False
199e4fbe08935048,11,0.0,0.0,0.0,False
199e4fbe08935048,12,0.0,0.0,0.0,False
199e4fbe08935048,13,0.0,0.0,0.0,False
199e4fbe08935048,14,0.0,0.0,0.0,False
199e4fbe08935048,15,0.0,0.0,0.0,False
1e8447ee0c2052fb,0,0.0,0.0,-0.19268262386322021,False
1e8447ee0c2052fb,5,0.0,0.0,0.0,False
1e8447ee0c2052fb,6,0.0,0.0,0.0,False
1e8447ee0c2052fb,7,0.0,0.0,0.0,False
1e8447ee0c2052fb,8,0.0,0.0,0.0,False
1e8447ee0c2052fb,9,0.0,0.0,0.0,False
1e8447ee0c2052fb,10,0.0,0.0,0.0,False
1e8447ee0c2052fb,11,0.0,0.0,0.0,False
1e8447ee0c2052fb,12,0.0,0.0,0.0,False
1e8447ee0c2052fb,13,0.0,0.0,0.0,False
1fb799771bf251f8,0,0.0,0.0,0.0,False
1fb799771bf251f8,1,0.0,0.0,0.0,False
1fb799771bf251f8,2,0.0,0.0,0.0,False
1fb799771bf251f8,3,0.0,0.0,0.0,False
1fb799771bf251f8,4,0.0,0.0,0.0,False
1fb799771bf251f8,5,0.0,0.0,0.0,False
1fb799771bf251f8,6,0.0,0.0,0.0,False
1fb799771bf251f8,7,0.0,0.0,0.0,False
1fb799771bf251f8,8,0.0,0.0,0.0,False
1fb799771bf251f8,9,0.0,0.0,0.0,False
1fb799771bf251f8,10,0.0,0.0,0.0,False
1fb799771bf251f8,11,0.0,0.0,0.0,False
1fb799771bf251f8,12,0.0,0.0,0.0,False
1fb799771bf251f8,13,0.0,0.0,0.0,False
1fb799771bf251f8,14,0.0,0.0,0.0,False
1fb799771bf251f8,15,0.0,0.0,0.0,False
2295480487565083,0,-1.0,-1.2962346076965332,-1.2962346076965332,True
2295480487565083,1,0.0,0.0,0.0,False
2295480487565083,2,0.0,0.0,0.0,False
2295480487565083,3,0.0,0.0,0.0,False
2295480487565083,4,0.0,0.0,0.0,False
2295480487565083,5,0.0,0.0,0.0,False
2295480487565083,6,0.0,0.0,0.0,False
2295480487565083,7,0.0,0.0,0.0,False
2295480487565083,8,0.0,0.0,0.0,False
2295480487565083,9,0.0,0.0,0.0,False
2295480487565083,10,0.0,0.0,0.0,False
2295480487565083,11,0.0,0.0,0.0,False
2295480487565083,12,0.0,0.0,0.0,False
2295480487565083,13,0.0,0.0,0.0,False
2295480487565083,14,0.0,0.0,0.0,False
2295480487565083,15,0.0,0.0,0.0,False
255a7801a3cc557f,0,0.0,0.0,2.4972736835479736,False
255a7801a3cc557f,1,0.0,0.0,0.0,False
255a7801a3cc557f,2,0.0,0.0,0.0,False
255a7801a3cc557f,3,0.0,0.0,0.0,False
255a7801a3cc557f,4,0.0,0.0,0.0,False
255a7801a3cc557f,5,0.0,0.0,0.0,False
255a7801a3cc557f,6,0.0,0.0,0.0,False
255a7801a3cc557f,7,0.0,0.0,0.0,False
255a7801a3cc557f,8,0.0,0.0,0.0,False
255a7801a3cc557f,9,0.0,0.0,0.0,False
255a7801a3cc557f,10,0.0,0.0,0.0,False
255a7801a3cc557f,11,0.0,0.0,0.0,False
255a7801a3cc557f,12,0.0,0.0,0.0,False
255a7801a3cc557f,13,0.0,0.0,0.0,False
255a7801a3cc557f,14,0.0,0.0,0.0,False
255a7801a3cc557f,15,0.0,0.0,0.0,False
275d089b7f1a5a06,0,0.0,0.0,-0.06385350227355957,False
275d089b7f1a5a06,1,0.0,0.0,0.0,False
275d089b7f1a5a06,2,0.0,0.0,0.0,False
275d089b7f1a5a06,3,0.0,0.0,0.0,False
275d089b7f1a5a06,4,0.0,0.0,0.0,False
275d089b7f1a5a06,5,0.0,0.0,0.0,False
275d089b7f1a5a06,6,0.0,0.0,0.0,False
275d089b7f1a5a06,7,0.0,0.0,0.0,False
275d089b7f1a5a06,8,0.0,0.0,0.0,False
275d089b7f1a5a06,9,0.0,0.0,0.0,False
275d089b7f1a5a06,10,0.0,0.0,0.0,False
275d089b7f1a5a06,11,0.0,0.0,0.0,False
275d089b7f1a5a06,12,0.0,0.0,0.0,False
275d089b7f1a5a06,13,0.0,0.0,0.0,False
275d089b7f1a5a06,14,0.0,0.0,0.0,False
275d089b7f1a5a06,15,0.0,0.0,0.0,False
27de89009d955d8a,0,0.0,0.04854971170425415,0.04854971170425415,False
27de89009d955d8a,1,0.0,0.0,0.0,False
27de89009d955d8a,2,0.0,0.0,0.0,False
27de89009d955d8a,3,0.0,0.0,0.0,False
27de89009d955d8a,4,0.0,0.0,0.0,False
27de89009d955d8a,5,0.0,0.0,0.0,False
27de89009d955d8a,6,0.0,0.0,0.0,False
27de89009d955d8a,7,0.0,0.0,0.0,False
27de89009d955d8a,8,0.0,0.0,0.0,False
27de89009d955d8a,9,0.0,0.0,0.0,False
27de89009d955d8a,10,0.0,0.0,0.0,False
27de89009d955d8a,11,0.0,0.0,0.0,False
27de89009d955d8a,12,0.0,0.0,0.0,False
27de89009d955d8a,13,0.0,0.0,0.0,False
27de89009d955d8a,14,0.0,0.0,0.0,False
27de89009d955d8a,15,0.0,0.0,0.0,False
282fa7da96d65bc5,0,0.0,0.0,0.4105219542980194,False
282fa7da96d65bc5,3,0.0,0.0,0.0,False
282fa7da96d65bc5,5,0.0,0.0,0.0,False
282fa7da96d65bc5,6,0.0,0.0,0.0,False
282fa7da96d65bc5,7,0.0,0.0,0.0,False
282fa7da96d65bc5,8,0.0,0.0,0.0,False
282fa7da96d65bc5,9,0.0,0.0,0.0,False
282fa7da96d65bc5,10,0.0,0.0,0.0,False
282fa7da96d65bc5,11,0.0,0.0,0.0,False
282fa7da96d65bc5,12,0.0,0.0,0.0,False
282fa7da96d65bc5,13,0.0,0.0,0.0,False
282fa7da96d65bc5,15,0.0,0.0,0.0,False
2960265e934d5ed1,0,0.0,0.0,2.245133876800537,False
2960265e934d5ed1,1,0.0,0.0,0.0,False
2960265e934d5ed1,2,0.0,0.0,0.0,False
2960265e934d5ed1,3,0.0,0.0,0.0,False
2960265e934d5ed1,4,0.0,0.0,0.0,False
2960265e934d5ed1,5,0.0,0.0,0.0,False
2960265e934d5ed1,6,0.0,0.0,0.0,False
2960265e934d5ed1,7,0.0,0.0,0.0,False
2960265e934d5ed1,8,0.0,0.0,0.0,False
2960265e934d5ed1,9,0.0,0.0,0.0,False
2960265e934d5ed1,10,0.0,0.0,0.0,False
2960265e934d5ed1,11,0.0,0.0,0.0,False
2960265e934d5ed1,12,0.0,0.0,0.0,False
2960265e934d5ed1,13,0.0,0.0,0.0,False
2960265e934d5ed1,14,0.0,0.0,0.0,False
2960265e934d5ed1,15,0.0,0.0,0.0,False
2972cbc0ae115026,0,0.0,0.045574188232421875,0.045574188232421875,False
2972cbc0ae115026,1,0.0,0.0,0.0,False
2972cbc0ae115026,2,0.0,0.0,0.0,False
2972cbc0ae115026,3,0.0,0.0,0.0,False
2972cbc0ae115026,4,0.0,0.0,0.0,False
2972cbc0ae115026,5,0.0,0.0,0.0,False
2972cbc0ae115026,6,0.0,0.0,0.0,False
2972cbc0ae115026,7,0.0,0.0,0.0,False
2972cbc0ae115026,8,0.0,0.0,0.0,False
2972cbc0ae115026,9,0.0,0.0,0.0,False
2972cbc0ae115026,10,0.0,0.0,0.0,False
2972cbc0ae115026,11,0.0,0.0,0.0,False
2972cbc0ae115026,12,0.0,0.0,0.0,False
2972cbc0ae115026,13,0.0,0.0,0.0,False
2972cbc0ae115026,14,0.0,0.0,0.0,False
2972cbc0ae115026,15,0.0,0.0,0.0,False
2b03803980725527,0,0.0,0.0,0.0,False
2b03803980725527,1,0.0,0.0,0.0,False
2b03803980725527,2,0.0,0.0,0.0,False
2b03803980725527,3,0.0,0.0,0.0,False
2b03803980725527,4,0.0,0.0,0.0,False
2b03803980725527,5,0.0,0.0,0.0,False
2b03803980725527,6,0.0,0.0,0.0,False
2b03803980725527,7,0.0,0.0,0.0,False
2b03803980725527,8,0.0,0.0,0.0,False
2b03803980725527,9,0.0,0.0,0.0,False
2b03803980725527,10,0.0,0.0,0.0,False
2b03803980725527,11,0.0,0.0,0.0,False
2b03803980725527,12,0.0,0.0,0.0,False
2b03803980725527,14,0.0,0.0,0.0,False
2b03803980725527,15,0.0,0.0,0.0,False
2cba6fca5dff5047,0,0.0,0.0,0.0,False
2cba6fca5dff5047,1,0.0,0.0,0.0,False
2cba6fca5dff5047,2,0.0,0.0,0.0,False
2cba6fca5dff5047,3,0.0,0.0,0.0,False
2cba6fca5dff5047,4,0.0,0.0,0.0,False
2cba6fca5dff5047,5,0.0,0.0,0.0,False
2cba6fca5dff5047,6,0.0,0.0,0.0,False
2cba6fca5dff5047,7,0.0,0.0,0.0,False
2cba6fca5dff5047,8,0.0,0.0,0.0,False
2cba6fca5dff5047,9,0.0,0.0,0.0,False
2cba6fca5dff5047,10,0.0,0.0,0.0,False
2cba6fca5dff5047,11,0.0,0.0,0.0,False
2cba6fca5dff5047,12,0.0,0.0,0.0,False
2cba6fca5dff5047,13,0.0,0.0,0.0,False
2cba6fca5dff5047,14,0.0,0.0,0.0,False
2cba6fca5dff5047,15,0.0,0.0,0.0,False
2cd96cf1026d51dd,0,0.0,0.0,0.0,False
2cd96cf1026d51dd,1,0.0,0.0,0.0,False
2cd96cf1026d51dd,2,0.0,0.0,0.0,False
2cd96cf1026d51dd,3,0.0,0.0,0.0,False
2cd96cf1026d51dd,4,0.0,0.0,0.0,False
2cd96cf1026d51dd,5,0.0,0.0,0.0,False
2cd96cf1026d51dd,6,0.0,0.0,0.0,False
2cd96cf1026d51dd,7,0.0,0.0,0.0,False
2cd96cf1026d51dd,8,0.0,0.0,0.0,False
2cd96cf1026d51dd,9,0.0,0.0,0.0,False
2cd96cf1026d51dd,10,0.0,0.0,0.0,False
2cd96cf1026d51dd,11,0.0,0.0,0.0,False
2cd96cf1026d51dd,12,0.0,0.0,0.0,False
2cd96cf1026d51dd,13,0.0,0.0,0.0,False
2cd96cf1026d51dd,14,0.0,0.0,0.0,False
2cd96cf1026d51dd,15,0.0,0.0,0.0,False
2d9f05491d3851d1,0,0.0,0.27327263355255127,0.27327263355255127,False
2d9f05491d3851d1,1,0.0,0.0,0.0,False
2d9f05491d3851d1,2,0.0,0.0,0.0,False
2d9f05491d3851d1,3,0.0,0.0,0.0,False
2d9f05491d3851d1,4,0.0,0.0,0.0,False
2d9f05491d3851d1,5,0.0,0.0,0.0,False
2d9f05491d3851d1,6,0.0,0.0,0.0,False
2d9f05491d3851d1,7,0.0,0.0,0.0,False
2d9f05491d3851d1,8,0.0,0.0,0.0,False
2d9f05491d3851d1,9,0.0,0.0,0.0,False
2d9f05491d3851d1,10,0.0,0.0,0.0,False
2d9f05491d3851d1,11,0.0,0.0,0.0,False
2d9f05491d3851d1,12,0.0,0.0,0.0,False
2d9f05491d3851d1,13,0.0,0.0,0.0,False
2d9f05491d3851d1,14,0.0,0.0,0.0,False
2d9f05491d3851d1,15,0.0,0.0,0.0,False
2dd864b74b7a525d,0,0.0,0.00895237922668457,0.00895237922668457,False
2dd864b74b7a525d,5,0.0,0.0,0.0,False
2dd864b74b7a525d,6,0.0,0.0,0.0,False
2dd864b74b7a525d,7,0.0,0.0,0.0,False
2dd864b74b7a525d,8,0.0,0.0,0.0,False
2dd864b74b7a525d,9,0.0,0.0,0.0,False
2dd864b74b7a525d,10,0.0,0.0,0.0,False
2dd864b74b7a525d,11,0.0,0.0,0.0,False
2dd864b74b7a525d,12,0.0,0.0,0.0,False
2dd864b74b7a525d,13,0.0,0.0,0.0,False
3128cdeb609d5f7c,0,0.0,0.027530670166015625,0.027530670166015625,False
3128cdeb609d5f7c,1,0.0,0.0,0.0,False
3128cdeb609d5f7c,2,0.0,0.0,0.0,False
3128cdeb609d5f7c,3,0.0,0.0,0.0,False
3128cdeb609d5f7c,4,0.0,0.0,0.0,False
3128cdeb609d5f7c,5,0.0,0.0,0.0,False
3128cdeb609d5f7c,6,0.0,0.0,0.0,False
3128cdeb609d5f7c,7,0.0,0.0,0.0,False
3128cdeb609d5f7c,8,0.0,0.0,0.0,False
3128cdeb609d5f7c,9,0.0,0.0,0.0,False
3128cdeb609d5f7c,10,0.0,0.0,0.0,False
3128cdeb609d5f7c,11,0.0,0.0,0.0,False
3128cdeb609d5f7c,12,0.0,0.0,0.0,False
3128cdeb609d5f7c,13,0.0,0.0,0.0,False
3128cdeb609d5f7c,14,0.0,0.0,0.0,False
3128cdeb609d5f7c,15,0.0,0.0,0.0,False
3294fece0e275760,0,0.0,0.0,0.0,False
3294fece0e275760,1,0.0,0.0,0.0,False
3294fece0e275760,2,0.0,0.0,0.0,False
3294fece0e275760,3,0.0,0.0,0.0,False
3294fece0e275760,4,0.0,0.0,0.0,False
3294fece0e275760,5,0.0,0.0,0.0,False
3294fece0e275760,6,0.0,0.0,0.0,False
3294fece0e275760,7,0.0,0.0,0.0,False
3294fece0e275760,8,0.0,0.0,0.0,False
3294fece0e275760,9,0.0,0.0,0.0,False
3294fece0e275760,10,0.0,0.0,0.0,False
3294fece0e275760,11,0.0,0.0,0.0,False
3294fece0e275760,12,0.0,0.0,0.0,False
3294fece0e275760,13,0.0,0.0,0.0,False
3294fece0e275760,14,0.0,0.0,0.0,False
3294fece0e275760,15,0.0,0.0,0.0,False
37802e101d855501,0,0.0,0.377471923828125,0.377471923828125,False
37802e101d855501,1,0.0,0.0,0.0,False
37802e101d855501,2,0.0,0.0,0.0,False
37802e101d855501,3,0.0,0.0,0.0,False
37802e101d855501,4,0.0,0.0,0.0,False
37802e101d855501,5,0.0,0.0,0.0,False
37802e101d855501,6,0.0,0.0,0.0,False
37802e101d855501,7,0.0,0.0,0.0,False
37802e101d855501,8,0.0,0.0,0.0,False
37802e101d855501,9,0.0,0.0,0.0,False
37802e101d855501,10,0.0,0.0,0.0,False
37802e101d855501,11,0.0,0.0,0.0,False
37802e101d855501,12,0.0,0.0,0.0,False
37802e101d855501,13,0.0,0.0,0.0,False
37802e101d855501,14,0.0,0.0,0.0,False
37802e101d855501,15,0.0,0.0,0.0,False
39a00975500f5969,0,0.0,0.0,0.0,False
39a00975500f5969,1,0.0,0.0,0.0,False
39a00975500f5969,2,0.0,0.0,0.0,False
39a00975500f5969,3,0.0,0.0,0.0,False
39a00975500f5969,4,0.0,0.0,0.0,False
39a00975500f5969,5,0.0,0.0,0.0,False
39a00975500f5969,6,0.0,0.0,0.0,False
39a00975500f5969,7,0.0,0.0,0.0,False
39a00975500f5969,8,0.0,0.0,0.0,False
39a00975500f5969,9,0.0,0.0,0.0,False
39a00975500f5969,10,0.0,0.0,0.0,False
39a00975500f5969,11,0.0,0.0,0.0,False
39a00975500f5969,12,0.0,0.0,0.0,False
39a00975500f5969,14,0.0,0.0,0.0,False
39a00975500f5969,15,0.0,0.0,0.0,False
3ccf007d4f4558af,0,-0.9496714953117932,-0.48801353573799133,-1.0596041679382324,True
3ccf007d4f4558af,1,0.0,0.0,0.0,False
3ccf007d4f4558af,2,0.0,0.0,0.0,False
3ccf007d4f4558af,3,0.0,0.0,0.0,False
3ccf007d4f4558af,4,0.0,0.0,0.0,False
3ccf007d4f4558af,5,0.0,0.0,0.0,False
3ccf007d4f4558af,6,0.0,0.0,0.0,False
3ccf007d4f4558af,7,0.0,0.0,0.0,False
3ccf007d4f4558af,8,0.0,0.0,0.0,False
3ccf007d4f4558af,9,0.0,0.0,0.0,False
3ccf007d4f4558af,10,0.0,0.0,0.0,False
3ccf007d4f4558af,11,0.0,0.0,0.0,False
3ccf007d4f4558af,12,0.0,0.0,0.0,False
3ccf007d4f4558af,13,0.0,0.0,0.0,False
3ccf007d4f4558af,14,0.0,0.0,0.0,False
3ccf007d4f4558af,15,0.0,0.0,0.0,False
3fa2aa2c2cd95312,0,0.0,0.11755013465881348,0.11755013465881348,False
3fa2aa2c2cd95312,1,0.0,0.0,0.0,False
3fa2aa2c2cd95312,2,0.0,0.0,0.0,False
3fa2aa2c2cd95312,5,0.0,0.0,0.0,False
3fa2aa2c2cd95312,6,0.0,0.0,0.0,False
3fa2aa2c2cd95312,7,0.0,0.0,0.0,False
3fa2aa2c2cd95312,8,0.0,0.0,0.0,False
3fa2aa2c2cd95312,9,0.0,0.0,0.0,False
3fa2aa2c2cd95312,10,0.0,0.0,0.0,False
3fa2aa2c2cd95312,11,0.0,0.0,0.0,False
3fa2aa2c2cd95312,12,0.0,0.0,0.0,False
3fa2aa2c2cd95312,13,0.0,0.0,0.0,False
3fe8729992b651a2,0,0.0,-0.034918785095214844,-0.034918785095214844,False
3fe8729992b651a2,1,0.0,0.0,0.0,False
3fe8729992b651a2,2,0.0,0.0,0.0,False
3fe8729992b651a2,3,0.0,0.0,0.0,False
3fe8729992b651a2,4,0.0,0.0,0.0,False
3fe8729992b651a2,5,0.0,0.0,0.0,False
3fe8729992b651a2,6,0.0,0.0,0.0,False
3fe8729992b651a2,7,0.0,0.0,0.0,False
3fe8729992b651a2,8,0.0,0.0,0.0,False
3fe8729992b651a2,9,0.0,0.0,0.0,False
3fe8729992b651a2,10,0.0,0.0,0.0,False
3fe8729992b651a2,11,0.0,0.0,0.0,False
3fe8729992b651a2,12,0.0,0.0,0.0,False
3fe8729992b651a2,13,0.0,0.0,0.0,False
3fe8729992b651a2,14,0.0,0.0,0.0,False
3fe8729992b651a2,15,0.0,0.0,0.0,False
44c733f0bfa956ef,0,0.0,-0.19894307851791382,-0.400529146194458,False
44c733f0bfa956ef,5,0.0,0.0,0.0,False
44c733f0bfa956ef,6,0.0,0.0,0.0,False
44c733f0bfa956ef,7,0.0,0.0,0.0,False
44c733f0bfa956ef,8,0.0,0.0,0.0,False
44c733f0bfa956ef,9,0.0,0.0,0.0,False
44c733f0bfa956ef,10,0.0,0.0,0.0,False
44c733f0bfa956ef,11,0.0,0.0,0.0,False
44c733f0bfa956ef,12,0.0,0.0,0.0,False
44c733f0bfa956ef,13,0.0,0.0,0.0,False
46552e8d91675c5e,0,0.0,-0.14123255014419556,-0.14123255014419556,False
46552e8d91675c5e,1,0.0,0.0,0.0,False
46552e8d91675c5e,2,0.0,0.0,0.0,False
46552e8d91675c5e,3,0.0,0.0,0.0,False
46552e8d91675c5e,4,0.0,0.0,0.0,False
46552e8d91675c5e,5,0.0,0.0,0.0,False
46552e8d91675c5e,6,0.0,0.0,0.0,False
46552e8d91675c5e,7,0.0,0.0,0.0,False
46552e8d91675c5e,8,0.0,0.0,0.0,False
46552e8d91675c5e,9,0.0,0.0,0.0,False
46552e8d91675c5e,10,0.0,0.0,0.0,False
46552e8d91675c5e,11,0.0,0.0,0.0,False
46552e8d91675c5e,12,0.0,0.0,0.0,False
46552e8d91675c5e,13,0.0,0.0,0.0,False
46552e8d91675c5e,14,0.0,0.0,0.0,False
46552e8d91675c5e,15,0.0,0.0,0.0,False
46bbe8cf65355561,0,0.0,0.03283488750457764,0.03283488750457764,False
46bbe8cf65355561,3,0.0,0.0,0.0,False
46bbe8cf65355561,5,0.0,0.0,0.0,False
46bbe8cf65355561,6,0.0,0.0,0.0,False
46bbe8cf65355561,7,0.0,0.0,0.0,False
46bbe8cf65355561,8,0.0,0.0,0.0,False
46bbe8cf65355561,9,0.0,0.0,0.0,False
46bbe8cf65355561,10,0.0,0.0,0.0,False
46bbe8cf65355561,11,0.0,0.0,0.0,False
46bbe8cf65355561,12,0.0,0.0,0.0,False
46bbe8cf65355561,13,0.0,0.0,0.0,False
46bbe8cf65355561,14,0.0,0.0,0.0,False
46bc59bdb6ec589b,0,0.0,0.005396604537963867,0.005396604537963867,False
46bc59bdb6ec589b,5,0.0,0.0,0.0,False
46bc59bdb6ec589b,6,0.0,0.0,0.0,False
46bc59bdb6ec589b,7,0.0,0.0,0.0,False
46bc59bdb6ec589b,8,0.0,0.0,0.0,False
46bc59bdb6ec589b,9,0.0,0.0,0.0,False
46bc59bdb6ec589b,10,0.0,0.0,0.0,False
46bc59bdb6ec589b,11,0.0,0.0,0.0,False
46bc59bdb6ec589b,12,0.0,0.0,0.0,False
46bc59bdb6ec589b,13,0.0,0.0,0.0,False
47b742179b595488,0,0.0,-0.07956051826477051,-0.07956051826477051,False
47b742179b595488,1,0.0,0.0,0.0,False
47b742179b595488,2,0.0,0.0,0.0,False
47b742179b595488,3,0.0,0.0,0.0,False
47b742179b595488,4,0.0,0.0,0.0,False
47b742179b595488,5,0.0,0.0,0.0,False
47b742179b595488,6,0.0,0.0,0.0,False
47b742179b595488,7,0.0,0.0,0.0,False
47b742179b595488,8,0.0,0.0,0.0,False
47b742179b595488,9,0.0,0.0,0.0,False
47b742179b595488,10,0.0,0.0,0.0,False
47b742179b595488,11,0.0,0.0,0.0,False
47b742179b595488,12,0.0,0.0,0.0,False
47b742179b595488,13,0.0,0.0,0.0,False
47b742179b595488,14,0.0,0.0,0.0,False
47b742179b595488,15,0.0,0.0,0.0,False
48018eccf5a3517a,0,-0.9546001456630578,-1.18410062789917,-1.7384705543518066,True
48018eccf5a3517a,5,0.0,0.0,0.0,False
48018eccf5a3517a,6,0.0,0.0,0.0,False
48018eccf5a3517a,7,0.0,0.0,0.0,False
48018eccf5a3517a,8,0.0,0.0,0.0,False
48018eccf5a3517a,9,0.0,0.0,0.0,False
48018eccf5a3517a,10,0.0,0.0,0.0,False
48018eccf5a3517a,11,0.0,0.0,0.0,False
48018eccf5a3517a,12,0.0,0.0,0.0,False
48018eccf5a3517a,13,0.0,0.0,0.0,False
48018eccf5a3517a,14,0.0,0.0,0.0,False
499e6f62430957f7,0,0.0,-0.14652103185653687,-0.14652103185653687,False
499e6f62430957f7,1,0.0,0.0,0.0,False
499e6f62430957f7,2,0.0,0.0,0.0,False
499e6f62430957f7,3,0.0,0.0,0.0,False
499e6f62430957f7,4,0.0,0.0,0.0,False
499e6f62430957f7,5,0.0,0.0,0.0,False
499e6f62430957f7,6,0.0,0.0,0.0,False
499e6f62430957f7,7,0.0,0.0,0.0,False
499e6f62430957f7,8,0.0,0.0,0.0,False
499e6f62430957f7,9,0.0,0.0,0.0,False
499e6f62430957f7,10,0.0,0.0,0.0,False
499e6f62430957f7,11,0.0,0.0,0.0,False
499e6f62430957f7,12,0.0,0.0,0.0,False
499e6f62430957f7,13,0.0,0.0,0.0,False
499e6f62430957f7,14,0.0,0.0,0.0,False
499e6f62430957f7,15,0.0,0.0,0.0,False
4ba56b57ab7a5b6a,0,0.0,-0.1548023223876953,-0.1548023223876953,False
4ba56b57ab7a5b6a,1,0.0,0.0,0.0,False
4ba56b57ab7a5b6a,2,0.0,0.0,0.0,False
4ba56b57ab7a5b6a,3,0.0,0.0,0.0,False
4ba56b57ab7a5b6a,4,0.0,0.0,0.0,False
4ba56b57ab7a5b6a,5,0.0,0.0,0.0,False
4ba56b57ab7a5b6a,6,0.0,0.0,0.0,False
4ba56b57ab7a5b6a,7,0.0,0.0,0.0,False
4ba56b57ab7a5b6a,8,0.0,0.0,0.0,False
4ba56b57ab7a5b6a,9,0.0,0.0,0.0,False
4ba56b57ab7a5b6a,10,0.0,0.0,0.0,False
4ba56b57ab7a5b6a,11,0.0,0.0,0.0,False
4ba56b57ab7a5b6a,12,0.0,0.0,0.0,False
4ba56b57ab7a5b6a,13,0.0,0.0,0.0,False
4ba56b57ab7a5b6a,14,0.0,0.0,0.0,False
4ba56b57ab7a5b6a,15,0.0,0.0,0.0,False
4cb9c9024cfa51ee,0,0.0,0.11964225769042969,0.11964225769042969,False
4cb9c9024cfa51ee,1,0.0,0.0,0.0,False
4cb9c9024cfa51ee,2,0.0,0.0,0.0,False
4cb9c9024cfa51ee,3,0.0,0.0,0.0,False
4cb9c9024cfa51ee,4,0.0,0.0,0.0,False
4cb9c9024cfa51ee,5,0.0,0.0,0.0,False
4cb9c9024cfa51ee,6,0.0,0.0,0.0,False
4cb9c9024cfa51ee,7,0.0,0.0,0.0,False
4cb9c9024cfa51ee,8,0.0,0.0,0.0,False
4cb9c9024cfa51ee,9,0.0,0.0,0.0,False
4cb9c9024cfa51ee,10,0.0,0.0,0.0,False
4cb9c9024cfa51ee,11,0.0,0.0,0.0,False
4cb9c9024cfa51ee,12,0.0,0.0,0.0,False
4cb9c9024cfa51ee,13,0.0,0.0,0.0,False
4cb9c9024cfa51ee,14,0.0,0.0,0.0,False
4cb9c9024cfa51ee,15,0.0,0.0,0.0,False
4d8218b8eddf5291,0,0.0,0.0,0.019093990325927734,False
4d8218b8eddf5291,1,0.0,0.0,0.0,False
4d8218b8eddf5291,2,0.0,0.0,0.0,False
4d8218b8eddf5291,3,0.0,0.0,0.0,False
4d8218b8eddf5291,4,0.0,0.0,0.0,False
4d8218b8eddf5291,5,0.0,0.0,0.0,False
4d8218b8eddf5291,6,0.0,0.0,0.0,False
4d8218b8eddf5291,7,0.0,0.0,0.0,False
4d8218b8eddf5291,8,0.0,0.0,0.0,False
4d8218b8eddf5291,9,0.0,0.0,0.0,False
4d8218b8eddf5291,10,0.0,0.0,0.0,False
4d8218b8eddf5291,11,0.0,0.0,0.0,False
4d8218b8eddf5291,12,0.0,0.0,0.0,False
4d8218b8eddf5291,13,0.0,0.0,0.0,False
4d8218b8eddf5291,14,0.0,0.0,0.0,False
4d8218b8eddf5291,15,0.0,0.0,0.0,False
5182f7de022b5216,0,0.0,0.5412354469299316,0.5412354469299316,False
5182f7de022b5216,1,0.0,0.0,0.0,False
5182f7de022b5216,2,0.0,0.0,0.0,False
5182f7de022b5216,3,0.0,0.0,0.0,False
5182f7de022b5216,4,0.0,0.0,0.0,False
5182f7de022b5216,5,0.0,0.0,0.0,False
5182f7de022b5216,6,0.0,0.0,0.0,False
5182f7de022b5216,7,0.0,0.0,0.0,False
5182f7de022b5216,8,0.0,0.0,0.0,False
5182f7de022b5216,9,0.0,0.0,0.0,False
5182f7de022b5216,10,0.0,0.0,0.0,False
5182f7de022b5216,11,0.0,0.0,0.0,False
5182f7de022b5216,12,0.0,0.0,0.0,False
5182f7de022b5216,13,0.0,0.0,0.0,False
5182f7de022b5216,14,0.0,0.0,0.0,False
5182f7de022b5216,15,0.0,0.0,0.0,False
548d50850ff9547a,0,0.0,0.11836862564086914,0.11836862564086914,False
548d50850ff9547a,1,0.0,0.0,0.0,False
548d50850ff9547a,2,0.0,0.0,0.0,False
548d50850ff9547a,3,0.0,0.0,0.0,False
548d50850ff9547a,4,0.0,0.0,0.0,False
548d50850ff9547a,5,0.0,0.0,0.0,False
548d50850ff9547a,6,0.0,0.0,0.0,False
548d50850ff9547a,7,0.0,0.0,0.0,False
548d50850ff9547a,8,0.0,0.0,0.0,False
548d50850ff9547a,9,0.0,0.0,0.0,False
548d50850ff9547a,10,0.0,0.0,0.0,False
548d50850ff9547a,11,0.0,0.0,0.0,False
548d50850ff9547a,12,0.0,0.0,0.0,False
548d50850ff9547a,14,0.0,0.0,0.0,False
548d50850ff9547a,15,0.0,0.0,0.0,False
57597e24da7e5b83,0,0.0,-0.3078541159629822,-0.3078541159629822,False
57597e24da7e5b83,1,0.0,0.0,0.0,False
57597e24da7e5b83,2,0.0,0.0,0.0,False
57597e24da7e5b83,3,0.0,0.0,0.0,False
57597e24da7e5b83,4,0.0,0.0,0.0,False
57597e24da7e5b83,5,0.0,0.0,0.0,False
57597e24da7e5b83,6,0.0,0.0,0.0,False
57597e24da7e5b83,7,0.0,0.0,0.0,False
57597e24da7e5b83,8,0.0,0.0,0.0,False
57597e24da7e5b83,9,0.0,0.0,0.0,False
57597e24da7e5b83,10,0.0,0.0,0.0,False
57597e24da7e5b83,11,0.0,0.0,0.0,False
57597e24da7e5b83,12,0.0,0.0,0.0,False
57597e24da7e5b83,13,0.0,0.0,0.0,False
57597e24da7e5b83,14,0.0,0.0,0.0,False
57597e24da7e5b83,15,0.0,0.0,0.0,False
59ae910378e55e64,0,0.015802740252564784,0.0,0.0,False
59ae910378e55e64,1,0.0,0.0,0.0,False
59ae910378e55e64,2,0.0,0.0,0.0,False
59ae910378e55e64,3,0.0,0.0,0.0,False
59ae910378e55e64,4,0.0,0.0,0.0,False
59ae910378e55e64,5,0.0,0.0,0.0,False
59ae910378e55e64,6,0.0,0.0,0.0,False
59ae910378e55e64,7,0.0,0.0,0.0,False
59ae910378e55e64,8,0.0,0.0,0.0,False
59ae910378e55e64,9,0.0,0.0,0.0,False
59ae910378e55e64,10,0.0,0.0,0.0,False
59ae910378e55e64,11,0.0,0.0,0.0,False
59ae910378e55e64,12,0.0,0.0,0.0,False
59ae910378e55e64,13,0.0,0.0,0.0,False
59ae910378e55e64,14,0.0,0.0,0.0,False
59ae910378e55e64,15,0.0,0.0,0.0,False
5c40db3081f356b0,0,0.0,-0.17409777641296387,-0.17409777641296387,False
5c40db3081f356b0,1,0.0,0.0,0.0,False
5c40db3081f356b0,2,0.0,0.0,0.0,False
5c40db3081f356b0,3,0.0,0.0,0.0,False
5c40db3081f356b0,4,0.0,0.0,0.0,False
5c40db3081f356b0,5,0.0,0.0,0.0,False
5c40db3081f356b0,6,0.0,0.0,0.0,False
5c40db3081f356b0,7,0.0,0.0,0.0,False
5c40db3081f356b0,8,0.0,0.0,0.0,False
5c40db3081f356b0,9,0.0,0.0,0.0,False
5c40db3081f356b0,10,0.0,0.0,0.0,False
5c40db3081f356b0,11,0.0,0.0,0.0,False
5c40db3081f356b0,12,0.0,0.0,0.0,False
5c40db3081f356b0,13,0.0,0.0,0.0,False
5c40db3081f356b0,14,0.0,0.0,0.0,False
5c40db3081f356b0,15,0.0,0.0,0.0,False
62537ca12c515819,0,-0.08528348652293849,0.0,-2.2632092237472534,False
62537ca12c515819,1,0.0,0.0,0.0,False
62537ca12c515819,2,0.0,0.0,0.0,False
62537ca12c515819,3,0.0,0.0,0.0,False
62537ca12c515819,4,0.0,0.0,0.0,False
62537ca12c515819,5,0.0,0.0,0.0,False
62537ca12c515819,6,0.0,0.0,0.0,False
62537ca12c515819,7,0.0,0.0,0.0,False
62537ca12c515819,8,0.0,0.0,0.0,False
62537ca12c515819,9,0.0,0.0,0.0,False
62537ca12c515819,10,0.0,0.0,0.0,False
62537ca12c515819,11,0.0,0.0,0.0,False
62537ca12c515819,12,0.0,0.0,0.0,False
62537ca12c515819,13,0.0,0.0,0.0,False
62537ca12c515819,14,0.0,0.0,0.0,False
62537ca12c515819,15,0.0,0.0,0.0,False
65bfcbd936fd5c14,0,0.0,-0.375028133392334,-0.375028133392334,False
65bfcbd936fd5c14,1,0.0,0.0,0.0,False
65bfcbd936fd5c14,2,0.0,0.0,0.0,False
65bfcbd936fd5c14,3,0.0,0.0,0.0,False
65bfcbd936fd5c14,4,0.0,0.0,0.0,False
65bfcbd936fd5c14,5,0.0,0.0,0.0,False
65bfcbd936fd5c14,6,0.0,0.0,0.0,False
65bfcbd936fd5c14,7,0.0,0.0,0.0,False
65bfcbd936fd5c14,8,0.0,0.0,0.0,False
65bfcbd936fd5c14,9,0.0,0.0,0.0,False
65bfcbd936fd5c14,10,0.0,0.0,0.0,False
65bfcbd936fd5c14,11,0.0,0.0,0.0,False
65bfcbd936fd5c14,12,0.0,0.0,0.0,False
65bfcbd936fd5c14,14,0.0,0.0,0.0,False
65bfcbd936fd5c14,15,0.0,0.0,0.0,False
65d7c1f0d2295bc5,0,0.0,0.3061795234680176,0.3061795234680176,False
65d7c1f0d2295bc5,2,0.0,0.0,0.0,False
65d7c1f0d2295bc5,3,0.0,0.0,0.0,False
65d7c1f0d2295bc5,4,0.0,0.0,0.0,False
65d7c1f0d2295bc5,5,0.0,0.0,0.0,False
65d7c1f0d2295bc5,6,0.0,0.0,0.0,False
65d7c1f0d2295bc5,7,0.0,0.0,0.0,False
65d7c1f0d2295bc5,8,0.0,0.0,0.0,False
65d7c1f0d2295bc5,9,0.0,0.0,0.0,False
65d7c1f0d2295bc5,10,0.0,0.0,0.0,False
65d7c1f0d2295bc5,11,0.0,0.0,0.0,False
65d7c1f0d2295bc5,12,0.0,0.0,0.0,False
65d7c1f0d2295bc5,13,0.0,0.0,0.0,False
65d7c1f0d2295bc5,14,0.0,0.0,0.0,False
65d7c1f0d2295bc5,15,0.0,0.0,0.0,False
66e7c71fd7115c09,0,0.0,8.026759147644043,8.026759147644043,False
66e7c71fd7115c09,1,0.0,0.0,0.0,False
66e7c71fd7115c09,2,0.0,0.0,0.0,False
66e7c71fd7115c09,3,0.0,0.0,0.0,False
66e7c71fd7115c09,4,0.0,0.0,0.0,False
66e7c71fd7115c09,5,0.0,0.0,0.0,False
66e7c71fd7115c09,6,0.0,0.0,0.0,False
66e7c71fd7115c09,7,0.0,0.0,0.0,False
66e7c71fd7115c09,8,0.0,0.0,0.0,False
66e7c71fd7115c09,9,0.0,0.0,0.0,False
66e7c71fd7115c09,10,0.0,0.0,0.0,False
66e7c71fd7115c09,11,0.0,0.0,0.0,False
66e7c71fd7115c09,12,0.0,0.0,0.0,False
66e7c71fd7115c09,13,0.0,0.0,0.0,False
66e7c71fd7115c09,14,0.0,0.0,0.0,False
66e7c71fd7115c09,15,0.0,0.0,0.0,False
6855c999dfce5789,0,0.0,0.39687585830688477,0.39687585830688477,False
6855c999dfce5789,5,0.0,0.036010026931762695,0.036010026931762695,False
6855c999dfce5789,6,0.0,-0.0236971378326416,-0.0236971378326416,False
6855c999dfce5789,7,0.0,0.07568597793579102,0.07568597793579102,False
6855c999dfce5789,8,0.0,-0.08612251281738281,-0.08612251281738281,False
6855c999dfce5789,9,0.0,-0.0032265186309814453,-0.0032265186309814453,False
6855c999dfce5789,10,0.0,0.16147422790527344,0.16147422790527344,False
6855c999dfce5789,11,0.0,0.23383188247680664,0.23383188247680664,False
6855c999dfce5789,12,0.0,-0.1331188678741455,-0.1331188678741455,False
6855c999dfce5789,13,0.0,-3.266334533691406e-05,-3.266334533691406e-05,False
6b7b596a545a57e1,0,0.0,0.0,0.0,False
6b7b596a545a57e1,1,0.0,0.0,0.0,False
6b7b596a545a57e1,2,0.0,0.0,0.0,False
6b7b596a545a57e1,3,0.0,0.0,0.0,False
6b7b596a545a57e1,4,0.0,0.0,0.0,False
6b7b596a545a57e1,5,0.0,0.0,0.0,False
6b7b596a545a57e1,6,0.0,0.0,0.0,False
6b7b596a545a57e1,7,0.0,0.0,0.0,False
6b7b596a545a57e1,8,0.0,0.0,0.0,False
6b7b596a545a57e1,9,0.0,0.0,0.0,False
6b7b596a545a57e1,10,0.0,0.0,0.0,False
6b7b596a545a57e1,11,0.0,0.0,0.0,False
6b7b596a545a57e1,12,0.0,0.0,0.0,False
6b7b596a545a57e1,13,0.0,0.0,0.0,False
6b7b596a545a57e1,14,0.0,0.0,0.0,False
6b7b596a545a57e1,15,0.0,0.0,0.0,False
6ff71cf3e791594a,0,0.0,0.2753469944000244,2.282012939453125,False
6ff71cf3e791594a,1,0.0,0.0,0.0,False
6ff71cf3e791594a,2,0.0,0.0,0.0,False
6ff71cf3e791594a,3,0.0,0.0,0.0,False
6ff71cf3e791594a,4,0.0,0.0,0.0,False
6ff71cf3e791594a,5,0.0,0.0,0.0,False
6ff71cf3e791594a,6,0.0,0.0,0.0,False
6ff71cf3e791594a,7,0.0,0.0,0.0,False
6ff71cf3e791594a,8,0.0,0.0,0.0,False
6ff71cf3e791594a,9,0.0,0.0,0.0,False
6ff71cf3e791594a,10,0.0,0.0,0.0,False
6ff71cf3e791594a,11,0.0,0.0,0.0,False
6ff71cf3e791594a,12,0.0,0.0,0.0,False
6ff71cf3e791594a,13,0.0,0.0,0.0,False
6ff71cf3e791594a,14,0.0,0.0,0.0,False
6ff71cf3e791594a,15,0.0,0.0,0.0,False
7050ece774f95fc9,0,0.0,-0.4613034725189209,-0.4613034725189209,False
7050ece774f95fc9,1,0.0,0.0,0.0,False
7050ece774f95fc9,2,0.0,0.0,0.0,False
7050ece774f95fc9,3,0.0,0.0,0.0,False
7050ece774f95fc9,4,0.0,0.0,0.0,False
7050ece774f95fc9,5,0.0,0.0,0.0,False
7050ece774f95fc9,6,0.0,0.0,0.0,False
7050ece774f95fc9,7,0.0,0.0,0.0,False
7050ece774f95fc9,8,0.0,0.0,0.0,False
7050ece774f95fc9,9,0.0,0.0,0.0,False
7050ece774f95fc9,10,0.0,0.0,0.0,False
7050ece774f95fc9,11,0.0,0.0,0.0,False
7050ece774f95fc9,12,0.0,0.0,0.0,False
7050ece774f95fc9,13,0.0,0.0,0.0,False
7050ece774f95fc9,14,0.0,0.0,0.0,False
7050ece774f95fc9,15,0.0,0.0,0.0,False
7166150187475048,0,0.0,0.0,0.0,False
7166150187475048,1,0.0,0.0,0.0,False
7166150187475048,2,0.0,0.0,0.0,False
7166150187475048,3,0.0,0.0,0.0,False
7166150187475048,4,0.0,0.0,0.0,False
7166150187475048,5,0.0,0.0,0.0,False
7166150187475048,6,0.0,0.0,0.0,False
7166150187475048,7,0.0,0.0,0.0,False
7166150187475048,8,0.0,0.0,0.0,False
7166150187475048,9,0.0,0.0,0.0,False
7166150187475048,10,0.0,0.0,0.0,False
7166150187475048,11,0.0,0.0,0.0,False
7166150187475048,12,0.0,0.0,0.0,False
7166150187475048,14,0.0,0.0,0.0,False
7166150187475048,15,0.0,0.0,0.0,False
75aafc7a2e145212,0,0.0,0.2691769599914551,0.2691769599914551,False
75aafc7a2e145212,5,0.0,0.0,0.0,False
75aafc7a2e145212,6,0.0,0.0,0.0,False
75aafc7a2e145212,7,0.0,0.0,0.0,False
75aafc7a2e145212,8,0.0,0.0,0.0,False
75aafc7a2e145212,9,0.0,0.0,0.0,False
75aafc7a2e145212,10,0.0,0.0,0.0,False
75aafc7a2e145212,11,0.0,0.0,0.0,False
75aafc7a2e145212,12,0.0,0.0,0.0,False
75aafc7a2e145212,13,0.0,0.0,0.0,False
7796584a71955f84,0,0.0,0.0,0.6059112548828125,False
7796584a71955f84,5,0.0,0.0,0.0,False
7796584a71955f84,6,0.0,0.0,0.0,False
7796584a71955f84,7,0.0,0.0,0.0,False
7796584a71955f84,8,0.0,0.0,0.0,False
7796584a71955f84,9,0.0,0.0,0.0,False
7796584a71955f84,10,0.0,0.0,0.0,False
7796584a71955f84,12,0.0,0.0,0.0,False
7796584a71955f84,13,0.0,0.0,0.0,False
78c3327e265d5a81,0,0.0,0.0,0.0,False
78c3327e265d5a81,1,0.0,0.0,0.0,False
78c3327e265d5a81,2,0.0,0.0,0.0,False
78c3327e265d5a81,3,0.0,0.0,0.0,False
78c3327e265d5a81,4,0.0,0.0,0.0,False
78c3327e265d5a81,5,0.0,0.0,0.0,False
78c3327e265d5a81,6,0.0,0.0,0.0,False
78c3327e265d5a81,7,0.0,0.0,0.0,False
78c3327e265d5a81,8,0.0,0.0,0.0,False
78c3327e265d5a81,9,0.0,0.0,0.0,False
78c3327e265d5a81,10,0.0,0.0,0.0,False
78c3327e265d5a81,11,0.0,0.0,0.0,False
78c3327e265d5a81,12,0.0,0.0,0.0,False
78c3327e265d5a81,13,0.0,0.0,0.0,False
78c3327e265d5a81,14,0.0,0.0,0.0,False
78c3327e265d5a81,15,0.0,0.0,0.0,False
7924629f69095055,0,0.0,0.0,0.0,False
7924629f69095055,1,0.0,0.0,0.0,False
7924629f69095055,2,0.0,0.0,0.0,False
7924629f69095055,3,0.0,0.0,0.0,False
7924629f69095055,4,0.0,0.0,0.0,False
7924629f69095055,5,0.0,0.0,0.0,False
7924629f69095055,6,0.0,0.0,0.0,False
7924629f69095055,7,0.0,0.0,0.0,False
7924629f69095055,8,0.0,0.0,0.0,False
7924629f69095055,9,0.0,0.0,0.0,False
7924629f69095055,10,0.0,0.0,0.0,False
7924629f69095055,11,0.0,0.0,0.0,False
7924629f69095055,12,0.0,0.0,0.0,False
7924629f69095055,13,0.0,0.0,0.0,False
7924629f69095055,14,0.0,0.0,0.0,False
7924629f69095055,15,0.0,0.0,0.0,False
7a46488aa2d05c51,0,-1.0,-4.2329020500183105,-4.2329020500183105,True
7a46488aa2d05c51,1,0.0,0.0,0.0,False
7a46488aa2d05c51,2,0.0,0.0,0.0,False
7a46488aa2d05c51,3,0.0,0.0,0.0,False
7a46488aa2d05c51,4,0.0,0.0,0.0,False
7a46488aa2d05c51,5,0.0,0.0,0.0,False
7a46488aa2d05c51,6,0.0,0.0,0.0,False
7a46488aa2d05c51,7,0.0,0.0,0.0,False
7a46488aa2d05c51,8,0.0,0.0,0.0,False
7a46488aa2d05c51,9,0.0,0.0,0.0,False
7a46488aa2d05c51,10,0.0,0.0,0.0,False
7a46488aa2d05c51,11,0.0,0.0,0.0,False
7a46488aa2d05c51,12,0.0,0.0,0.0,False
7a46488aa2d05c51,13,0.0,0.0,0.0,False
7a46488aa2d05c51,14,0.0,0.0,0.0,False
7a46488aa2d05c51,15,0.0,0.0,0.0,False
7b2295201cbd5594,0,0.0,0.0,0.0,False
7b2295201cbd5594,2,0.0,0.0,0.0,False
7b2295201cbd5594,3,0.0,0.0,0.0,False
7b2295201cbd5594,5,0.0,0.0,0.0,False
7b2295201cbd5594,6,0.0,0.0,0.0,False
7b2295201cbd5594,7,0.0,0.0,0.0,False
7b2295201cbd5594,8,0.0,0.0,0.0,False
7b2295201cbd5594,9,0.0,0.0,0.0,False
7b2295201cbd5594,10,0.0,0.0,0.0,False
7b2295201cbd5594,11,0.0,0.0,0.0,False
7b2295201cbd5594,12,0.0,0.0,0.0,False
7b2295201cbd5594,13,0.0,0.0,0.0,False
7b2295201cbd5594,14,0.0,0.0,0.0,False
7b2295201cbd5594,15,0.0,0.0,0.0,False
7c270e80d76b5b33,0,0.0,0.0,0.0,False
7c270e80d76b5b33,1,0.0,0.0,0.0,False
7c270e80d76b5b33,2,0.0,0.0,0.0,False
7c270e80d76b5b33,3,0.0,0.0,0.0,False
7c270e80d76b5b33,4,0.0,0.0,0.0,False
7c270e80d76b5b33,5,0.0,0.0,0.0,False
7c270e80d76b5b33,6,0.0,0.0,0.0,False
7c270e80d76b5b33,7,0.0,0.0,0.0,False
7c270e80d76b5b33,8,0.0,0.0,0.0,False
7c270e80d76b5b33,9,0.0,0.0,0.0,False
7c270e80d76b5b33,10,0.0,0.0,0.0,False
7c270e80d76b5b33,11,0.0,0.0,0.0,False
7c270e80d76b5b33,12,0.0,0.0,0.0,False
7c270e80d76b5b33,13,0.0,0.0,0.0,False
7c270e80d76b5b33,14,0.0,0.0,0.0,False
7c270e80d76b5b33,15,0.0,0.0,0.0,False
7dcd407e9ecb562c,0,0.0,0.0,0.0,False
7dcd407e9ecb562c,1,0.0,0.0,0.0,False
7dcd407e9ecb562c,2,0.0,0.0,0.0,False
7dcd407e9ecb562c,3,0.0,0.0,0.0,False
7dcd407e9ecb562c,4,0.0,0.0,0.0,False
7dcd407e9ecb562c,5,0.0,0.0,0.0,False
7dcd407e9ecb562c,6,0.0,0.0,0.0,False
7dcd407e9ecb562c,7,0.0,0.0,0.0,False
7dcd407e9ecb562c,8,0.0,0.0,0.0,False
7dcd407e9ecb562c,9,0.0,0.0,0.0,False
7dcd407e9ecb562c,10,0.0,0.0,0.0,False
7dcd407e9ecb562c,11,0.0,0.0,0.0,False
7dcd407e9ecb562c,12,0.0,0.0,0.0,False
7dcd407e9ecb562c,14,0.0,0.0,0.0,False
7dcd407e9ecb562c,15,0.0,0.0,0.0,False
7f862c8f35155e04,0,0.0,0.005717635154724121,0.005717635154724121,False
7f862c8f35155e04,5,0.0,0.0,0.0,False
7f862c8f35155e04,6,0.0,0.0,0.0,False
7f862c8f35155e04,7,0.0,0.0,0.0,False
7f862c8f35155e04,8,0.0,0.0,0.0,False
7f862c8f35155e04,9,0.0,0.0,0.0,False
7f862c8f35155e04,10,0.0,0.0,0.0,False
7f862c8f35155e04,11,0.0,0.0,0.0,False
7f862c8f35155e04,12,0.0,0.0,0.0,False
7f862c8f35155e04,13,0.0,0.0,0.0,False
81dcaf9786a05fdf,0,0.0,0.0,0.0,False
81dcaf9786a05fdf,1,0.0,0.0,0.0,False
81dcaf9786a05fdf,2,0.0,0.0,0.0,False
81dcaf9786a05fdf,3,0.0,0.0,0.0,False
81dcaf9786a05fdf,4,0.0,0.0,0.0,False
81dcaf9786a05fdf,5,0.0,0.0,0.0,False
81dcaf9786a05fdf,6,0.0,0.0,0.0,False
81dcaf9786a05fdf,7,0.0,0.0,0.0,False
81dcaf9786a05fdf,8,0.0,0.0,0.0,False
81dcaf9786a05fdf,9,0.0,0.0,0.0,False
81dcaf9786a05fdf,10,0.0,0.0,0.0,False
81dcaf9786a05fdf,11,0.0,0.0,0.0,False
81dcaf9786a05fdf,12,0.0,0.0,0.0,False
81dcaf9786a05fdf,14,0.0,0.0,0.0,False
81dcaf9786a05fdf,15,0.0,0.0,0.0,False
8563efa36dfd5772,0,0.0,-0.03224635124206543,-0.471950888633728,False
8563efa36dfd5772,1,0.0,0.0,0.0,False
8563efa36dfd5772,2,0.0,0.0,0.0,False
8563efa36dfd5772,3,0.0,0.0,0.0,False
8563efa36dfd5772,4,0.0,0.0,0.0,False
8563efa36dfd5772,5,0.0,0.0,0.0,False
8563efa36dfd5772,6,0.0,0.0,0.0,False
8563efa36dfd5772,7,0.0,0.0,0.0,False
8563efa36dfd5772,8,0.0,0.0,0.0,False
8563efa36dfd5772,9,0.0,0.0,0.0,False
8563efa36dfd5772,10,0.0,0.0,0.0,False
8563efa36dfd5772,11,0.0,0.0,0.0,False
8563efa36dfd5772,12,0.0,0.0,0.0,False
8563efa36dfd5772,13,0.0,0.0,0.0,False
8563efa36dfd5772,14,0.0,0.0,0.0,False
8563efa36dfd5772,15,0.0,0.0,0.0,False
86fc9a2032155d1e,0,0.0,-0.07196664810180664,-0.07196664810180664,False
86fc9a2032155d1e,5,0.0,0.0,0.0,False
86fc9a2032155d1e,6,0.0,0.0,0.0,False
86fc9a2032155d1e,7,0.0,0.0,0.0,False
86fc9a2032155d1e,8,0.0,0.0,0.0,False
86fc9a2032155d1e,9,0.0,0.0,0.0,False
86fc9a2032155d1e,10,0.0,0.0,0.0,False
86fc9a2032155d1e,11,0.0,0.0,0.0,False
86fc9a2032155d1e,12,0.0,0.0,0.0,False
86fc9a2032155d1e,13,0.0,0.0,0.0,False
87a5055d284c5085,0,0.0,0.0,0.0,False
87a5055d284c5085,1,0.0,0.0,0.0,False
87a5055d284c5085,2,0.0,0.0,0.0,False
87a5055d284c5085,3,0.0,0.0,0.0,False
87a5055d284c5085,4,0.0,0.0,0.0,False
87a5055d284c5085,5,0.0,0.0,0.0,False
87a5055d284c5085,6,0.0,0.0,0.0,False
87a5055d284c5085,7,0.0,0.0,0.0,False
87a5055d284c5085,8,0.0,0.0,0.0,False
87a5055d284c5085,9,0.0,0.0,0.0,False
87a5055d284c5085,10,0.0,0.0,0.0,False
87a5055d284c5085,11,0.0,0.0,0.0,False
87a5055d284c5085,12,0.0,0.0,0.0,False
87a5055d284c5085,13,0.0,0.0,0.0,False
87a5055d284c5085,14,0.0,0.0,0.0,False
87a5055d284c5085,15,0.0,0.0,0.0,False
8ca2a2f7219c58e8,0,0.0,0.4075354337692261,0.4075354337692261,False
8ca2a2f7219c58e8,1,0.0,0.0,0.0,False
8ca2a2f7219c58e8,2,0.0,0.0,0.0,False
8ca2a2f7219c58e8,3,0.0,0.0,0.0,False
8ca2a2f7219c58e8,4,0.0,0.0,0.0,False
8ca2a2f7219c58e8,5,0.0,0.0,0.0,False
8ca2a2f7219c58e8,6,0.0,0.0,0.0,False
8ca2a2f7219c58e8,7,0.0,0.0,0.0,False
8ca2a2f7219c58e8,8,0.0,0.0,0.0,False
8ca2a2f7219c58e8,9,0.0,0.0,0.0,False
8ca2a2f7219c58e8,10,0.0,0.0,0.0,False
8ca2a2f7219c58e8,11,0.0,0.0,0.0,False
8ca2a2f7219c58e8,12,0.0,0.0,0.0,False
8ca2a2f7219c58e8,13,0.0,0.0,0.0,False
8ca2a2f7219c58e8,14,0.0,0.0,0.0,False
8ca2a2f7219c58e8,15,0.0,0.0,0.0,False
8ce0610c07fe5d2b,0,0.0,0.0,0.0,False
8ce0610c07fe5d2b,1,0.0,0.0,0.0,False
8ce0610c07fe5d2b,2,0.0,0.0,0.0,False
8ce0610c07fe5d2b,3,0.0,0.0,0.0,False
8ce0610c07fe5d2b,4,0.0,0.0,0.0,False
8ce0610c07fe5d2b,5,0.0,0.0,0.0,False
8ce0610c07fe5d2b,6,0.0,0.0,0.0,False
8ce0610c07fe5d2b,7,0.0,0.0,0.0,False
8ce0610c07fe5d2b,8,0.0,0.0,0.0,False
8ce0610c07fe5d2b,9,0.0,0.0,0.0,False
8ce0610c07fe5d2b,10,0.0,0.0,0.0,False
8ce0610c07fe5d2b,11,0.0,0.0,0.0,False
8ce0610c07fe5d2b,12,0.0,0.0,0.0,False
8ce0610c07fe5d2b,13,0.0,0.0,0.0,False
8ce0610c07fe5d2b,14,0.0,0.0,0.0,False
8ce0610c07fe5d2b,15,0.0,0.0,0.0,False
8d35d21132b75422,0,0.0,0.0,-0.6686954498291016,False
8d35d21132b75422,1,0.0,0.0,0.0,False
8d35d21132b75422,2,0.0,0.0,0.0,False
8d35d21132b75422,3,0.0,0.0,0.0,False
8d35d21132b75422,4,0.0,0.0,0.0,False
8d35d21132b75422,5,0.0,0.0,0.0,False
8d35d21132b75422,6,0.0,0.0,0.0,False
8d35d21132b75422,7,0.0,0.0,0.0,False
8d35d21132b75422,8,0.0,0.0,0.0,False
8d35d21132b75422,9,0.0,0.0,0.0,False
8d35d21132b75422,10,0.0,0.0,0.0,False
8d35d21132b75422,11,0.0,0.0,0.0,False
8d35d21132b75422,12,0.0,0.0,0.0,False
8d35d21132b75422,14,0.0,0.0,0.0,False
8d35d21132b75422,15,0.0,0.0,0.0,False
8d8e25dc5e955ab2,0,0.0,0.19107836484909058,0.19107836484909058,False
8d8e25dc5e955ab2,1,0.0,0.0,0.0,False
8d8e25dc5e955ab2,2,0.0,0.0,0.0,False
8d8e25dc5e955ab2,3,0.0,0.0,0.0,False
8d8e25dc5e955ab2,4,0.0,0.0,0.0,False
8d8e25dc5e955ab2,5,0.0,0.0,0.0,False
8d8e25dc5e955ab2,6,0.0,0.0,0.0,False
8d8e25dc5e955ab2,7,0.0,0.0,0.0,False
8d8e25dc5e955ab2,8,0.0,0.0,0.0,False
8d8e25dc5e955ab2,9,0.0,0.0,0.0,False
8d8e25dc5e955ab2,10,0.0,0.0,0.0,False
8d8e25dc5e955ab2,11,0.0,0.0,0.0,False
8d8e25dc5e955ab2,12,0.0,0.0,0.0,False
8d8e25dc5e955ab2,13,0.0,0.0,0.0,False
8d8e25dc5e955ab2,14,0.0,0.0,0.0,False
8d8e25dc5e955ab2,15,0.0,0.0,0.0,False
9381bf90306255b2,0,0.0,-5.485254198312759,-5.485254198312759,False
9381bf90306255b2,1,0.0,0.0,0.0,False
9381bf90306255b2,2,0.0,0.0,0.0,False
9381bf90306255b2,3,0.0,0.0,0.0,False
9381bf90306255b2,4,0.0,0.0,0.0,False
9381bf90306255b2,5,0.0,0.0,0.0,False
9381bf90306255b2,6,0.0,0.0,0.0,False
9381bf90306255b2,7,0.0,0.0,0.0,False
9381bf90306255b2,8,0.0,0.0,0.0,False
9381bf90306255b2,9,0.0,0.0,0.0,False
9381bf90306255b2,10,0.0,0.0,0.0,False
9381bf90306255b2,11,0.0,0.0,0.0,False
9381bf90306255b2,12,0.0,0.0,0.0,False
9381bf90306255b2,14,0.0,0.0,0.0,False
9381bf90306255b2,15,0.0,0.0,0.0,False
939cb55c41fb54d7,0,0.0,0.0,-0.8591517210006714,False
939cb55c41fb54d7,1,0.0,0.0,0.0,False
939cb55c41fb54d7,2,0.0,0.0,0.0,False
939cb55c41fb54d7,3,0.0,0.0,0.0,False
939cb55c41fb54d7,4,0.0,0.0,0.0,False
939cb55c41fb54d7,5,0.0,0.0,0.0,False
939cb55c41fb54d7,6,0.0,0.0,0.0,False
939cb55c41fb54d7,7,0.0,0.0,0.0,False
939cb55c41fb54d7,8,0.0,0.0,0.0,False
939cb55c41fb54d7,9,0.0,0.0,0.0,False
939cb55c41fb54d7,10,0.0,0.0,0.0,False
939cb55c41fb54d7,11,0.0,0.0,0.0,False
939cb55c41fb54d7,12,0.0,0.0,0.0,False
939cb55c41fb54d7,13,0.0,0.0,0.0,False
939cb55c41fb54d7,14,0.0,0.0,0.0,False
939cb55c41fb54d7,15,0.0,0.0,0.0,False
9491d1880d6659a3,0,0.042300963398517744,-0.16278672218322754,-0.16278672218322754,False
9491d1880d6659a3,1,0.0,0.0,0.0,False
9491d1880d6659a3,2,0.0,0.0,0.0,False
9491d1880d6659a3,3,0.0,0.0,0.0,False
9491d1880d6659a3,4,0.0,0.0,0.0,False
9491d1880d6659a3,5,0.0,0.0,0.0,False
9491d1880d6659a3,6,0.0,0.0,0.0,False
9491d1880d6659a3,7,0.0,0.0,0.0,False
9491d1880d6659a3,8,0.0,0.0,0.0,False
9491d1880d6659a3,9,0.0,0.0,0.0,False
9491d1880d6659a3,10,0.0,0.0,0.0,False
9491d1880d6659a3,11,0.0,0.0,0.0,False
9491d1880d6659a3,12,0.0,0.0,0.0,False
9491d1880d6659a3,13,0.0,0.0,0.0,False
9491d1880d6659a3,14,0.0,0.0,0.0,False
9491d1880d6659a3,15,0.0,0.0,0.0,False
9716430ebdca58e4,0,0.0,0.7457268238067627,0.7457268238067627,False
9716430ebdca58e4,1,0.0,0.0,0.0,False
9716430ebdca58e4,2,0.0,0.0,0.0,False
9716430ebdca58e4,3,0.0,0.0,0.0,False
9716430ebdca58e4,4,0.0,0.0,0.0,False
9716430ebdca58e4,5,0.0,0.0,0.0,False
9716430ebdca58e4,6,0.0,0.0,0.0,False
9716430ebdca58e4,7,0.0,0.0,0.0,False
9716430ebdca58e4,8,0.0,0.0,0.0,False
9716430ebdca58e4,9,0.0,0.0,0.0,False
9716430ebdca58e4,10,0.0,0.0,0.0,False
9716430ebdca58e4,11,0.0,0.0,0.0,False
9716430ebdca58e4,12,0.0,0.0,0.0,False
9716430ebdca58e4,13,0.0,0.0,0.0,False
9716430ebdca58e4,14,0.0,0.0,0.0,False
9716430ebdca58e4,15,0.0,0.0,0.0,False
984f34fde55d59e0,0,0.0,0.1262725591659546,0.1262725591659546,False
984f34fde55d59e0,1,0.0,0.0,0.0,False
984f34fde55d59e0,2,0.0,0.0,0.0,False
984f34fde55d59e0,3,0.0,0.0,0.0,False
984f34fde55d59e0,4,0.0,0.0,0.0,False
984f34fde55d59e0,5,0.0,0.0,0.0,False
984f34fde55d59e0,6,0.0,0.0,0.0,False
984f34fde55d59e0,7,0.0,0.0,0.0,False
984f34fde55d59e0,8,0.0,0.0,0.0,False
984f34fde55d59e0,9,0.0,0.0,0.0,False
984f34fde55d59e0,10,0.0,0.0,0.0,False
984f34fde55d59e0,11,0.0,0.0,0.0,False
984f34fde55d59e0,12,0.0,0.0,0.0,False
984f34fde55d59e0,13,0.0,0.0,0.0,False
984f34fde55d59e0,14,0.0,0.0,0.0,False
984f34fde55d59e0,15,0.0,0.0,0.0,False
98a21be9df5e536d,0,0.0699148287026955,0.0,-2.2050418853759766,False
98a21be9df5e536d,1,0.0,0.0,0.0,False
98a21be9df5e536d,2,0.0,0.0,0.0,False
98a21be9df5e536d,3,0.0,0.0,0.0,False
98a21be9df5e536d,4,0.0,0.0,0.0,False
98a21be9df5e536d,5,0.0,0.0,0.0,False
98a21be9df5e536d,6,0.0,0.0,0.0,False
98a21be9df5e536d,7,0.0,0.0,0.0,False
98a21be9df5e536d,8,0.0,0.0,0.0,False
98a21be9df5e536d,9,0.0,0.0,0.0,False
98a21be9df5e536d,10,0.0,0.0,0.0,False
98a21be9df5e536d,11,0.0,0.0,0.0,False
98a21be9df5e536d,12,0.0,0.0,0.0,False
98a21be9df5e536d,13,0.0,0.0,0.0,False
98a21be9df5e536d,14,0.0,0.0,0.0,False
98a21be9df5e536d,15,0.0,0.0,0.0,False
9b56207d416a5f74,0,-0.9859395142173902,-1.6123136281967163,-1.6184066534042358,True
9b56207d416a5f74,1,0.0,0.0,0.0,False
9b56207d416a5f74,2,0.0,0.0,0.0,False
9b56207d416a5f74,3,0.0,0.0,0.0,False
9b56207d416a5f74,4,0.0,0.0,0.0,False
9b56207d416a5f74,5,0.0,0.0,0.0,False
9b56207d416a5f74,6,0.0,0.0,0.0,False
9b56207d416a5f74,7,0.0,0.0,0.0,False
9b56207d416a5f74,8,0.0,0.0,0.0,False
9b56207d416a5f74,9,0.0,0.0,0.0,False
9b56207d416a5f74,10,0.0,0.0,0.0,False
9b56207d416a5f74,11,0.0,0.0,0.0,False
9b56207d416a5f74,12,0.0,0.0,0.0,False
9b56207d416a5f74,13,0.0,0.0,0.0,False
9b56207d416a5f74,14,0.0,0.0,0.0,False
9b56207d416a5f74,15,0.0,0.0,0.0,False
9e67e0c2170d5a92,0,0.0,0.4808499813079834,0.4808499813079834,False
9e67e0c2170d5a92,1,0.0,0.0,0.0,False
9e67e0c2170d5a92,2,0.0,0.0,0.0,False
9e67e0c2170d5a92,3,0.0,0.0,0.0,False
9e67e0c2170d5a92,4,0.0,0.0,0.0,False
9e67e0c2170d5a92,5,0.0,0.0,0.0,False
9e67e0c2170d5a92,6,0.0,0.0,0.0,False
9e67e0c2170d5a92,7,0.0,0.0,0.0,False
9e67e0c2170d5a92,8,0.0,0.0,0.0,False
9e67e0c2170d5a92,9,0.0,0.0,0.0,False
9e67e0c2170d5a92,10,0.0,0.0,0.0,False
9e67e0c2170d5a92,11,0.0,0.0,0.0,False
9e67e0c2170d5a92,12,0.0,0.0,0.0,False
9e67e0c2170d5a92,13,0.0,0.0,0.0,False
9e67e0c2170d5a92,14,0.0,0.0,0.0,False
9e67e0c2170d5a92,15,0.0,0.0,0.0,False
a15e46c742d75292,0,0.0,0.0,0.0,False
a15e46c742d75292,1,0.0,0.0,0.0,False
a15e46c742d75292,2,0.0,0.0,0.0,False
a15e46c742d75292,3,0.0,0.0,0.0,False
a15e46c742d75292,4,0.0,0.0,0.0,False
a15e46c742d75292,5,0.0,0.0,0.0,False
a15e46c742d75292,6,0.0,0.0,0.0,False
a15e46c742d75292,7,0.0,0.0,0.0,False
a15e46c742d75292,8,0.0,0.0,0.0,False
a15e46c742d75292,9,0.0,0.0,0.0,False
a15e46c742d75292,10,0.0,0.0,0.0,False
a15e46c742d75292,11,0.0,0.0,0.0,False
a15e46c742d75292,12,0.0,0.0,0.0,False
a15e46c742d75292,13,0.0,0.0,0.0,False
a15e46c742d75292,14,0.0,0.0,0.0,False
a15e46c742d75292,15,0.0,0.0,0.0,False
a4e9b355053757ea,0,-0.8571428571428571,-1.2536342144012451,-1.2536342144012451,True
a4e9b355053757ea,1,0.0,0.0,0.0,False
a4e9b355053757ea,2,0.0,0.0,0.0,False
a4e9b355053757ea,3,0.0,0.0,0.0,False
a4e9b355053757ea,4,0.0,0.0,0.0,False
a4e9b355053757ea,5,0.0,0.0,0.0,False
a4e9b355053757ea,6,0.0,0.0,0.0,False
a4e9b355053757ea,7,0.0,0.0,0.0,False
a4e9b355053757ea,8,0.0,-0.028690218925476074,-0.028690218925476074,False
a4e9b355053757ea,9,0.0,0.0,0.0,False
a4e9b355053757ea,10,0.0,0.0,0.0,False
a4e9b355053757ea,11,0.0,0.0,0.0,False
a4e9b355053757ea,12,0.0,0.0,0.0,False
a4e9b355053757ea,14,0.0,0.0,0.0,False
a4e9b355053757ea,15,0.0,0.0,0.0,False
a7369b4251595080,0,0.04279512782068551,-0.6948269605636597,-3.5959171056747437,False
a7369b4251595080,1,0.0,0.0,0.0,False
a7369b4251595080,2,0.0,0.0,0.0,False
a7369b4251595080,3,0.0,0.0,0.0,False
a7369b4251595080,4,0.0,0.0,0.0,False
a7369b4251595080,5,0.0,0.0,0.0,False
a7369b4251595080,6,0.0,0.0,0.0,False
a7369b4251595080,7,0.0,0.0,0.0,False
a7369b4251595080,8,0.0,0.0,0.0,False
a7369b4251595080,9,0.0,0.0,0.0,False
a7369b4251595080,10,0.0,0.0,0.0,False
a7369b4251595080,11,0.0,0.0,0.0,False
a7369b4251595080,12,0.0,0.0,0.0,False
a7369b4251595080,13,0.0,0.0,0.0,False
a7369b4251595080,14,0.0,0.0,0.0,False
a7369b4251595080,15,0.0,0.0,0.0,False
aaafd2e0d5235647,0,0.0,0.0,-0.3448753356933594,False
aaafd2e0d5235647,1,0.0,0.0,0.0,False
aaafd2e0d5235647,2,0.0,0.0,0.0,False
aaafd2e0d5235647,3,0.0,0.0,0.0,False
aaafd2e0d5235647,4,0.0,0.0,0.0,False
aaafd2e0d5235647,5,0.0,0.0,0.0,False
aaafd2e0d5235647,6,0.0,0.0,0.0,False
aaafd2e0d5235647,7,0.0,0.0,0.0,False
aaafd2e0d5235647,8,0.0,0.0,0.0,False
aaafd2e0d5235647,9,0.0,0.0,0.0,False
aaafd2e0d5235647,10,0.0,0.0,0.0,False
aaafd2e0d5235647,11,0.0,0.0,0.0,False
aaafd2e0d5235647,12,0.0,0.0,0.0,False
aaafd2e0d5235647,13,0.0,0.0,0.0,False
aaafd2e0d5235647,14,0.0,0.0,0.0,False
aaafd2e0d5235647,15,0.0,0.0,0.0,False
abb420f4f4cb5ebf,0,0.0,-0.4303571581840515,-0.8724616169929504,False
abb420f4f4cb5ebf,1,0.0,0.0,0.0,False
abb420f4f4cb5ebf,2,0.0,0.0,0.0,False
abb420f4f4cb5ebf,3,0.0,0.0,0.0,False
abb420f4f4cb5ebf,4,0.0,0.0,0.0,False
abb420f4f4cb5ebf,5,0.0,0.0,0.0,False
abb420f4f4cb5ebf,6,0.0,0.0,0.0,False
abb420f4f4cb5ebf,7,0.0,0.0,0.0,False
abb420f4f4cb5ebf,8,0.0,0.0,0.0,False
abb420f4f4cb5ebf,9,0.0,0.0,0.0,False
abb420f4f4cb5ebf,10,0.0,0.0,0.0,False
abb420f4f4cb5ebf,11,0.0,0.0,0.0,False
abb420f4f4cb5ebf,12,0.0,0.0,0.0,False
abb420f4f4cb5ebf,13,0.0,0.0,0.0,False
abb420f4f4cb5ebf,14,0.0,0.0,0.0,False
abb420f4f4cb5ebf,15,0.0,0.0,0.0,False
ac3df24969fc5871,0,0.0,-1.2709143161773682,-1.2709143161773682,False
ac3df24969fc5871,1,0.0,0.0,0.0,False
ac3df24969fc5871,2,0.0,0.0,0.0,False
ac3df24969fc5871,3,0.0,0.0,0.0,False
ac3df24969fc5871,4,0.0,0.0,0.0,False
ac3df24969fc5871,5,0.0,0.0,0.0,False
ac3df24969fc5871,6,0.0,0.0,0.0,False
ac3df24969fc5871,7,0.0,0.0,0.0,False
ac3df24969fc5871,8,0.0,0.0,0.0,False
ac3df24969fc5871,9,0.0,0.0,0.0,False
ac3df24969fc5871,10,0.0,0.0,0.0,False
ac3df24969fc5871,11,0.0,0.0,0.0,False
ac3df24969fc5871,12,0.0,0.0,0.0,False
ac3df24969fc5871,14,0.0,0.0,0.0,False
ac3df24969fc5871,15,0.0,0.0,0.0,False
afed579657425088,0,0.0,1.591892957687378,1.591892957687378,False
afed579657425088,1,0.0,0.0,0.0,False
afed579657425088,2,0.0,0.0,0.0,False
afed579657425088,3,0.0,0.0,0.0,False
afed579657425088,4,0.0,0.0,0.0,False
afed579657425088,5,0.0,0.0,0.0,False
afed579657425088,6,0.0,0.0,0.0,False
afed579657425088,7,0.0,0.0,0.0,False
afed579657425088,8,0.0,0.0,0.0,False
afed579657425088,9,0.0,0.0,0.0,False
afed579657425088,10,0.0,0.0,0.0,False
afed579657425088,11,0.0,0.0,0.0,False
afed579657425088,12,0.0,0.0,0.0,False
afed579657425088,13,0.0,0.0,0.0,False
afed579657425088,14,0.0,0.0,0.0,False
afed579657425088,15,0.0,0.0,0.0,False
b4e8fe6729555a36,0,0.0,-2.0745601654052734,-4.261629104614258,False
b4e8fe6729555a36,1,0.0,0.0,0.0,False
b4e8fe6729555a36,2,0.0,0.0,0.0,False
b4e8fe6729555a36,3,0.0,0.0,0.0,False
b4e8fe6729555a36,4,0.0,0.0,0.0,False
b4e8fe6729555a36,5,0.0,0.0,0.0,False
b4e8fe6729555a36,6,0.0,0.0,0.0,False
b4e8fe6729555a36,7,0.0,0.0,0.0,False
b4e8fe6729555a36,8,0.0,0.0,0.0,False
b4e8fe6729555a36,9,0.0,0.0,0.0,False
b4e8fe6729555a36,10,0.0,0.0,0.0,False
b4e8fe6729555a36,11,0.0,0.0,0.0,False
b4e8fe6729555a36,12,0.0,0.0,0.0,False
b4e8fe6729555a36,13,0.0,0.0,0.0,False
b4e8fe6729555a36,14,0.0,0.0,0.0,False
b4e8fe6729555a36,15,0.0,0.0,0.0,False
b649db17afea5a36,0,0.0496873883808594,-0.49431848526000977,-3.9394787549972534,False
b649db17afea5a36,1,0.0,0.0,0.0,False
b649db17afea5a36,2,0.0,0.0,0.0,False
b649db17afea5a36,3,0.0,0.0,0.0,False
b649db17afea5a36,4,0.0,0.0,0.0,False
b649db17afea5a36,5,0.0,0.0,0.0,False
b649db17afea5a36,6,0.0,0.0,0.0,False
b649db17afea5a36,7,0.0,0.0,0.0,False
b649db17afea5a36,8,0.0,0.0,0.0,False
b649db17afea5a36,9,0.0,0.0,0.0,False
b649db17afea5a36,10,0.0,0.0,0.0,False
b649db17afea5a36,11,0.0,0.0,0.0,False
b649db17afea5a36,12,0.0,0.0,0.0,False
b649db17afea5a36,13,0.0,0.0,0.0,False
b649db17afea5a36,14,0.0,0.0,0.0,False
b649db17afea5a36,15,0.0,0.0,0.0,False
b71e61114ce55fee,0,0.0,0.0,0.0,False
b71e61114ce55fee,5,0.0,0.0,0.0,False
b71e61114ce55fee,6,0.0,0.0,0.0,False
b71e61114ce55fee,7,0.0,0.0,0.0,False
b71e61114ce55fee,8,0.0,0.0,0.0,False
b71e61114ce55fee,9,0.0,0.0,0.0,False
b71e61114ce55fee,10,0.0,0.0,0.0,False
b71e61114ce55fee,11,0.0,0.0,0.0,False
b71e61114ce55fee,12,0.0,0.0,0.0,False
b71e61114ce55fee,13,0.0,0.0,0.0,False
b9dd15639eee5285,0,0.0,-0.05161023139953613,-0.05161023139953613,False
b9dd15639eee5285,1,0.0,0.0,0.0,False
b9dd15639eee5285,2,0.0,0.0,0.0,False
b9dd15639eee5285,3,0.0,0.0,0.0,False
b9dd15639eee5285,4,0.0,0.0,0.0,False
b9dd15639eee5285,5,0.0,0.0,0.0,False
b9dd15639eee5285,6,0.0,0.0,0.0,False
b9dd15639eee5285,7,0.0,0.0,0.0,False
b9dd15639eee5285,8,0.0,0.0,0.0,False
b9dd15639eee5285,9,0.0,0.0,0.0,False
b9dd15639eee5285,10,0.0,0.0,0.0,False
b9dd15639eee5285,11,0.0,0.0,0.0,False
b9dd15639eee5285,12,0.0,0.0,0.0,False
b9dd15639eee5285,13,0.0,0.0,0.0,False
b9dd15639eee5285,14,0.0,0.0,0.0,False
b9dd15639eee5285,15,0.0,0.0,0.0,False
baa216ccdbf55aac,0,0.0,0.8038294315338135,0.8038294315338135,False
baa216ccdbf55aac,1,0.0,0.0,0.0,False
baa216ccdbf55aac,2,0.0,0.0,0.0,False
baa216ccdbf55aac,3,0.0,0.0,0.0,False
baa216ccdbf55aac,4,0.0,0.0,0.0,False
baa216ccdbf55aac,5,0.0,0.0,0.0,False
baa216ccdbf55aac,6,0.0,0.0,0.0,False
baa216ccdbf55aac,7,0.0,0.0,0.0,False
baa216ccdbf55aac,8,0.0,0.0,0.0,False
baa216ccdbf55aac,9,0.0,0.0,0.0,False
baa216ccdbf55aac,10,0.0,0.0,0.0,False
baa216ccdbf55aac,11,0.0,0.0,0.0,False
baa216ccdbf55aac,12,0.0,0.0,0.0,False
baa216ccdbf55aac,13,0.0,0.0,0.0,False
baa216ccdbf55aac,14,0.0,0.0,0.0,False
baa216ccdbf55aac,15,0.0,0.0,0.0,False
baf900a209655dd5,0,0.0,0.0,-0.22031354904174805,False
baf900a209655dd5,1,0.0,0.0,0.0,False
baf900a209655dd5,2,0.0,0.0,0.0,False
baf900a209655dd5,3,0.0,0.0,0.0,False
baf900a209655dd5,4,0.0,0.0,0.0,False
baf900a209655dd5,5,0.0,0.0,0.0,False
baf900a209655dd5,6,0.0,0.0,0.0,False
baf900a209655dd5,7,0.0,0.0,0.0,False
baf900a209655dd5,8,0.0,0.0,0.0,False
baf900a209655dd5,9,0.0,0.0,0.0,False
baf900a209655dd5,10,0.0,0.0,0.0,False
baf900a209655dd5,11,0.0,0.0,0.0,False
baf900a209655dd5,12,0.0,0.0,0.0,False
baf900a209655dd5,13,0.0,0.0,0.0,False
baf900a209655dd5,14,0.0,0.0,0.0,False
baf900a209655dd5,15,0.0,0.0,0.0,False
beb5adbed3c85047,0,0.0,3.3535550832748413,3.3535550832748413,False
beb5adbed3c85047,1,0.0,0.0,0.0,False
beb5adbed3c85047,2,0.0,0.0,0.0,False
beb5adbed3c85047,3,0.0,0.0,0.0,False
beb5adbed3c85047,4,0.0,0.0,0.0,False
beb5adbed3c85047,5,0.0,0.0,0.0,False
beb5adbed3c85047,6,0.0,0.0,0.0,False
beb5adbed3c85047,7,0.0,0.0,0.0,False
beb5adbed3c85047,8,0.0,0.0,0.0,False
beb5adbed3c85047,9,0.0,0.0,0.0,False
beb5adbed3c85047,10,0.0,0.0,0.0,False
beb5adbed3c85047,11,0.0,0.0,0.0,False
beb5adbed3c85047,12,0.0,0.0,0.0,False
beb5adbed3c85047,13,0.0,0.0,0.0,False
beb5adbed3c85047,14,0.0,0.0,0.0,False
beb5adbed3c85047,15,0.0,0.0,0.0,False
c0efdd3187b75e46,0,0.0,-0.179945707321167,-0.179945707321167,False
c0efdd3187b75e46,5,0.0,0.0,0.0,False
c0efdd3187b75e46,6,0.0,0.0,0.0,False
c0efdd3187b75e46,7,0.0,0.0,0.0,False
c0efdd3187b75e46,8,0.0,0.0,0.0,False
c0efdd3187b75e46,9,0.0,0.0,0.0,False
c0efdd3187b75e46,10,0.0,0.0,0.0,False
c0efdd3187b75e46,11,0.0,0.0,0.0,False
c0efdd3187b75e46,12,0.0,0.0,0.0,False
c0efdd3187b75e46,13,0.0,0.0,0.0,False
c13dbf32823b5383,0,0.0,2.340700387954712,2.340700387954712,False
c13dbf32823b5383,1,0.0,0.0,0.0,False
c13dbf32823b5383,2,0.0,0.0,0.0,False
c13dbf32823b5383,3,0.0,0.0,0.0,False
c13dbf32823b5383,4,0.0,0.0,0.0,False
c13dbf32823b5383,5,0.0,0.0,0.0,False
c13dbf32823b5383,6,0.0,0.0,0.0,False
c13dbf32823b5383,7,0.0,0.0,0.0,False
c13dbf32823b5383,8,0.0,0.0,0.0,False
c13dbf32823b5383,9,0.0,0.0,0.0,False
c13dbf32823b5383,10,0.0,0.0,0.0,False
c13dbf32823b5383,11,0.0,0.0,0.0,False
c13dbf32823b5383,12,0.0,0.0,0.0,False
c13dbf32823b5383,13,0.0,0.0,0.0,False
c13dbf32823b5383,14,0.0,0.0,0.0,False
c13dbf32823b5383,15,0.0,0.0,0.0,False
c33f4f6f7d675bbf,0,0.0,0.0,0.37536561489105225,False
c33f4f6f7d675bbf,1,0.0,0.0,0.0,False
c33f4f6f7d675bbf,2,0.0,0.0,0.0,False
c33f4f6f7d675bbf,3,0.0,0.0,0.0,False
c33f4f6f7d675bbf,4,0.0,0.0,0.0,False
c33f4f6f7d675bbf,5,0.0,0.0,0.0,False
c33f4f6f7d675bbf,6,0.0,0.0,0.0,False
c33f4f6f7d675bbf,7,0.0,0.0,0.0,False
c33f4f6f7d675bbf,8,0.0,0.0,0.0,False
c33f4f6f7d675bbf,9,0.0,0.0,0.0,False
c33f4f6f7d675bbf,10,0.0,0.0,0.0,False
c33f4f6f7d675bbf,11,0.0,0.0,0.0,False
c33f4f6f7d675bbf,12,0.0,0.0,0.0,False
c33f4f6f7d675bbf,13,0.0,0.0,0.0,False
c33f4f6f7d675bbf,14,0.0,0.0,0.0,False
c33f4f6f7d675bbf,15,0.0,0.0,0.0,False
c3bd00c16e1951e0,0,0.0,0.0435028076171875,0.0435028076171875,False
c3bd00c16e1951e0,1,0.0,0.0,0.0,False
c3bd00c16e1951e0,2,0.0,0.0,0.0,False
c3bd00c16e1951e0,3,0.0,0.0,0.0,False
c3bd00c16e1951e0,4,0.0,0.0,0.0,False
c3bd00c16e1951e0,5,0.0,0.0,0.0,False
c3bd00c16e1951e0,6,0.0,0.0,0.0,False
c3bd00c16e1951e0,7,0.0,0.0,0.0,False
c3bd00c16e1951e0,8,0.0,0.0,0.0,False
c3bd00c16e1951e0,9,0.0,0.0,0.0,False
c3bd00c16e1951e0,10,0.0,0.0,0.0,False
c3bd00c16e1951e0,11,0.0,0.0,0.0,False
c3bd00c16e1951e0,12,0.0,0.0,0.0,False
c3bd00c16e1951e0,14,0.0,0.0,0.0,False
c3bd00c16e1951e0,15,0.0,0.0,0.0,False
c96621a27a065909,0,0.0,-0.3367210626602173,-0.3367210626602173,False
c96621a27a065909,1,0.0,0.0,0.0,False
c96621a27a065909,2,0.0,0.0,0.0,False
c96621a27a065909,3,0.0,0.0,0.0,False
c96621a27a065909,4,0.0,0.0,0.0,False
c96621a27a065909,5,0.0,0.0,0.0,False
c96621a27a065909,6,0.0,0.0,0.0,False
c96621a27a065909,7,0.0,0.0,0.0,False
c96621a27a065909,8,0.0,0.0,0.0,False
c96621a27a065909,9,0.0,0.0,0.0,False
c96621a27a065909,10,0.0,0.0,0.0,False
c96621a27a065909,11,0.0,0.0,0.0,False
c96621a27a065909,12,0.0,0.0,0.0,False
c96621a27a065909,13,0.0,0.0,0.0,False
c96621a27a065909,14,0.0,0.0,0.0,False
c96621a27a065909,15,0.0,0.0,0.0,False
d011f392139851d7,0,0.0,0.0,0.8262853622436523,False
d011f392139851d7,1,0.0,0.0,0.0,False
d011f392139851d7,2,0.0,0.0,0.0,False
d011f392139851d7,3,0.0,0.0,0.0,False
d011f392139851d7,4,0.0,0.0,0.0,False
d011f392139851d7,5,0.0,0.0,0.0,False
d011f392139851d7,6,0.0,0.0,0.0,False
d011f392139851d7,7,0.0,0.0,0.0,False
d011f392139851d7,8,0.0,0.0,0.0,False
d011f392139851d7,9,0.0,0.0,0.0,False
d011f392139851d7,10,0.0,0.0,0.0,False
d011f392139851d7,11,0.0,0.0,0.0,False
d011f392139851d7,12,0.0,0.0,0.0,False
d011f392139851d7,13,0.0,0.0,0.0,False
d011f392139851d7,14,0.0,0.0,0.0,False
d011f392139851d7,15,0.0,0.0,0.0,False
d058866979c85e34,0,0.0,0.0,0.03220319747924805,False
d058866979c85e34,1,0.0,0.0,0.0,False
d058866979c85e34,2,0.0,0.0,0.0,False
d058866979c85e34,3,0.0,0.0,0.0,False
d058866979c85e34,4,0.0,0.0,0.0,False
d058866979c85e34,5,0.0,0.0,0.0,False
d058866979c85e34,6,0.0,0.0,0.0,False
d058866979c85e34,7,0.0,0.0,0.0,False
d058866979c85e34,8,0.0,0.0,0.0,False
d058866979c85e34,9,0.0,0.0,0.0,False
d058866979c85e34,10,0.0,0.0,0.0,False
d058866979c85e34,11,0.0,0.0,0.0,False
d058866979c85e34,12,0.0,0.0,0.0,False
d058866979c85e34,14,0.0,0.0,0.0,False
d058866979c85e34,15,0.0,0.0,0.0,False
d404124881165842,0,0.0,0.0,0.0,False
d404124881165842,1,0.0,0.0,0.0,False
d404124881165842,2,0.0,0.0,0.0,False
d404124881165842,3,0.0,0.0,0.0,False
d404124881165842,4,0.0,0.0,0.0,False
d404124881165842,5,0.0,0.0,0.0,False
d404124881165842,6,0.0,0.0,0.0,False
d404124881165842,7,0.0,0.0,0.0,False
d404124881165842,8,0.0,0.0,0.0,False
d404124881165842,9,0.0,0.0,0.0,False
d404124881165842,10,0.0,0.0,0.0,False
d404124881165842,11,0.0,0.0,0.0,False
d404124881165842,12,0.0,0.0,0.0,False
d404124881165842,13,0.0,0.0,0.0,False
d404124881165842,14,0.0,0.0,0.0,False
d404124881165842,15,0.0,0.0,0.0,False
d440502780485bb9,0,0.0,-6.292441874742508,-6.292441874742508,False
d440502780485bb9,1,0.0,0.0,0.0,False
d440502780485bb9,2,0.0,0.0,0.0,False
d440502780485bb9,3,0.0,0.0,0.0,False
d440502780485bb9,4,0.0,0.0,0.0,False
d440502780485bb9,5,0.0,0.0,0.0,False
d440502780485bb9,6,0.0,0.0,0.0,False
d440502780485bb9,7,0.0,0.0,0.0,False
d440502780485bb9,8,0.0,0.0,0.0,False
d440502780485bb9,9,0.0,0.0,0.0,False
d440502780485bb9,10,0.0,0.0,0.0,False
d440502780485bb9,11,0.0,0.0,0.0,False
d440502780485bb9,12,0.0,0.0,0.0,False
d440502780485bb9,13,0.0,0.0,0.0,False
d440502780485bb9,14,0.0,0.0,0.0,False
d440502780485bb9,15,0.0,0.0,0.0,False
d59804ebc2da5e15,0,0.0,0.0,0.0,False
d59804ebc2da5e15,1,0.0,0.0,0.0,False
d59804ebc2da5e15,2,0.0,0.0,0.0,False
d59804ebc2da5e15,3,0.0,0.0,0.0,False
d59804ebc2da5e15,4,0.0,0.0,0.0,False
d59804ebc2da5e15,5,0.0,0.0,0.0,False
d59804ebc2da5e15,6,0.0,0.0,0.0,False
d59804ebc2da5e15,7,0.0,0.0,0.0,False
d59804ebc2da5e15,8,0.0,0.0,0.0,False
d59804ebc2da5e15,9,0.0,0.0,0.0,False
d59804ebc2da5e15,10,0.0,0.0,0.0,False
d59804ebc2da5e15,11,0.0,0.0,0.0,False
d59804ebc2da5e15,12,0.0,0.0,0.0,False
d59804ebc2da5e15,13,0.0,0.0,0.0,False
d59804ebc2da5e15,14,0.0,0.0,0.0,False
d59804ebc2da5e15,15,0.0,0.0,0.0,False
d5bb3b34044e5386,0,0.0,0.14690375328063965,0.14690375328063965,False
d5bb3b34044e5386,1,0.0,0.0,0.0,False
d5bb3b34044e5386,2,0.0,0.0,0.0,False
d5bb3b34044e5386,3,0.0,0.0,0.0,False
d5bb3b34044e5386,4,0.0,0.0,0.0,False
d5bb3b34044e5386,5,0.0,0.0,0.0,False
d5bb3b34044e5386,6,0.0,0.0,0.0,False
d5bb3b34044e5386,7,0.0,0.0,0.0,False
d5bb3b34044e5386,8,0.0,0.0,0.0,False
d5bb3b34044e5386,9,0.0,0.0,0.0,False
d5bb3b34044e5386,10,0.0,0.0,0.0,False
d5bb3b34044e5386,11,0.0,0.0,0.0,False
d5bb3b34044e5386,12,0.0,0.0,0.0,False
d5bb3b34044e5386,13,0.0,0.0,0.0,False
d5bb3b34044e5386,14,0.0,0.0,0.0,False
d5bb3b34044e5386,15,0.0,0.0,0.0,False
d5fe700e8441515a,0,0.0,0.09576594829559326,0.09576594829559326,False
d5fe700e8441515a,5,0.0,0.0,0.0,False
d5fe700e8441515a,6,0.0,0.0,0.0,False
d5fe700e8441515a,7,0.0,0.0,0.0,False
d5fe700e8441515a,8,0.0,0.0,0.0,False
d5fe700e8441515a,9,0.0,0.0,0.0,False
d5fe700e8441515a,10,0.0,0.0,0.0,False
d5fe700e8441515a,11,0.0,0.0,0.0,False
d5fe700e8441515a,12,0.0,0.0,0.0,False
d5fe700e8441515a,13,0.0,0.0,0.0,False
d8ba38671b8853bc,0,0.0,0.13154566287994385,3.189717411994934,False
d8ba38671b8853bc,4,0.0,0.0,0.0,False
d8ba38671b8853bc,5,0.0,0.0,0.0,False
d8ba38671b8853bc,6,0.0,0.0,0.0,False
d8ba38671b8853bc,7,0.0,0.0,0.0,False
d8ba38671b8853bc,8,0.0,0.0,0.0,False
d8ba38671b8853bc,9,0.0,0.0,0.0,False
d8ba38671b8853bc,10,0.0,0.0,0.0,False
d8ba38671b8853bc,11,0.0,0.0,0.0,False
d8ba38671b8853bc,12,0.0,0.0,0.0,False
d8ba38671b8853bc,13,0.0,0.0,0.0,False
d8ba38671b8853bc,14,0.0,0.0,0.0,False
de1377694ca052bb,0,0.0,0.03053271770477295,0.03053271770477295,False
de1377694ca052bb,1,0.0,0.0,0.0,False
de1377694ca052bb,2,0.0,0.0,0.0,False
de1377694ca052bb,3,0.0,0.0,0.0,False
de1377694ca052bb,4,0.0,0.0,0.0,False
de1377694ca052bb,5,0.0,0.0,0.0,False
de1377694ca052bb,6,0.0,0.0,0.0,False
de1377694ca052bb,7,0.0,0.0,0.0,False
de1377694ca052bb,8,0.0,0.0,0.0,False
de1377694ca052bb,9,0.0,0.0,0.0,False
de1377694ca052bb,10,0.0,0.0,0.0,False
de1377694ca052bb,11,0.0,0.0,0.0,False
de1377694ca052bb,12,0.0,0.0,0.0,False
de1377694ca052bb,13,0.0,0.0,0.0,False
de1377694ca052bb,14,0.0,0.0,0.0,False
de1377694ca052bb,15,0.0,0.0,0.0,False
e4a519c075a751b1,0,0.0,-0.02750420570373535,-0.02750420570373535,False
e4a519c075a751b1,5,0.0,0.0,0.0,False
e4a519c075a751b1,6,0.0,0.0,0.0,False
e4a519c075a751b1,7,0.0,0.0,0.0,False
e4a519c075a751b1,8,0.0,0.0,0.0,False
e4a519c075a751b1,9,0.0,0.0,0.0,False
e4a519c075a751b1,10,0.0,0.0,0.0,False
e4a519c075a751b1,11,0.0,0.0,0.0,False
e4a519c075a751b1,12,0.0,0.0,0.0,False
e4a519c075a751b1,13,0.0,0.0,0.0,False
e50c0408d6e45345,0,0.0,0.0044558048248291016,0.0044558048248291016,False
e50c0408d6e45345,1,0.0,0.0,0.0,False
e50c0408d6e45345,2,0.0,0.0,0.0,False
e50c0408d6e45345,3,0.0,0.0,0.0,False
e50c0408d6e45345,4,0.0,0.0,0.0,False
e50c0408d6e45345,5,0.0,0.0,0.0,False
e50c0408d6e45345,6,0.0,0.0,0.0,False
e50c0408d6e45345,7,0.0,0.0,0.0,False
e50c0408d6e45345,8,0.0,0.0,0.0,False
e50c0408d6e45345,9,0.0,0.0,0.0,False
e50c0408d6e45345,10,0.0,0.0,0.0,False
e50c0408d6e45345,11,0.0,0.0,0.0,False
e50c0408d6e45345,12,0.0,0.0,0.0,False
e50c0408d6e45345,13,0.0,0.0,0.0,False
e50c0408d6e45345,14,0.0,0.0,0.0,False
e50c0408d6e45345,15,0.0,0.0,0.0,False
ec5e9d94b28a5907,0,0.015080675114798603,-0.7271360158920288,-6.237189412117004,False
ec5e9d94b28a5907,1,0.0,0.0,0.0,False
ec5e9d94b28a5907,2,0.0,0.0,0.0,False
ec5e9d94b28a5907,3,0.0,0.0,0.0,False
ec5e9d94b28a5907,4,0.0,0.0,0.0,False
ec5e9d94b28a5907,5,0.0,0.0,0.0,False
ec5e9d94b28a5907,6,0.0,0.0,0.0,False
ec5e9d94b28a5907,7,0.0,0.0,0.0,False
ec5e9d94b28a5907,8,0.0,0.0,0.0,False
ec5e9d94b28a5907,9,0.0,0.0,0.0,False
ec5e9d94b28a5907,10,0.0,0.0,0.0,False
ec5e9d94b28a5907,11,0.0,0.0,0.0,False
ec5e9d94b28a5907,12,0.0,0.0,0.0,False
ec5e9d94b28a5907,13,0.0,0.0,0.0,False
ec5e9d94b28a5907,14,0.0,0.0,0.0,False
ec5e9d94b28a5907,15,0.0,0.0,0.0,False
eec920c85e5b5811,0,0.0,0.06222248077392578,0.06222248077392578,False
eec920c85e5b5811,5,0.0,0.0,0.0,False
eec920c85e5b5811,6,0.0,0.0,0.0,False
eec920c85e5b5811,7,0.0,0.0,0.0,False
eec920c85e5b5811,8,0.0,0.0,0.0,False
eec920c85e5b5811,9,0.0,0.0,0.0,False
eec920c85e5b5811,10,0.0,0.0,0.0,False
eec920c85e5b5811,11,0.0,0.0,0.0,False
eec920c85e5b5811,12,0.0,0.0,0.0,False
eec920c85e5b5811,13,0.0,0.0,0.0,False
f498a743c8c35b34,0,0.0,0.05531573295593262,0.05531573295593262,False
f498a743c8c35b34,1,0.0,0.0,0.0,False
f498a743c8c35b34,2,0.0,0.0,0.0,False
f498a743c8c35b34,5,0.0,0.0,0.0,False
f498a743c8c35b34,6,0.0,0.0,0.0,False
f498a743c8c35b34,7,0.0,0.0,0.0,False
f498a743c8c35b34,8,0.0,0.0,0.0,False
f498a743c8c35b34,9,0.0,0.0,0.0,False
f498a743c8c35b34,10,0.0,0.0,0.0,False
f498a743c8c35b34,11,0.0,0.0,0.0,False
f498a743c8c35b34,12,0.0,0.0,0.0,False
f498a743c8c35b34,13,0.0,0.0,0.0,False
f5bb8acc4c7e5102,0,0.0,0.0,0.0,False
f5bb8acc4c7e5102,1,0.0,0.0,0.0,False
f5bb8acc4c7e5102,2,0.0,0.0,0.0,False
f5bb8acc4c7e5102,3,0.0,0.0,0.0,False
f5bb8acc4c7e5102,4,0.0,0.0,0.0,False
f5bb8acc4c7e5102,5,0.0,0.0,0.0,False
f5bb8acc4c7e5102,6,0.0,0.0,0.0,False
f5bb8acc4c7e5102,7,0.0,0.0,0.0,False
f5bb8acc4c7e5102,8,0.0,0.0,0.0,False
f5bb8acc4c7e5102,9,0.0,0.0,0.0,False
f5bb8acc4c7e5102,10,0.0,0.0,0.0,False
f5bb8acc4c7e5102,11,0.0,0.0,0.0,False
f5bb8acc4c7e5102,12,0.0,0.0,0.0,False
f5bb8acc4c7e5102,13,0.0,0.0,0.0,False
f5bb8acc4c7e5102,14,0.0,0.0,0.0,False
f5bb8acc4c7e5102,15,0.0,0.0,0.0,False
f6c2aa1fd01a5ccc,0,0.0,-0.10983812808990479,-0.10983812808990479,False
f6c2aa1fd01a5ccc,1,0.0,0.0,0.0,False
f6c2aa1fd01a5ccc,2,0.0,0.0,0.0,False
f6c2aa1fd01a5ccc,3,0.0,0.0,0.0,False
f6c2aa1fd01a5ccc,4,0.0,0.0,0.0,False
f6c2aa1fd01a5ccc,5,0.0,0.0,0.0,False
f6c2aa1fd01a5ccc,6,0.0,0.0,0.0,False
f6c2aa1fd01a5ccc,7,0.0,0.0,0.0,False
f6c2aa1fd01a5ccc,8,0.0,0.0,0.0,False
f6c2aa1fd01a5ccc,9,0.0,0.0,0.0,False
f6c2aa1fd01a5ccc,10,0.0,0.0,0.0,False
f6c2aa1fd01a5ccc,11,0.0,0.0,0.0,False
f6c2aa1fd01a5ccc,12,0.0,0.0,0.0,False
f6c2aa1fd01a5ccc,13,0.0,0.0,0.0,False
f6c2aa1fd01a5ccc,14,0.0,0.0,0.0,False
f6c2aa1fd01a5ccc,15,0.0,0.0,0.0,False
f76bbff36bb85e89,0,0.0,0.0,-0.43762636184692383,False
f76bbff36bb85e89,1,0.0,0.0,0.0,False
f76bbff36bb85e89,2,0.0,0.0,0.0,False
f76bbff36bb85e89,3,0.0,0.0,0.0,False
f76bbff36bb85e89,4,0.0,0.0,0.0,False
f76bbff36bb85e89,5,0.0,0.0,0.0,False
f76bbff36bb85e89,6,0.0,0.0,0.0,False
f76bbff36bb85e89,7,0.0,0.0,0.0,False
f76bbff36bb85e89,8,0.0,0.0,0.0,False
f76bbff36bb85e89,9,0.0,0.0,0.0,False
f76bbff36bb85e89,10,0.0,0.0,0.0,False
f76bbff36bb85e89,11,0.0,0.0,0.0,False
f76bbff36bb85e89,12,0.0,0.0,0.0,False
f76bbff36bb85e89,14,0.0,0.0,0.0,False
f76bbff36bb85e89,15,0.0,0.0,0.0,False
f775508a64345afe,0,-1.0,-2.2645511627197266,-3.247215747833252,True
f775508a64345afe,1,0.0,0.0,0.0,False
f775508a64345afe,2,0.0,0.0,0.0,False
f775508a64345afe,3,0.0,0.0,0.0,False
f775508a64345afe,4,0.0,0.0,0.0,False
f775508a64345afe,5,0.0,0.0,0.0,False
f775508a64345afe,6,0.0,0.0,0.0,False
f775508a64345afe,7,0.0,0.0,0.0,False
f775508a64345afe,8,0.0,0.0,0.0,False
f775508a64345afe,9,0.0,0.0,0.0,False
f775508a64345afe,10,0.0,0.0,0.0,False
f775508a64345afe,11,0.0,0.0,0.0,False
f775508a64345afe,12,0.0,0.0,0.0,False
f775508a64345afe,13,0.0,0.0,0.0,False
f775508a64345afe,14,0.0,0.0,0.0,False
f775508a64345afe,15,0.0,0.0,0.0,False
f827b1dbc7a95c9b,0,0.0,0.2695598602294922,0.2695598602294922,False
f827b1dbc7a95c9b,1,0.0,0.0,0.0,False
f827b1dbc7a95c9b,2,0.0,0.0,0.0,False
f827b1dbc7a95c9b,3,0.0,0.0,0.0,False
f827b1dbc7a95c9b,4,0.0,0.0,0.0,False
f827b1dbc7a95c9b,5,0.0,0.0,0.0,False
f827b1dbc7a95c9b,6,0.0,0.0,0.0,False
f827b1dbc7a95c9b,7,0.0,0.0,0.0,False
f827b1dbc7a95c9b,8,0.0,0.0,0.0,False
f827b1dbc7a95c9b,9,0.0,0.0,0.0,False
f827b1dbc7a95c9b,10,0.0,0.0,0.0,False
f827b1dbc7a95c9b,11,0.0,0.0,0.0,False
f827b1dbc7a95c9b,12,0.0,0.0,0.0,False
f827b1dbc7a95c9b,13,0.0,0.0,0.0,False
f827b1dbc7a95c9b,14,0.0,0.0,0.0,False
f827b1dbc7a95c9b,15,0.0,0.0,0.0,False
f895c3f8acbb5dae,0,0.0,0.33292150497436523,0.33292150497436523,False
f895c3f8acbb5dae,1,0.0,0.0,0.0,False
f895c3f8acbb5dae,2,0.0,0.0,0.0,False
f895c3f8acbb5dae,3,0.0,0.0,0.0,False
f895c3f8acbb5dae,4,0.0,0.0,0.0,False
f895c3f8acbb5dae,5,0.0,0.0,0.0,False
f895c3f8acbb5dae,6,0.0,0.0,0.0,False
f895c3f8acbb5dae,7,0.0,0.0,0.0,False
f895c3f8acbb5dae,8,0.0,0.0,0.0,False
f895c3f8acbb5dae,9,0.0,0.0,0.0,False
f895c3f8acbb5dae,10,0.0,0.0,0.0,False
f895c3f8acbb5dae,11,0.0,0.0,0.0,False
f895c3f8acbb5dae,12,0.0,0.0,0.0,False
f895c3f8acbb5dae,13,0.0,0.0,0.0,False
f895c3f8acbb5dae,14,0.0,0.0,0.0,False
f895c3f8acbb5dae,15,0.0,0.0,0.0,False
fa460b086a9b55c1,0,0.0,0.0,-0.1615767478942871,False
fa460b086a9b55c1,1,0.0,0.0,0.0,False
fa460b086a9b55c1,2,0.0,0.0,0.0,False
fa460b086a9b55c1,3,0.0,0.0,0.0,False
fa460b086a9b55c1,4,0.0,0.0,0.0,False
fa460b086a9b55c1,5,0.0,0.0,0.0,False
fa460b086a9b55c1,6,0.0,0.0,0.0,False
fa460b086a9b55c1,7,0.0,0.0,0.0,False
fa460b086a9b55c1,8,0.0,0.0,0.0,False
fa460b086a9b55c1,9,0.0,0.0,0.0,False
fa460b086a9b55c1,10,0.0,0.0,0.0,False
fa460b086a9b55c1,11,0.0,0.0,0.0,False
fa460b086a9b55c1,12,0.0,0.0,0.0,False
fa460b086a9b55c1,13,0.0,0.0,0.0,False
fa460b086a9b55c1,14,0.0,0.0,0.0,False
fa460b086a9b55c1,15,0.0,0.0,0.0,False
fee4b388600b5761,0,0.0,0.24619197845458984,0.577858567237854,False
fee4b388600b5761,1,0.0,0.0,0.0,False
fee4b388600b5761,2,0.0,0.0,0.0,False
fee4b388600b5761,3,0.0,0.0,0.0,False
fee4b388600b5761,4,0.0,0.0,0.0,False
fee4b388600b5761,5,0.0,0.0,0.0,False
fee4b388600b5761,6,0.0,0.0,0.0,False
fee4b388600b5761,7,0.0,0.0,0.0,False
fee4b388600b5761,8,0.0,0.0,0.0,False
fee4b388600b5761,9,0.0,0.0,0.0,False
fee4b388600b5761,10,0.0,0.0,0.0,False
fee4b388600b5761,11,0.0,0.0,0.0,False
fee4b388600b5761,12,0.0,0.0,0.0,False
fee4b388600b5761,13,0.0,0.0,0.0,False
fee4b388600b5761,14,0.0,0.0,0.0,False
fee4b388600b5761,15,0.0,0.0,0.0,False
