pickle_path,synthetic_scene_token,log_name,corresponding_original_scene,corresponding_original_initial_token,frame_count,annotations_all_frames,track_tokens_all_frames,camera_records_all_frames,extended_track_steps,extended_traffic_light_steps,current_x_m,current_y_m,current_heading_rad,current_speed_mps,current_front_path,load_success,load_error
/mnt/navsim/warmup_two_stage/synthetic_scene_pickles/01eb9339e1ec69815.pkl,01eb9339e1ec69815,2021.09.16.15.47.30_veh-45_01199_01391,045a93a43af35fd1,d01fec804cd45644,4,True,True,True,9,9,587719.3297512654,4475563.035190471,0.8871860329712883,7.238977702312054,2021.09.16.15.47.30_veh-45_01199_01391/CAM_F0/dfed5a3d77f97ff87.jpg,True,
/mnt/navsim/warmup_two_stage/synthetic_scene_pickles/056e9afeaf8b6c1ca.pkl,056e9afeaf8b6c1ca,2021.08.30.14.54.34_veh-40_00439_00835,5e4dd8c91b8453bf,c054f473288d5515,4,True,True,True,8,8,331394.52343706985,4690958.553850487,2.651531331414094,2.5852670482989444,2021.08.30.14.54.34_veh-40_00439_00835/CAM_F0/4a60d4d6fb2275265.jpg,True,
/mnt/navsim/warmup_two_stage/synthetic_scene_pickles/06405d94eff452b7a.pkl,06405d94eff452b7a,2021.08.30.14.54.34_veh-40_00439_00835,5ea36cebd2575b16,68097b10029d5fe1,4,True,True,True,9,9,331392.009329309,4690960.073597395,2.5587199777734595,5.790589720423747,2021.08.30.14.54.34_veh-40_00439_00835/CAM_F0/57fd91e583aa35b52.jpg,True,
/mnt/navsim/warmup_two_stage/synthetic_scene_pickles/070cec5825fd8d00d.pkl,070cec5825fd8d00d,2021.09.16.15.47.30_veh-45_01199_01391,045a93a43af35fd1,d01fec804cd45644,4,True,True,True,9,9,587710.6595601721,4475553.991210357,1.0786684394359947,0.3421738177920288,2021.09.16.15.47.30_veh-45_01199_01391/CAM_F0/b81f19c7f898cc901.jpg,True,
/mnt/navsim/warmup_two_stage/synthetic_scene_pickles/086487f683be38e1b.pkl,086487f683be38e1b,2021.09.29.19.02.14_veh-28_02911_03005,9d010e744f5b5c3a,3c542be991515ccd,4,True,True,True,8,8,331579.1370296297,4689336.382348301,2.7123436751852026,3.266798726669263,2021.09.29.19.02.14_veh-28_02911_03005/CAM_F0/e04e3055bc29168d0.jpg,True,
/mnt/navsim/warmup_two_stage/synthetic_scene_pickles/088f56ffa35bd3c0a.pkl,088f56ffa35bd3c0a,2021.08.30.14.54.34_veh-40_00439_00835,5e4dd8c91b8453bf,c054f473288d5515,4,True,True,True,8,8,331393.9988419783,4690959.404782843,2.588969759448122,3.962389066913386,2021.08.30.14.54.34_veh-40_00439_00835/CAM_F0/e102928a4c58c3e4c.jpg,True,
/mnt/navsim/warmup_two_stage/synthetic_scene_pickles/09e6a0502daff5f81.pkl,09e6a0502daff5f81,2021.10.06.08.16.17_veh-52_01590_01725,47f9e40a21f7510a,ed3db88f99a05a6c,4,True,True,True,9,9,365789.8725798683,143349.4010100004,-1.4485242085816898,3.943457119406599,2021.10.06.08.16.17_veh-52_01590_01725/CAM_F0/76fb6bf51ba40ccbe.jpg,True,
/mnt/navsim/warmup_two_stage/synthetic_scene_pickles/0ab2db74218ddcb72.pkl,0ab2db74218ddcb72,2021.09.16.15.47.30_veh-45_01199_01391,5b31f501fa395990,c1839a3333695317,4,True,True,True,8,8,588025.7916886903,4475704.735223918,0.7703661736153071,4.2508502502039365,2021.09.16.15.47.30_veh-45_01199_01391/CAM_F0/3d562b0e631ae8121.jpg,True,
/mnt/navsim/warmup_two_stage/synthetic_scene_pickles/0c6db8567acb7fcbc.pkl,0c6db8567acb7fcbc,2021.08.30.14.54.34_veh-40_00439_00835,5e4dd8c91b8453bf,c054f473288d5515,4,True,True,True,8,8,331387.1307128284,4690963.162194354,2.612640498008197,6.953539561396034,2021.08.30.14.54.34_veh-40_00439_00835/CAM_F0/30174132d8024005d.jpg,True,
/mnt/navsim/warmup_two_stage/synthetic_scene_pickles/0ec8c713dba883b16.pkl,0ec8c713dba883b16,2021.09.16.19.27.01_veh-45_01749_03230,bf2eac0b47c55db7,19e90f2757b25f38,4,True,True,True,9,9,587576.7578189567,4475577.747090529,-0.4407685757562417,3.577815124441143,2021.09.16.19.27.01_veh-45_01749_03230/CAM_F0/11097b48f324ece02.jpg,True,
/mnt/navsim/warmup_two_stage/synthetic_scene_pickles/0f4dd68ee3568cbd1.pkl,0f4dd68ee3568cbd1,2021.09.16.15.47.30_veh-45_01199_01391,045a93a43af35fd1,d01fec804cd45644,4,True,True,True,9,9,587716.7949514076,4475560.810205926,0.8799971431452729,5.866322562842849,2021.09.16.15.47.30_veh-45_01199_01391/CAM_F0/c76a8eacbc1c1df2e.jpg,True,
/mnt/navsim/warmup_two_stage/synthetic_scene_pickles/104b7344e9cb1736f.pkl,104b7344e9cb1736f,2021.09.16.13.53.10_veh-42_00180_00342,8c240d53cf9e5c6a,ae472d675a965aca,4,True,True,True,9,9,589249.4456191811,4474180.939997575,0.7624611036519068,1.9651176725717348,2021.09.16.13.53.10_veh-42_00180_00342/CAM_F0/54a8f070ffa50be4d.jpg,True,
/mnt/navsim/warmup_two_stage/synthetic_scene_pickles/112a3f31c906d53e8.pkl,112a3f31c906d53e8,2021.09.16.15.47.30_veh-45_01199_01391,8a6d53a0e36a599d,f3ca2707d87a586b,4,True,True,True,9,9,588030.8618669232,4475708.255161832,0.677258939698731,9.63177099724291,2021.09.16.15.47.30_veh-45_01199_01391/CAM_F0/488d7a52c7e4600f5.jpg,True,
/mnt/navsim/warmup_two_stage/synthetic_scene_pickles/123af4601c0f59ec6.pkl,123af4601c0f59ec6,2021.09.16.19.27.01_veh-45_01749_03230,bf2eac0b47c55db7,19e90f2757b25f38,4,True,True,True,9,9,587574.4065340679,4475580.4139422225,-0.2353617731798523,2.2161210835196354,2021.09.16.19.27.01_veh-45_01749_03230/CAM_F0/5144924cc476f1e04.jpg,True,
/mnt/navsim/warmup_two_stage/synthetic_scene_pickles/13599fd8f83dc21c7.pkl,13599fd8f83dc21c7,2021.09.16.13.53.10_veh-42_00180_00342,8c240d53cf9e5c6a,ae472d675a965aca,4,True,True,True,9,9,589247.1428605671,4474179.22670246,0.7372406188047439,0.06372863702275709,2021.09.16.13.53.10_veh-42_00180_00342/CAM_F0/255fd4048dfa46234.jpg,True,
/mnt/navsim/warmup_two_stage/synthetic_scene_pickles/158cf65f87545bfa6.pkl,158cf65f87545bfa6,2021.08.30.14.54.34_veh-40_00439_00835,5ea36cebd2575b16,68097b10029d5fe1,4,True,True,True,9,9,331395.7081459304,4690957.953900542,2.6646266739002167,3.2339861487118924,2021.08.30.14.54.34_veh-40_00439_00835/CAM_F0/5bed1924f92e3c38a.jpg,True,
/mnt/navsim/warmup_two_stage/synthetic_scene_pickles/17f329ebf267c8de4.pkl,17f329ebf267c8de4,2021.08.30.14.54.34_veh-40_00439_00835,5e4dd8c91b8453bf,c054f473288d5515,4,True,True,True,8,8,331387.345834862,4690964.330727378,2.6374570222629052,7.52550917937781,2021.08.30.14.54.34_veh-40_00439_00835/CAM_F0/3884c98f7148737fd.jpg,True,
/mnt/navsim/warmup_two_stage/synthetic_scene_pickles/181ef17503e83c592.pkl,181ef17503e83c592,2021.08.30.14.54.34_veh-40_00439_00835,5ea36cebd2575b16,68097b10029d5fe1,4,True,True,True,9,9,331393.06351440697,4690959.271073086,2.6124202096059084,3.2957885145762638,2021.08.30.14.54.34_veh-40_00439_00835/CAM_F0/7cae46fb17e249e08.jpg,True,
/mnt/navsim/warmup_two_stage/synthetic_scene_pickles/18fbd4a327383f22c.pkl,18fbd4a327383f22c,2021.09.16.19.27.01_veh-45_01749_03230,bf2eac0b47c55db7,19e90f2757b25f38,4,True,True,True,9,9,587568.1141409066,4475582.740468371,-0.165393173274685,0.11574984864884806,2021.09.16.19.27.01_veh-45_01749_03230/CAM_F0/bab35032f2f9fc2e0.jpg,True,
/mnt/navsim/warmup_two_stage/synthetic_scene_pickles/196527885800c2e6e.pkl,196527885800c2e6e,2021.09.16.15.47.30_veh-45_01199_01391,5b31f501fa395990,c1839a3333695317,4,True,True,True,8,8,588037.1425543596,4475715.66420231,0.7640050595788385,9.025965358521894,2021.09.16.15.47.30_veh-45_01199_01391/CAM_F0/01cc1ee3842d3e907.jpg,True,
/mnt/navsim/warmup_two_stage/synthetic_scene_pickles/197ee0b178abee677.pkl,197ee0b178abee677,2021.08.16.14.23.37_veh-45_00015_00132,f3d2d8c177b95556,2382542e05f253df,4,True,True,True,9,9,588942.6231777895,4474933.758029475,1.9248976974624803,2.923380826062231,2021.08.16.14.23.37_veh-45_00015_00132/CAM_F0/1841617a89d846013.jpg,True,
/mnt/navsim/warmup_two_stage/synthetic_scene_pickles/1b7fec5f55adbc646.pkl,1b7fec5f55adbc646,2021.09.29.19.02.14_veh-28_02911_03005,1b439c269a83590c,5f53001e7e2d5347,4,True,True,True,9,9,331575.945779709,4689337.697199305,2.707335162044325,6.798576867247174,2021.09.29.19.02.14_veh-28_02911_03005/CAM_F0/0eb23f6c14fe28015.jpg,True,
/mnt/navsim/warmup_two_stage/synthetic_scene_pickles/1e9b4c228387863bf.pkl,1e9b4c228387863bf,2021.08.30.14.54.34_veh-40_00439_00835,5ea36cebd2575b16,68097b10029d5fe1,4,True,True,True,9,9,331396.68561260705,4690957.697741034,2.481191159709847,2.2740996554341333,2021.08.30.14.54.34_veh-40_00439_00835/CAM_F0/79f8333366db58b4e.jpg,True,
/mnt/navsim/warmup_two_stage/synthetic_scene_pickles/20d7d634957a7c94f.pkl,20d7d634957a7c94f,2021.08.30.14.54.34_veh-40_00439_00835,5ea36cebd2575b16,68097b10029d5fe1,4,True,True,True,9,9,331386.94466799335,4690963.744543294,2.577176521655157,9.04255988834718,2021.08.30.14.54.34_veh-40_00439_00835/CAM_F0/de68d43b4eaab9081.jpg,True,
/mnt/navsim/warmup_two_stage/synthetic_scene_pickles/20fb253c4cf3e3b2f.pkl,20fb253c4cf3e3b2f,2021.09.16.15.47.30_veh-45_01199_01391,5b31f501fa395990,c1839a3333695317,4,True,True,True,8,8,588028.264671279,4475708.015166338,0.792206492317671,3.8143103029579586,2021.09.16.15.47.30_veh-45_01199_01391/CAM_F0/e03a30a27611f38e5.jpg,True,
/mnt/navsim/warmup_two_stage/synthetic_scene_pickles/214e35c321a9424b5.pkl,214e35c321a9424b5,2021.08.16.14.23.37_veh-45_00015_00132,f3d2d8c177b95556,2382542e05f253df,4,True,True,True,9,9,588937.6353448515,4474946.747152201,1.9298261793001517,10.395335197863906,2021.08.16.14.23.37_veh-45_00015_00132/CAM_F0/4b491b3f2e5682259.jpg,True,
/mnt/navsim/warmup_two_stage/synthetic_scene_pickles/22c7138f63a978230.pkl,22c7138f63a978230,2021.09.16.19.27.01_veh-45_01749_03230,bf2eac0b47c55db7,19e90f2757b25f38,4,True,True,True,9,9,587576.9024862614,4475579.753506216,-0.14880148402610813,4.443894731410933,2021.09.16.19.27.01_veh-45_01749_03230/CAM_F0/99467098ad4d9c57f.jpg,True,
/mnt/navsim/warmup_two_stage/synthetic_scene_pickles/243fab6191755378f.pkl,243fab6191755378f,2021.08.30.14.54.34_veh-40_00439_00835,5e4dd8c91b8453bf,c054f473288d5515,4,True,True,True,8,8,331399.1868874178,4690956.298666986,2.4378084329662686,0.1887365923970694,2021.08.30.14.54.34_veh-40_00439_00835/CAM_F0/32bf0488b6486f2e8.jpg,True,
/mnt/navsim/warmup_two_stage/synthetic_scene_pickles/254b4149868dc3178.pkl,254b4149868dc3178,2021.10.06.08.16.17_veh-52_01590_01725,47f9e40a21f7510a,ed3db88f99a05a6c,4,True,True,True,9,9,365790.30255042744,143345.22277181278,-1.472795078139971,5.548954003199423,2021.10.06.08.16.17_veh-52_01590_01725/CAM_F0/c85fcb44e97e38189.jpg,True,
/mnt/navsim/warmup_two_stage/synthetic_scene_pickles/25880d94ebaaa6630.pkl,25880d94ebaaa6630,2021.08.16.14.23.37_veh-45_00015_00132,53c9f25e1fda5ce0,4cac9f6cd85a5b47,4,True,True,True,8,8,588938.2059872219,4474947.008544277,1.8946280022178668,9.34085191298269,2021.08.16.14.23.37_veh-45_00015_00132/CAM_F0/11c05df2338f87d73.jpg,True,
/mnt/navsim/warmup_two_stage/synthetic_scene_pickles/25b63d1a1aa7132b3.pkl,25b63d1a1aa7132b3,2021.09.16.19.27.01_veh-45_01749_03230,9a4e8cacd6095527,f6b9867069845fd2,4,True,True,True,8,8,587577.5380608409,4475577.878916006,-0.39316877612667384,2.8704720750185193,2021.09.16.19.27.01_veh-45_01749_03230/CAM_F0/8359442d951deac0d.jpg,True,
/mnt/navsim/warmup_two_stage/synthetic_scene_pickles/2c4a2ace303e9ed48.pkl,2c4a2ace303e9ed48,2021.10.06.08.16.17_veh-52_01590_01725,47f9e40a21f7510a,ed3db88f99a05a6c,4,True,True,True,9,9,365789.6682189133,143348.21089889368,-1.4745519066480217,5.2167622983610125,2021.10.06.08.16.17_veh-52_01590_01725/CAM_F0/18e0dd5288df44370.jpg,True,
/mnt/navsim/warmup_two_stage/synthetic_scene_pickles/305f456e1ebab35d8.pkl,305f456e1ebab35d8,2021.09.16.15.47.30_veh-45_01199_01391,fef473f296d15eee,13310ca9a7715154,4,True,True,True,8,8,587711.0989854136,4475552.946768088,0.9223585035240699,0.8204408995815047,2021.09.16.15.47.30_veh-45_01199_01391/CAM_F0/d4d70fb8aefee5988.jpg,True,
/mnt/navsim/warmup_two_stage/synthetic_scene_pickles/31450e90560f95856.pkl,31450e90560f95856,2021.09.29.19.02.14_veh-28_02911_03005,9d010e744f5b5c3a,3c542be991515ccd,4,True,True,True,8,8,331575.6694932988,4689339.70799534,2.7837433169738204,4.673184684004647,2021.09.29.19.02.14_veh-28_02911_03005/CAM_F0/934d0571f73269964.jpg,True,
/mnt/navsim/warmup_two_stage/synthetic_scene_pickles/32f1d88f41d404a4f.pkl,32f1d88f41d404a4f,2021.09.16.19.27.01_veh-45_01749_03230,bf2eac0b47c55db7,19e90f2757b25f38,4,True,True,True,9,9,587570.8679478588,4475581.293643561,-0.2551057512565335,1.161279868839213,2021.09.16.19.27.01_veh-45_01749_03230/CAM_F0/d1d9f2375b542c467.jpg,True,
/mnt/navsim/warmup_two_stage/synthetic_scene_pickles/331f366f52218c4d0.pkl,331f366f52218c4d0,2021.09.16.15.47.30_veh-45_01199_01391,8a6d53a0e36a599d,f3ca2707d87a586b,4,True,True,True,9,9,588030.5259322843,4475709.079259196,0.7206047348380713,8.163421912912986,2021.09.16.15.47.30_veh-45_01199_01391/CAM_F0/18e2173891a319b9e.jpg,True,
/mnt/navsim/warmup_two_stage/synthetic_scene_pickles/34359f6219c150d9b.pkl,34359f6219c150d9b,2021.09.16.15.47.30_veh-45_01199_01391,5b31f501fa395990,c1839a3333695317,4,True,True,True,8,8,588025.3433681815,4475705.076117919,0.8052899652397032,2.7392941618830533,2021.09.16.15.47.30_veh-45_01199_01391/CAM_F0/0983122ec486ff30d.jpg,True,
/mnt/navsim/warmup_two_stage/synthetic_scene_pickles/358015472666a6580.pkl,358015472666a6580,2021.10.06.08.16.17_veh-52_01590_01725,6b9c9cf543b25944,0dc54a8c8203567b,4,True,True,True,8,8,365788.5082674848,143350.9471373839,-1.6380090259537672,1.7530729345675249,2021.10.06.08.16.17_veh-52_01590_01725/CAM_F0/cbc534e34b63e4640.jpg,True,
/mnt/navsim/warmup_two_stage/synthetic_scene_pickles/394fe478681e955e0.pkl,394fe478681e955e0,2021.09.16.19.27.01_veh-45_01749_03230,9a4e8cacd6095527,f6b9867069845fd2,4,True,True,True,8,8,587576.3026374064,4475579.546204936,-0.21989411505832265,2.218942188660183,2021.09.16.19.27.01_veh-45_01749_03230/CAM_F0/81f8691234a9cc714.jpg,True,
/mnt/navsim/warmup_two_stage/synthetic_scene_pickles/3c304d05b48ed61a8.pkl,3c304d05b48ed61a8,2021.09.16.19.27.01_veh-45_01749_03230,9a4e8cacd6095527,f6b9867069845fd2,4,True,True,True,8,8,587573.7547856296,4475579.048515551,-0.4443750148056964,1.439458098273999,2021.09.16.19.27.01_veh-45_01749_03230/CAM_F0/0297d3dd25d9691da.jpg,True,
/mnt/navsim/warmup_two_stage/synthetic_scene_pickles/3e1ba5c87406bbbe5.pkl,3e1ba5c87406bbbe5,2021.09.16.15.47.30_veh-45_01199_01391,045a93a43af35fd1,d01fec804cd45644,4,True,True,True,9,9,587717.2356149533,4475562.015284922,0.9752502586340985,5.74197422005649,2021.09.16.15.47.30_veh-45_01199_01391/CAM_F0/9d4d5e3910f6bccd0.jpg,True,
/mnt/navsim/warmup_two_stage/synthetic_scene_pickles/3ff68303a023081a3.pkl,3ff68303a023081a3,2021.09.29.19.02.14_veh-28_02911_03005,1b439c269a83590c,5f53001e7e2d5347,4,True,True,True,9,9,331583.34452081943,4689333.582932697,2.9304033426443676,2.2311457770471614,2021.09.29.19.02.14_veh-28_02911_03005/CAM_F0/f6abe3d2757873cbc.jpg,True,
/mnt/navsim/warmup_two_stage/synthetic_scene_pickles/41932cf3f8bc365f0.pkl,41932cf3f8bc365f0,2021.09.16.13.53.10_veh-42_00180_00342,c370f836e3275da4,f14e7ed78b5d55b4,4,True,True,True,8,8,589247.128249402,4474179.206866289,0.7367585129496741,0.008506838792946421,2021.09.16.13.53.10_veh-42_00180_00342/CAM_F0/4605910b42a85ecd9.jpg,True,
/mnt/navsim/warmup_two_stage/synthetic_scene_pickles/41dd8cf19b96f37de.pkl,41dd8cf19b96f37de,2021.09.16.15.47.30_veh-45_01199_01391,8a6d53a0e36a599d,f3ca2707d87a586b,4,True,True,True,9,9,588031.4342311502,4475708.830477179,0.703181368599515,9.848558135318429,2021.09.16.15.47.30_veh-45_01199_01391/CAM_F0/6a5e1f5a40389bdd2.jpg,True,
/mnt/navsim/warmup_two_stage/synthetic_scene_pickles/42658150751d431ca.pkl,42658150751d431ca,2021.08.30.14.54.34_veh-40_00439_00835,5ea36cebd2575b16,68097b10029d5fe1,4,True,True,True,9,9,331397.3409910761,4690956.858968769,2.5177998932538417,2.265756859398452,2021.08.30.14.54.34_veh-40_00439_00835/CAM_F0/6f2453944e413a9fc.jpg,True,
/mnt/navsim/warmup_two_stage/synthetic_scene_pickles/45a9f701d9e1e50eb.pkl,45a9f701d9e1e50eb,2021.09.16.13.53.10_veh-42_00180_00342,8c240d53cf9e5c6a,ae472d675a965aca,4,True,True,True,9,9,589249.1396892857,4474180.123975336,0.6829673967087089,1.0024969443019605,2021.09.16.13.53.10_veh-42_00180_00342/CAM_F0/734bc4c959fe3a1d1.jpg,True,
/mnt/navsim/warmup_two_stage/synthetic_scene_pickles/45f8bc96220d718c6.pkl,45f8bc96220d718c6,2021.09.16.15.47.30_veh-45_01199_01391,5b31f501fa395990,c1839a3333695317,4,True,True,True,8,8,588030.4215095465,4475709.262435247,0.7591771884071664,6.652039296819849,2021.09.16.15.47.30_veh-45_01199_01391/CAM_F0/1da5aae8eebce4062.jpg,True,
/mnt/navsim/warmup_two_stage/synthetic_scene_pickles/481be52c791a33d27.pkl,481be52c791a33d27,2021.08.30.14.54.34_veh-40_00439_00835,5ea36cebd2575b16,68097b10029d5fe1,4,True,True,True,9,9,331390.02419314126,4690961.480770586,2.5944445735799158,7.052352439196107,2021.08.30.14.54.34_veh-40_00439_00835/CAM_F0/a4333b91858249019.jpg,True,
/mnt/navsim/warmup_two_stage/synthetic_scene_pickles/49351088fb6cd517c.pkl,49351088fb6cd517c,2021.09.16.13.53.10_veh-42_00180_00342,8c240d53cf9e5c6a,ae472d675a965aca,4,True,True,True,9,9,589250.5750003881,4474180.550472292,0.8160489484652939,0.4821945263805716,2021.09.16.13.53.10_veh-42_00180_00342/CAM_F0/3f0a3ce58a2306e43.jpg,True,
/mnt/navsim/warmup_two_stage/synthetic_scene_pickles/4a1247e9e65a6c236.pkl,4a1247e9e65a6c236,2021.09.16.15.47.30_veh-45_01199_01391,5b31f501fa395990,c1839a3333695317,4,True,True,True,8,8,588027.0165897378,4475707.207038565,0.809517383752834,4.2502155980677925,2021.09.16.15.47.30_veh-45_01199_01391/CAM_F0/a1ddc1d1d30fdfd01.jpg,True,
/mnt/navsim/warmup_two_stage/synthetic_scene_pickles/4c5064b6020483dde.pkl,4c5064b6020483dde,2021.09.29.19.02.14_veh-28_02911_03005,1b439c269a83590c,5f53001e7e2d5347,4,True,True,True,9,9,331577.8396451818,4689338.80067288,2.722740042382001,5.118204333441351,2021.09.29.19.02.14_veh-28_02911_03005/CAM_F0/86ecf25cbe3ddeff2.jpg,True,
/mnt/navsim/warmup_two_stage/synthetic_scene_pickles/4dcffc15ce55a5d31.pkl,4dcffc15ce55a5d31,2021.09.16.15.47.30_veh-45_01199_01391,fef473f296d15eee,13310ca9a7715154,4,True,True,True,8,8,587715.9381655497,4475560.207321978,0.9785477172609859,4.290008056858429,2021.09.16.15.47.30_veh-45_01199_01391/CAM_F0/1d2e8b50bc37087c8.jpg,True,
/mnt/navsim/warmup_two_stage/synthetic_scene_pickles/4df69dee983b5725e.pkl,4df69dee983b5725e,2021.08.16.14.23.37_veh-45_00015_00132,f3d2d8c177b95556,2382542e05f253df,4,True,True,True,9,9,588937.2488112982,4474948.236905783,1.8784402897340369,11.282093482245102,2021.08.16.14.23.37_veh-45_00015_00132/CAM_F0/e00c5ea67eba7a6da.jpg,True,
/mnt/navsim/warmup_two_stage/synthetic_scene_pickles/4e25315a56fd44de6.pkl,4e25315a56fd44de6,2021.09.29.19.02.14_veh-28_02911_03005,1b439c269a83590c,5f53001e7e2d5347,4,True,True,True,9,9,331574.96039307193,4689336.474785248,2.8174090871378445,7.808209960734338,2021.09.29.19.02.14_veh-28_02911_03005/CAM_F0/3a110a8213fba7b6d.jpg,True,
/mnt/navsim/warmup_two_stage/synthetic_scene_pickles/4e6da9c6f58676408.pkl,4e6da9c6f58676408,2021.09.29.19.02.14_veh-28_02911_03005,1b439c269a83590c,5f53001e7e2d5347,4,True,True,True,9,9,331580.7051852272,4689335.688855501,2.7334523445886134,3.8837648435972514,2021.09.29.19.02.14_veh-28_02911_03005/CAM_F0/4f9b0af774d3e8702.jpg,True,
/mnt/navsim/warmup_two_stage/synthetic_scene_pickles/4f0b8b20d8419790e.pkl,4f0b8b20d8419790e,2021.09.29.19.02.14_veh-28_02911_03005,1b439c269a83590c,5f53001e7e2d5347,4,True,True,True,9,9,331572.4619695308,4689338.932874922,2.760002196005823,8.122645180580733,2021.09.29.19.02.14_veh-28_02911_03005/CAM_F0/743bdb43e7966bec2.jpg,True,
/mnt/navsim/warmup_two_stage/synthetic_scene_pickles/5010492481c8bc174.pkl,5010492481c8bc174,2021.09.16.15.47.30_veh-45_01199_01391,5b31f501fa395990,c1839a3333695317,4,True,True,True,8,8,588039.3936205701,4475716.553229247,0.7190924897426502,11.479061661498516,2021.09.16.15.47.30_veh-45_01199_01391/CAM_F0/06ef898410a7763ad.jpg,True,
/mnt/navsim/warmup_two_stage/synthetic_scene_pickles/50e6c358a892e0769.pkl,50e6c358a892e0769,2021.09.16.15.47.30_veh-45_01199_01391,fef473f296d15eee,13310ca9a7715154,4,True,True,True,8,8,587710.7074414279,4475554.007869127,1.0793230490219692,0.06575480504260454,2021.09.16.15.47.30_veh-45_01199_01391/CAM_F0/5f8eec7256da2dc9e.jpg,True,
/mnt/navsim/warmup_two_stage/synthetic_scene_pickles/51d63842880257a27.pkl,51d63842880257a27,2021.09.16.15.47.30_veh-45_01199_01391,8a6d53a0e36a599d,f3ca2707d87a586b,4,True,True,True,9,9,588024.2966417606,4475703.989955436,0.8071819227756272,3.8143103029579586,2021.09.16.15.47.30_veh-45_01199_01391/CAM_F0/b9ef62e1d0b343908.jpg,True,
/mnt/navsim/warmup_two_stage/synthetic_scene_pickles/5236bdcfe321e8515.pkl,5236bdcfe321e8515,2021.09.16.19.27.01_veh-45_01749_03230,9a4e8cacd6095527,f6b9867069845fd2,4,True,True,True,8,8,587578.9694319607,4475579.537565653,-0.07748919484616133,4.212275122974455,2021.09.16.19.27.01_veh-45_01749_03230/CAM_F0/adca6ae5ba984aed0.jpg,True,
/mnt/navsim/warmup_two_stage/synthetic_scene_pickles/5401a683b05af34d6.pkl,5401a683b05af34d6,2021.08.30.14.54.34_veh-40_00439_00835,5ea36cebd2575b16,68097b10029d5fe1,4,True,True,True,9,9,331399.7667247046,4690955.943984009,2.4388854817872074,0.8537189253392162,2021.08.30.14.54.34_veh-40_00439_00835/CAM_F0/92545ba77923609f8.jpg,True,
/mnt/navsim/warmup_two_stage/synthetic_scene_pickles/54f26671dbf8b9df2.pkl,54f26671dbf8b9df2,2021.08.16.14.23.37_veh-45_00015_00132,f3d2d8c177b95556,2382542e05f253df,4,True,True,True,9,9,588940.7287892762,4474938.044343197,1.9342274707829126,6.174172501618961,2021.08.16.14.23.37_veh-45_00015_00132/CAM_F0/1b42b908ed20f9363.jpg,True,
/mnt/navsim/warmup_two_stage/synthetic_scene_pickles/55195a538611d2517.pkl,55195a538611d2517,2021.08.16.14.23.37_veh-45_00015_00132,f3d2d8c177b95556,2382542e05f253df,4,True,True,True,9,9,588937.2488112982,4474948.236905783,1.8784402897340369,11.282093482245102,2021.08.16.14.23.37_veh-45_00015_00132/CAM_F0/6052b746467ab725c.jpg,True,
/mnt/navsim/warmup_two_stage/synthetic_scene_pickles/5823a4ee7361df851.pkl,5823a4ee7361df851,2021.09.16.13.53.10_veh-42_00180_00342,8c240d53cf9e5c6a,ae472d675a965aca,4,True,True,True,9,9,589245.7914674171,4474177.841200282,0.33296311672430795,0.0028659248835016466,2021.09.16.13.53.10_veh-42_00180_00342/CAM_F0/a2821acf3627ad80d.jpg,True,
/mnt/navsim/warmup_two_stage/synthetic_scene_pickles/58e0436577580996a.pkl,58e0436577580996a,2021.08.16.14.23.37_veh-45_00015_00132,53c9f25e1fda5ce0,4cac9f6cd85a5b47,4,True,True,True,8,8,588935.7091671876,4474953.766605961,1.8862651894422073,10.848071486124196,2021.08.16.14.23.37_veh-45_00015_00132/CAM_F0/2527a7bef2744afa4.jpg,True,
/mnt/navsim/warmup_two_stage/synthetic_scene_pickles/5917fbfbfe9743cc2.pkl,5917fbfbfe9743cc2,2021.10.06.08.16.17_veh-52_01590_01725,47f9e40a21f7510a,ed3db88f99a05a6c,4,True,True,True,9,9,365788.5665063467,143351.88653690997,-1.6376425633409903,2.406156582061872,2021.10.06.08.16.17_veh-52_01590_01725/CAM_F0/70bc45f25e0732833.jpg,True,
/mnt/navsim/warmup_two_stage/synthetic_scene_pickles/5aa98495791fc00c6.pkl,5aa98495791fc00c6,2021.09.29.19.02.14_veh-28_02911_03005,1b439c269a83590c,5f53001e7e2d5347,4,True,True,True,9,9,331575.9617626483,4689336.798542999,2.769148317574262,6.044914476911621,2021.09.29.19.02.14_veh-28_02911_03005/CAM_F0/71d315b3d8ec686a1.jpg,True,
/mnt/navsim/warmup_two_stage/synthetic_scene_pickles/5df5d6ca54a64ba53.pkl,5df5d6ca54a64ba53,2021.08.30.14.54.34_veh-40_00439_00835,5e4dd8c91b8453bf,c054f473288d5515,4,True,True,True,8,8,331384.7496701544,4690965.769031763,2.568155010688101,8.444410152527864,2021.08.30.14.54.34_veh-40_00439_00835/CAM_F0/47d950296a0cc022c.jpg,True,
/mnt/navsim/warmup_two_stage/synthetic_scene_pickles/5e202817c39a0ee45.pkl,5e202817c39a0ee45,2021.09.16.13.53.10_veh-42_00180_00342,8c240d53cf9e5c6a,ae472d675a965aca,4,True,True,True,9,9,589249.6496772685,4474184.493695866,1.3737675210876255,4.341265826703672,2021.09.16.13.53.10_veh-42_00180_00342/CAM_F0/93cf4e17fd1b648a3.jpg,True,
/mnt/navsim/warmup_two_stage/synthetic_scene_pickles/6033793dd5e7954a8.pkl,6033793dd5e7954a8,2021.08.30.14.54.34_veh-40_00439_00835,5ea36cebd2575b16,68097b10029d5fe1,4,True,True,True,9,9,331399.36564599595,4690956.146928559,2.438273792655966,0.9189371598261925,2021.08.30.14.54.34_veh-40_00439_00835/CAM_F0/e4cd99caa9c275697.jpg,True,
/mnt/navsim/warmup_two_stage/synthetic_scene_pickles/60582bb9a7f472ff5.pkl,60582bb9a7f472ff5,2021.09.16.19.27.01_veh-45_01749_03230,9a4e8cacd6095527,f6b9867069845fd2,4,True,True,True,8,8,587571.2287959765,4475581.199797667,-0.24887408084040125,0.5749534389531539,2021.09.16.19.27.01_veh-45_01749_03230/CAM_F0/a663e3fcc5d9bfef9.jpg,True,
/mnt/navsim/warmup_two_stage/synthetic_scene_pickles/60f18c387ea4084a7.pkl,60f18c387ea4084a7,2021.09.16.15.47.30_veh-45_01199_01391,8a6d53a0e36a599d,f3ca2707d87a586b,4,True,True,True,9,9,588036.5730677114,4475715.513522199,0.7480906587255415,12.831838415266606,2021.09.16.15.47.30_veh-45_01199_01391/CAM_F0/aca06a7ad26832e84.jpg,True,
/mnt/navsim/warmup_two_stage/synthetic_scene_pickles/646988465dcfd8073.pkl,646988465dcfd8073,2021.09.16.19.27.01_veh-45_01749_03230,bf2eac0b47c55db7,19e90f2757b25f38,4,True,True,True,9,9,587576.133762664,4475578.46837569,-0.3901082489601073,3.408712387726287,2021.09.16.19.27.01_veh-45_01749_03230/CAM_F0/95865edc563564766.jpg,True,
/mnt/navsim/warmup_two_stage/synthetic_scene_pickles/649377bd8da63f839.pkl,649377bd8da63f839,2021.09.16.15.47.30_veh-45_01199_01391,8a6d53a0e36a599d,f3ca2707d87a586b,4,True,True,True,9,9,588027.9863037148,4475706.9512559185,0.7583523140264731,7.339430914161165,2021.09.16.15.47.30_veh-45_01199_01391/CAM_F0/b3b2aecaa947acb6b.jpg,True,
/mnt/navsim/warmup_two_stage/synthetic_scene_pickles/662f7e0509f15d6f5.pkl,662f7e0509f15d6f5,2021.08.30.14.54.34_veh-40_00439_00835,5ea36cebd2575b16,68097b10029d5fe1,4,True,True,True,9,9,331395.65917447646,4690958.372727347,2.5604184815302764,4.063374689894516,2021.08.30.14.54.34_veh-40_00439_00835/CAM_F0/688bae6ff57ba6400.jpg,True,
/mnt/navsim/warmup_two_stage/synthetic_scene_pickles/6657df4ec1a7f920c.pkl,6657df4ec1a7f920c,2021.09.16.15.47.30_veh-45_01199_01391,5b31f501fa395990,c1839a3333695317,4,True,True,True,8,8,588026.6162783131,4475705.9281226,0.7931237462062325,3.8685397600574745,2021.09.16.15.47.30_veh-45_01199_01391/CAM_F0/230f315fac708f255.jpg,True,
/mnt/navsim/warmup_two_stage/synthetic_scene_pickles/66aef685be9dbe3b2.pkl,66aef685be9dbe3b2,2021.09.16.15.47.30_veh-45_01199_01391,8a6d53a0e36a599d,f3ca2707d87a586b,4,True,True,True,9,9,588025.4733299037,4475705.588099353,0.8096471691757805,5.084415717873394,2021.09.16.15.47.30_veh-45_01199_01391/CAM_F0/d7e01dddd4cd40324.jpg,True,
/mnt/navsim/warmup_two_stage/synthetic_scene_pickles/6bf9409743593052e.pkl,6bf9409743593052e,2021.09.16.19.27.01_veh-45_01749_03230,9a4e8cacd6095527,f6b9867069845fd2,4,True,True,True,8,8,587571.6085092262,4475582.525964975,-0.04182807231858485,0.4207584541813385,2021.09.16.19.27.01_veh-45_01749_03230/CAM_F0/b918bc0902f5a9b1a.jpg,True,
/mnt/navsim/warmup_two_stage/synthetic_scene_pickles/6ce8ff08aa95433ff.pkl,6ce8ff08aa95433ff,2021.08.30.14.54.34_veh-40_00439_00835,5ea36cebd2575b16,68097b10029d5fe1,4,True,True,True,9,9,331390.46264440543,4690962.501395517,2.592307225226713,7.398279435134942,2021.08.30.14.54.34_veh-40_00439_00835/CAM_F0/c101784eaae732c5f.jpg,True,
/mnt/navsim/warmup_two_stage/synthetic_scene_pickles/6d48be2d19bb96dfb.pkl,6d48be2d19bb96dfb,2021.09.16.15.47.30_veh-45_01199_01391,8a6d53a0e36a599d,f3ca2707d87a586b,4,True,True,True,9,9,588034.6447612136,4475712.167982535,0.7834009165080189,11.006356003278094,2021.09.16.15.47.30_veh-45_01199_01391/CAM_F0/86ade8c89f54b351f.jpg,True,
/mnt/navsim/warmup_two_stage/synthetic_scene_pickles/6da0370d6043e5d6c.pkl,6da0370d6043e5d6c,2021.08.16.14.23.37_veh-45_00015_00132,f3d2d8c177b95556,2382542e05f253df,4,True,True,True,9,9,588941.6560319721,4474938.041555551,1.9262346622987472,5.806196284196606,2021.08.16.14.23.37_veh-45_00015_00132/CAM_F0/66c539c2a3507167a.jpg,True,
/mnt/navsim/warmup_two_stage/synthetic_scene_pickles/72365b276d71aec6f.pkl,72365b276d71aec6f,2021.09.16.15.47.30_veh-45_01199_01391,8a6d53a0e36a599d,f3ca2707d87a586b,4,True,True,True,9,9,588026.9353223393,4475704.333003171,0.7292650811587107,6.257703296088403,2021.09.16.15.47.30_veh-45_01199_01391/CAM_F0/b01bbb55abd30726a.jpg,True,
/mnt/navsim/warmup_two_stage/synthetic_scene_pickles/72747cb900d155b4f.pkl,72747cb900d155b4f,2021.09.16.13.53.10_veh-42_00180_00342,c370f836e3275da4,f14e7ed78b5d55b4,4,True,True,True,8,8,589250.1327066062,4474181.602628514,0.7613429655918629,1.9531425152166426,2021.09.16.13.53.10_veh-42_00180_00342/CAM_F0/9410daddd89e2b9b5.jpg,True,
/mnt/navsim/warmup_two_stage/synthetic_scene_pickles/751242f8f00ffd686.pkl,751242f8f00ffd686,2021.09.29.19.02.14_veh-28_02911_03005,1b439c269a83590c,5f53001e7e2d5347,4,True,True,True,9,9,331574.4729347124,4689340.527079539,2.7318893863586973,8.072872449976758,2021.09.29.19.02.14_veh-28_02911_03005/CAM_F0/86931951d3ea33c73.jpg,True,
/mnt/navsim/warmup_two_stage/synthetic_scene_pickles/76039e423289006b0.pkl,76039e423289006b0,2021.09.16.15.47.30_veh-45_01199_01391,045a93a43af35fd1,d01fec804cd45644,4,True,True,True,9,9,587714.0200361375,4475556.4370456375,0.9705955636380913,2.7876255299032624,2021.09.16.15.47.30_veh-45_01199_01391/CAM_F0/8272c5da6b5385193.jpg,True,
/mnt/navsim/warmup_two_stage/synthetic_scene_pickles/77ccd57ed216a0dab.pkl,77ccd57ed216a0dab,2021.09.29.19.02.14_veh-28_02911_03005,9d010e744f5b5c3a,3c542be991515ccd,4,True,True,True,8,8,331570.7729771068,4689341.988314637,2.8078915469248913,8.27754286041598,2021.09.29.19.02.14_veh-28_02911_03005/CAM_F0/0f3ca14244db888e6.jpg,True,
/mnt/navsim/warmup_two_stage/synthetic_scene_pickles/7925486cd17377e60.pkl,7925486cd17377e60,2021.10.06.08.16.17_veh-52_01590_01725,6b9c9cf543b25944,0dc54a8c8203567b,4,True,True,True,8,8,365790.0876684029,143347.69628470653,-1.4449205191743995,3.136002937831603,2021.10.06.08.16.17_veh-52_01590_01725/CAM_F0/6728e05bc421a35ee.jpg,True,
/mnt/navsim/warmup_two_stage/synthetic_scene_pickles/79982103ce9f6993b.pkl,79982103ce9f6993b,2021.09.16.15.47.30_veh-45_01199_01391,5b31f501fa395990,c1839a3333695317,4,True,True,True,8,8,588033.3616930399,4475711.5276239915,0.711456973419104,7.268963306774804,2021.09.16.15.47.30_veh-45_01199_01391/CAM_F0/9826e995e723437bf.jpg,True,
/mnt/navsim/warmup_two_stage/synthetic_scene_pickles/79ac8da99ba8bbdcf.pkl,79ac8da99ba8bbdcf,2021.09.16.15.47.30_veh-45_01199_01391,045a93a43af35fd1,d01fec804cd45644,4,True,True,True,9,9,587713.1879280512,4475557.588755212,1.0156075565079172,2.979550212929536,2021.09.16.15.47.30_veh-45_01199_01391/CAM_F0/fa4aca38194b7cfda.jpg,True,
/mnt/navsim/warmup_two_stage/synthetic_scene_pickles/7ace50b93669a030e.pkl,7ace50b93669a030e,2021.10.06.08.16.17_veh-52_01590_01725,6b9c9cf543b25944,0dc54a8c8203567b,4,True,True,True,8,8,365789.22523450997,143354.47877193257,-1.5231546993735094,1.2776956134475743,2021.10.06.08.16.17_veh-52_01590_01725/CAM_F0/85dc3d41104e701fe.jpg,True,
/mnt/navsim/warmup_two_stage/synthetic_scene_pickles/7c05e68917fef5d3d.pkl,7c05e68917fef5d3d,2021.09.29.19.02.14_veh-28_02911_03005,1b439c269a83590c,5f53001e7e2d5347,4,True,True,True,9,9,331582.2864623239,4689333.886051493,2.8544895743188268,1.5181208613427657,2021.09.29.19.02.14_veh-28_02911_03005/CAM_F0/0026aeadc88a6f9fc.jpg,True,
/mnt/navsim/warmup_two_stage/synthetic_scene_pickles/7d920994f639ad66e.pkl,7d920994f639ad66e,2021.09.16.15.47.30_veh-45_01199_01391,5b31f501fa395990,c1839a3333695317,4,True,True,True,8,8,588041.2233380213,4475719.805517849,0.7408122644440593,12.9153193390872,2021.09.16.15.47.30_veh-45_01199_01391/CAM_F0/548264b038ae76901.jpg,True,
/mnt/navsim/warmup_two_stage/synthetic_scene_pickles/804e804a8a56a51e9.pkl,804e804a8a56a51e9,2021.09.16.15.47.30_veh-45_01199_01391,5b31f501fa395990,c1839a3333695317,4,True,True,True,8,8,588039.8483918197,4475717.638561525,0.7438500711374091,12.37804927512744,2021.09.16.15.47.30_veh-45_01199_01391/CAM_F0/5cc397811c6138902.jpg,True,
/mnt/navsim/warmup_two_stage/synthetic_scene_pickles/82cfb7961d2bb99f8.pkl,82cfb7961d2bb99f8,2021.09.16.15.47.30_veh-45_01199_01391,8a6d53a0e36a599d,f3ca2707d87a586b,4,True,True,True,9,9,588024.2411885101,4475703.226769407,0.7724526335561566,4.889567940448658,2021.09.16.15.47.30_veh-45_01199_01391/CAM_F0/9bcc0e861f16ac30f.jpg,True,
/mnt/navsim/warmup_two_stage/synthetic_scene_pickles/835400a6c0df8a74b.pkl,835400a6c0df8a74b,2021.09.29.19.02.14_veh-28_02911_03005,9d010e744f5b5c3a,3c542be991515ccd,4,True,True,True,8,8,331584.64208724984,4689332.757191157,2.996142420654969,0.46138422939574375,2021.09.29.19.02.14_veh-28_02911_03005/CAM_F0/360a87b49a2d5207a.jpg,True,
/mnt/navsim/warmup_two_stage/synthetic_scene_pickles/8418d8e6bf2c8e22f.pkl,8418d8e6bf2c8e22f,2021.09.16.15.47.30_veh-45_01199_01391,fef473f296d15eee,13310ca9a7715154,4,True,True,True,8,8,587713.8888594225,4475558.664910123,1.012099774342773,2.361268417390444,2021.09.16.15.47.30_veh-45_01199_01391/CAM_F0/1b8b4a59b241764e1.jpg,True,
/mnt/navsim/warmup_two_stage/synthetic_scene_pickles/84577c282d9f20840.pkl,84577c282d9f20840,2021.09.29.19.02.14_veh-28_02911_03005,9d010e744f5b5c3a,3c542be991515ccd,4,True,True,True,8,8,331582.4724853818,4689333.761984227,2.9313055169239677,1.663842743722843,2021.09.29.19.02.14_veh-28_02911_03005/CAM_F0/7f01fb08e9f941929.jpg,True,
/mnt/navsim/warmup_two_stage/synthetic_scene_pickles/8b64c5afa9c69f3e5.pkl,8b64c5afa9c69f3e5,2021.09.16.15.47.30_veh-45_01199_01391,8a6d53a0e36a599d,f3ca2707d87a586b,4,True,True,True,9,9,588035.1309600796,4475712.824617425,0.7258739513833171,11.4818004551777,2021.09.16.15.47.30_veh-45_01199_01391/CAM_F0/f5850236634c0b9dd.jpg,True,
/mnt/navsim/warmup_two_stage/synthetic_scene_pickles/8b980b573643d64fd.pkl,8b980b573643d64fd,2021.08.30.14.54.34_veh-40_00439_00835,5e4dd8c91b8453bf,c054f473288d5515,4,True,True,True,8,8,331395.9520686487,4690958.263383722,2.481389072522568,1.64863070503555,2021.08.30.14.54.34_veh-40_00439_00835/CAM_F0/5077a3c100c5db9b5.jpg,True,
/mnt/navsim/warmup_two_stage/synthetic_scene_pickles/8bdc4da78502257b3.pkl,8bdc4da78502257b3,2021.08.16.14.23.37_veh-45_00015_00132,53c9f25e1fda5ce0,4cac9f6cd85a5b47,4,True,True,True,8,8,588942.2542948101,4474934.862670416,1.9248459393735102,2.2509622018984796,2021.08.16.14.23.37_veh-45_00015_00132/CAM_F0/a38b59aacb9b10f8a.jpg,True,
/mnt/navsim/warmup_two_stage/synthetic_scene_pickles/8c034cb5859ad74fa.pkl,8c034cb5859ad74fa,2021.08.16.14.23.37_veh-45_00015_00132,53c9f25e1fda5ce0,4cac9f6cd85a5b47,4,True,True,True,8,8,588939.6781545847,4474940.758317538,1.9337222176756286,5.711178475754467,2021.08.16.14.23.37_veh-45_00015_00132/CAM_F0/bf87a9843825c20e5.jpg,True,
/mnt/navsim/warmup_two_stage/synthetic_scene_pickles/8cac849e417f32327.pkl,8cac849e417f32327,2021.09.16.13.53.10_veh-42_00180_00342,c370f836e3275da4,f14e7ed78b5d55b4,4,True,True,True,8,8,589250.0508166805,4474186.667087079,1.4114999152316772,4.671005727667383,2021.09.16.13.53.10_veh-42_00180_00342/CAM_F0/271f04ebc4e127667.jpg,True,
/mnt/navsim/warmup_two_stage/synthetic_scene_pickles/8d091ed052d6f56b4.pkl,8d091ed052d6f56b4,2021.09.16.15.47.30_veh-45_01199_01391,5b31f501fa395990,c1839a3333695317,4,True,True,True,8,8,588031.362336232,4475710.789511022,0.7968051648253798,7.0972405879899565,2021.09.16.15.47.30_veh-45_01199_01391/CAM_F0/d25902ab8a8976b3a.jpg,True,
/mnt/navsim/warmup_two_stage/synthetic_scene_pickles/8d0bc8b49c82561ab.pkl,8d0bc8b49c82561ab,2021.09.29.19.02.14_veh-28_02911_03005,9d010e744f5b5c3a,3c542be991515ccd,4,True,True,True,8,8,331573.30149393657,4689337.818307991,2.7713165185934243,5.815186515405616,2021.09.29.19.02.14_veh-28_02911_03005/CAM_F0/95a6763501124cf4c.jpg,True,
/mnt/navsim/warmup_two_stage/synthetic_scene_pickles/8f31054972d1179fd.pkl,8f31054972d1179fd,2021.08.16.14.23.37_veh-45_00015_00132,f3d2d8c177b95556,2382542e05f253df,4,True,True,True,9,9,588937.395395348,4474948.645179497,1.8927281886472753,10.927262023901793,2021.08.16.14.23.37_veh-45_00015_00132/CAM_F0/b10d2ca8568add085.jpg,True,
/mnt/navsim/warmup_two_stage/synthetic_scene_pickles/90f9252963fe608ef.pkl,90f9252963fe608ef,2021.09.16.15.47.30_veh-45_01199_01391,8a6d53a0e36a599d,f3ca2707d87a586b,4,True,True,True,9,9,588025.1853268376,4475704.50931926,0.7936318542946376,4.814600310927972,2021.09.16.15.47.30_veh-45_01199_01391/CAM_F0/104e583670fc41aaa.jpg,True,
/mnt/navsim/warmup_two_stage/synthetic_scene_pickles/933f9f35fc0e5c412.pkl,933f9f35fc0e5c412,2021.09.29.19.02.14_veh-28_02911_03005,9d010e744f5b5c3a,3c542be991515ccd,4,True,True,True,8,8,331584.62067658774,4689332.619826215,2.9777971800743215,0.46138422939574375,2021.09.29.19.02.14_veh-28_02911_03005/CAM_F0/9bd544fd7ddba0ca5.jpg,True,
/mnt/navsim/warmup_two_stage/synthetic_scene_pickles/952267b5cea609efd.pkl,952267b5cea609efd,2021.09.29.19.02.14_veh-28_02911_03005,9d010e744f5b5c3a,3c542be991515ccd,4,True,True,True,8,8,331568.81363850954,4689340.393638021,2.7567997239973296,8.145271512114167,2021.09.29.19.02.14_veh-28_02911_03005/CAM_F0/f9c9e98c830ede32e.jpg,True,
/mnt/navsim/warmup_two_stage/synthetic_scene_pickles/967cd5b8c77d20137.pkl,967cd5b8c77d20137,2021.09.16.15.47.30_veh-45_01199_01391,fef473f296d15eee,13310ca9a7715154,4,True,True,True,8,8,587723.0574047576,4475568.022460672,0.9391266514926973,8.093939789020272,2021.09.16.15.47.30_veh-45_01199_01391/CAM_F0/6f5d89b045be53a91.jpg,True,
/mnt/navsim/warmup_two_stage/synthetic_scene_pickles/9773241dbd68c61ba.pkl,9773241dbd68c61ba,2021.09.16.15.47.30_veh-45_01199_01391,045a93a43af35fd1,d01fec804cd45644,4,True,True,True,9,9,587720.7480599283,4475564.887194522,0.9266265977639396,7.946815609899165,2021.09.16.15.47.30_veh-45_01199_01391/CAM_F0/ff8a14567aa3b91e0.jpg,True,
/mnt/navsim/warmup_two_stage/synthetic_scene_pickles/9796d47a5d90c5005.pkl,9796d47a5d90c5005,2021.09.29.19.02.14_veh-28_02911_03005,1b439c269a83590c,5f53001e7e2d5347,4,True,True,True,9,9,331580.8853145912,4689334.5240330845,2.8600892141566865,2.5709677841921224,2021.09.29.19.02.14_veh-28_02911_03005/CAM_F0/ecaf7d15605eae938.jpg,True,
/mnt/navsim/warmup_two_stage/synthetic_scene_pickles/97f39da3a9362170f.pkl,97f39da3a9362170f,2021.10.06.08.16.17_veh-52_01590_01725,47f9e40a21f7510a,ed3db88f99a05a6c,4,True,True,True,9,9,365789.38613921363,143351.61802417273,-1.5302352335861038,3.697298240106631,2021.10.06.08.16.17_veh-52_01590_01725/CAM_F0/55c568f7f2812caf8.jpg,True,
/mnt/navsim/warmup_two_stage/synthetic_scene_pickles/9805d2f6d84a7af06.pkl,9805d2f6d84a7af06,2021.09.16.13.53.10_veh-42_00180_00342,8c240d53cf9e5c6a,ae472d675a965aca,4,True,True,True,9,9,589249.0001073679,4474180.434310785,0.913634812714212,1.7583391384579852,2021.09.16.13.53.10_veh-42_00180_00342/CAM_F0/017427d2572bd9d91.jpg,True,
/mnt/navsim/warmup_two_stage/synthetic_scene_pickles/98751c60a33f0374b.pkl,98751c60a33f0374b,2021.10.06.08.16.17_veh-52_01590_01725,6b9c9cf543b25944,0dc54a8c8203567b,4,True,True,True,8,8,365789.05480879755,143357.00488833842,-1.5368919969903536,0.08994641693665102,2021.10.06.08.16.17_veh-52_01590_01725/CAM_F0/8724e8381c31f876e.jpg,True,
/mnt/navsim/warmup_two_stage/synthetic_scene_pickles/9aa79a68e6b2815b0.pkl,9aa79a68e6b2815b0,2021.09.16.15.47.30_veh-45_01199_01391,5b31f501fa395990,c1839a3333695317,4,True,True,True,8,8,588029.0494839314,4475706.235275927,0.74339757562217,5.708059036290071,2021.09.16.15.47.30_veh-45_01199_01391/CAM_F0/3f57ec5ef5566a8d5.jpg,True,
/mnt/navsim/warmup_two_stage/synthetic_scene_pickles/9b4c4f2e3ec26d813.pkl,9b4c4f2e3ec26d813,2021.09.16.19.27.01_veh-45_01749_03230,9a4e8cacd6095527,f6b9867069845fd2,4,True,True,True,8,8,587578.2023942334,4475577.062022233,-0.44184919755673896,3.1415867093132355,2021.09.16.19.27.01_veh-45_01749_03230/CAM_F0/39d8c7279a68ab36f.jpg,True,
/mnt/navsim/warmup_two_stage/synthetic_scene_pickles/9b973505db2d87ad8.pkl,9b973505db2d87ad8,2021.09.16.15.47.30_veh-45_01199_01391,5b31f501fa395990,c1839a3333695317,4,True,True,True,8,8,588037.609656857,4475713.647117732,0.6656805388642079,11.033906587459748,2021.09.16.15.47.30_veh-45_01199_01391/CAM_F0/704cfa69d5c865f1a.jpg,True,
/mnt/navsim/warmup_two_stage/synthetic_scene_pickles/9e88fad98d54cd7f8.pkl,9e88fad98d54cd7f8,2021.09.16.15.47.30_veh-45_01199_01391,fef473f296d15eee,13310ca9a7715154,4,True,True,True,8,8,587710.7074414279,4475554.007869127,1.0793230490219692,0.06575480504260454,2021.09.16.15.47.30_veh-45_01199_01391/CAM_F0/0aea1b725ca2193fc.jpg,True,
/mnt/navsim/warmup_two_stage/synthetic_scene_pickles/a1ae9cd16594770e3.pkl,a1ae9cd16594770e3,2021.09.16.13.53.10_veh-42_00180_00342,c370f836e3275da4,f14e7ed78b5d55b4,4,True,True,True,8,8,589248.2761566692,4474179.898414147,0.785316866192609,0.3774558528594266,2021.09.16.13.53.10_veh-42_00180_00342/CAM_F0/a3410fb483ae4b557.jpg,True,
/mnt/navsim/warmup_two_stage/synthetic_scene_pickles/a3700b06ab1c74929.pkl,a3700b06ab1c74929,2021.09.16.15.47.30_veh-45_01199_01391,045a93a43af35fd1,d01fec804cd45644,4,True,True,True,9,9,587716.7318686969,4475559.635512512,0.900084397863506,3.5258198568010224,2021.09.16.15.47.30_veh-45_01199_01391/CAM_F0/adbc879a4597dd166.jpg,True,
/mnt/navsim/warmup_two_stage/synthetic_scene_pickles/a40f75c42ab8ba21c.pkl,a40f75c42ab8ba21c,2021.09.16.15.47.30_veh-45_01199_01391,045a93a43af35fd1,d01fec804cd45644,4,True,True,True,9,9,587710.6595601721,4475553.991210357,1.0786684394359947,0.3421738177920288,2021.09.16.15.47.30_veh-45_01199_01391/CAM_F0/8c97df252e882b714.jpg,True,
/mnt/navsim/warmup_two_stage/synthetic_scene_pickles/a4b2a9e4fb8c9ce40.pkl,a4b2a9e4fb8c9ce40,2021.08.16.14.23.37_veh-45_00015_00132,53c9f25e1fda5ce0,4cac9f6cd85a5b47,4,True,True,True,8,8,588935.846882553,4474951.451948328,1.9318283096248667,10.376142377801848,2021.08.16.14.23.37_veh-45_00015_00132/CAM_F0/3a216f2415c907df3.jpg,True,
/mnt/navsim/warmup_two_stage/synthetic_scene_pickles/a4eb2fcfd172737ff.pkl,a4eb2fcfd172737ff,2021.09.29.19.02.14_veh-28_02911_03005,9d010e744f5b5c3a,3c542be991515ccd,4,True,True,True,8,8,331571.2700151894,4689337.755788311,2.810694647062162,8.112936415878087,2021.09.29.19.02.14_veh-28_02911_03005/CAM_F0/1264f75f54765333b.jpg,True,
/mnt/navsim/warmup_two_stage/synthetic_scene_pickles/a5c1699953d1a3fa6.pkl,a5c1699953d1a3fa6,2021.09.16.13.53.10_veh-42_00180_00342,c370f836e3275da4,f14e7ed78b5d55b4,4,True,True,True,8,8,589250.655968185,4474180.623242552,0.8334737939013781,0.20569139712335402,2021.09.16.13.53.10_veh-42_00180_00342/CAM_F0/d18f9ae8d91fdbb24.jpg,True,
/mnt/navsim/warmup_two_stage/synthetic_scene_pickles/a748763392ad18fb7.pkl,a748763392ad18fb7,2021.10.06.08.16.17_veh-52_01590_01725,47f9e40a21f7510a,ed3db88f99a05a6c,4,True,True,True,9,9,365789.06858378573,143356.98503983053,-1.537163835283489,0.3155962263115509,2021.10.06.08.16.17_veh-52_01590_01725/CAM_F0/cda5183388ad01a3d.jpg,True,
/mnt/navsim/warmup_two_stage/synthetic_scene_pickles/a7f256d66c8dfe46e.pkl,a7f256d66c8dfe46e,2021.08.30.14.54.34_veh-40_00439_00835,5e4dd8c91b8453bf,c054f473288d5515,4,True,True,True,8,8,331396.5630399238,4690957.422562606,2.5219338523976567,1.8750210374743215,2021.08.30.14.54.34_veh-40_00439_00835/CAM_F0/b51a68aa94c6f6343.jpg,True,
/mnt/navsim/warmup_two_stage/synthetic_scene_pickles/a83b00b882e313c8a.pkl,a83b00b882e313c8a,2021.09.16.19.27.01_veh-45_01749_03230,bf2eac0b47c55db7,19e90f2757b25f38,4,True,True,True,9,9,587571.2643945969,4475582.1101538325,-0.20727935263778738,1.066967380686387,2021.09.16.19.27.01_veh-45_01749_03230/CAM_F0/2970d026057e78779.jpg,True,
/mnt/navsim/warmup_two_stage/synthetic_scene_pickles/a9e788f961abd576e.pkl,a9e788f961abd576e,2021.08.30.14.54.34_veh-40_00439_00835,5e4dd8c91b8453bf,c054f473288d5515,4,True,True,True,8,8,331391.9479754253,4690959.940990742,2.613144427432031,2.2802080088451384,2021.08.30.14.54.34_veh-40_00439_00835/CAM_F0/4cccb45c683f5f9c5.jpg,True,
/mnt/navsim/warmup_two_stage/synthetic_scene_pickles/a9f6c4abc7b259d79.pkl,a9f6c4abc7b259d79,2021.09.16.15.47.30_veh-45_01199_01391,fef473f296d15eee,13310ca9a7715154,4,True,True,True,8,8,587710.5614094248,4475552.721872448,0.9528125356980659,0.07783289712102077,2021.09.16.15.47.30_veh-45_01199_01391/CAM_F0/27ddc9b933c54e222.jpg,True,
/mnt/navsim/warmup_two_stage/synthetic_scene_pickles/ab12dce908d82f34f.pkl,ab12dce908d82f34f,2021.09.29.19.02.14_veh-28_02911_03005,9d010e744f5b5c3a,3c542be991515ccd,4,True,True,True,8,8,331573.7147071865,4689339.105293911,2.4153798996942126,6.12861872329266,2021.09.29.19.02.14_veh-28_02911_03005/CAM_F0/0757a4cb8f0b41b41.jpg,True,
/mnt/navsim/warmup_two_stage/synthetic_scene_pickles/ab7778a86b332f3d0.pkl,ab7778a86b332f3d0,2021.10.06.08.16.17_veh-52_01590_01725,47f9e40a21f7510a,ed3db88f99a05a6c,4,True,True,True,9,9,365789.2181638914,143349.24573051336,-1.5572503862555658,4.382021557715659,2021.10.06.08.16.17_veh-52_01590_01725/CAM_F0/0d1a4687a22f943e8.jpg,True,
/mnt/navsim/warmup_two_stage/synthetic_scene_pickles/aef0aeed0310d5970.pkl,aef0aeed0310d5970,2021.09.16.15.47.30_veh-45_01199_01391,5b31f501fa395990,c1839a3333695317,4,True,True,True,8,8,588035.3017631071,4475714.73559705,0.7667918679714906,9.983315259664426,2021.09.16.15.47.30_veh-45_01199_01391/CAM_F0/ba620404153f412b3.jpg,True,
/mnt/navsim/warmup_two_stage/synthetic_scene_pickles/b4a539d740f2b76c6.pkl,b4a539d740f2b76c6,2021.10.06.08.16.17_veh-52_01590_01725,6b9c9cf543b25944,0dc54a8c8203567b,4,True,True,True,8,8,365788.9875183041,143353.5007728554,-1.573901540449541,1.4628886301873387,2021.10.06.08.16.17_veh-52_01590_01725/CAM_F0/698fa05b292ff1dbb.jpg,True,
/mnt/navsim/warmup_two_stage/synthetic_scene_pickles/b631756bef6e48962.pkl,b631756bef6e48962,2021.08.16.14.23.37_veh-45_00015_00132,f3d2d8c177b95556,2382542e05f253df,4,True,True,True,9,9,588937.2488112982,4474948.236905783,1.8784402897340369,11.282093482245102,2021.08.16.14.23.37_veh-45_00015_00132/CAM_F0/3da47319e7ed68bb0.jpg,True,
/mnt/navsim/warmup_two_stage/synthetic_scene_pickles/b69aae68b9684ff47.pkl,b69aae68b9684ff47,2021.08.16.14.23.37_veh-45_00015_00132,53c9f25e1fda5ce0,4cac9f6cd85a5b47,4,True,True,True,8,8,588941.8084467965,4474936.405431867,1.8950110971542122,3.874758568127204,2021.08.16.14.23.37_veh-45_00015_00132/CAM_F0/be347c795b3759b82.jpg,True,
/mnt/navsim/warmup_two_stage/synthetic_scene_pickles/b6b62673c627da553.pkl,b6b62673c627da553,2021.09.29.19.02.14_veh-28_02911_03005,1b439c269a83590c,5f53001e7e2d5347,4,True,True,True,9,9,331584.8398241987,4689332.595921771,2.9782813358365434,0.8064858581617703,2021.09.29.19.02.14_veh-28_02911_03005/CAM_F0/0a880c6ce8fc03a4f.jpg,True,
/mnt/navsim/warmup_two_stage/synthetic_scene_pickles/b73c79f966cd359ef.pkl,b73c79f966cd359ef,2021.09.16.13.53.10_veh-42_00180_00342,8c240d53cf9e5c6a,ae472d675a965aca,4,True,True,True,9,9,589249.5623870447,4474181.729851499,0.9517539069576164,1.1671463819254424,2021.09.16.13.53.10_veh-42_00180_00342/CAM_F0/0ff45cd800f4cb410.jpg,True,
/mnt/navsim/warmup_two_stage/synthetic_scene_pickles/b7f2426a1d804557e.pkl,b7f2426a1d804557e,2021.09.16.15.47.30_veh-45_01199_01391,045a93a43af35fd1,d01fec804cd45644,4,True,True,True,9,9,587714.6864233443,4475558.370629178,0.9694021360354849,4.535728988570421,2021.09.16.15.47.30_veh-45_01199_01391/CAM_F0/cedf151457537b8e7.jpg,True,
/mnt/navsim/warmup_two_stage/synthetic_scene_pickles/b82051e96f917e89d.pkl,b82051e96f917e89d,2021.09.16.19.27.01_veh-45_01749_03230,9a4e8cacd6095527,f6b9867069845fd2,4,True,True,True,8,8,587575.3650917406,4475580.192156291,-0.2287443661269273,1.9328828521086159,2021.09.16.19.27.01_veh-45_01749_03230/CAM_F0/3f3c22d58ab7d245e.jpg,True,
/mnt/navsim/warmup_two_stage/synthetic_scene_pickles/b8d541cf3aba5d61c.pkl,b8d541cf3aba5d61c,2021.09.16.15.47.30_veh-45_01199_01391,8a6d53a0e36a599d,f3ca2707d87a586b,4,True,True,True,9,9,588033.4455663302,4475710.320667566,0.6837132670935887,10.95392266089969,2021.09.16.15.47.30_veh-45_01199_01391/CAM_F0/51844c9eafe17d7a9.jpg,True,
/mnt/navsim/warmup_two_stage/synthetic_scene_pickles/b9015b34fe734522d.pkl,b9015b34fe734522d,2021.08.30.14.54.34_veh-40_00439_00835,5e4dd8c91b8453bf,c054f473288d5515,4,True,True,True,8,8,331383.17533637496,4690966.077987797,2.5917689779139104,9.278067730056963,2021.08.30.14.54.34_veh-40_00439_00835/CAM_F0/0671b7332cf6d4964.jpg,True,
/mnt/navsim/warmup_two_stage/synthetic_scene_pickles/b9a56efeb0e7867cd.pkl,b9a56efeb0e7867cd,2021.09.16.19.27.01_veh-45_01749_03230,bf2eac0b47c55db7,19e90f2757b25f38,4,True,True,True,9,9,587575.1548027445,4475579.794372161,-0.24111628278780448,2.7647032029067313,2021.09.16.19.27.01_veh-45_01749_03230/CAM_F0/1787c1b911faae85c.jpg,True,
/mnt/navsim/warmup_two_stage/synthetic_scene_pickles/ba8ce6c1bbcb938c8.pkl,ba8ce6c1bbcb938c8,2021.08.16.14.23.37_veh-45_00015_00132,53c9f25e1fda5ce0,4cac9f6cd85a5b47,4,True,True,True,8,8,588940.6516040423,4474940.626833002,1.9408469221176232,5.505692960847542,2021.08.16.14.23.37_veh-45_00015_00132/CAM_F0/2f9b8c623e75866f2.jpg,True,
/mnt/navsim/warmup_two_stage/synthetic_scene_pickles/bae7ffcbd67b325b8.pkl,bae7ffcbd67b325b8,2021.10.06.08.16.17_veh-52_01590_01725,47f9e40a21f7510a,ed3db88f99a05a6c,4,True,True,True,9,9,365789.2022242418,143354.99080530662,-1.5223788715304416,1.2296588747080273,2021.10.06.08.16.17_veh-52_01590_01725/CAM_F0/1cd950fbe9b027362.jpg,True,
/mnt/navsim/warmup_two_stage/synthetic_scene_pickles/bb051cb0ff3bf6156.pkl,bb051cb0ff3bf6156,2021.09.16.15.47.30_veh-45_01199_01391,045a93a43af35fd1,d01fec804cd45644,4,True,True,True,9,9,587710.8663256973,4475552.652105731,0.9194672803711536,0.8752882495304397,2021.09.16.15.47.30_veh-45_01199_01391/CAM_F0/bbf2f941fac42e178.jpg,True,
/mnt/navsim/warmup_two_stage/synthetic_scene_pickles/bb468a81ee9edce94.pkl,bb468a81ee9edce94,2021.09.16.13.53.10_veh-42_00180_00342,8c240d53cf9e5c6a,ae472d675a965aca,4,True,True,True,9,9,589249.6496772685,4474184.493695866,1.3737675210876255,4.341265826703672,2021.09.16.13.53.10_veh-42_00180_00342/CAM_F0/0da9e80a2211bb84f.jpg,True,
/mnt/navsim/warmup_two_stage/synthetic_scene_pickles/bd62dddccb21517fc.pkl,bd62dddccb21517fc,2021.09.16.15.47.30_veh-45_01199_01391,8a6d53a0e36a599d,f3ca2707d87a586b,4,True,True,True,9,9,588028.5286006841,4475707.389105424,0.7693491351806399,7.397499498891599,2021.09.16.15.47.30_veh-45_01199_01391/CAM_F0/fdf17ffbfd719071d.jpg,True,
/mnt/navsim/warmup_two_stage/synthetic_scene_pickles/be037d9bc0dd168e3.pkl,be037d9bc0dd168e3,2021.09.16.15.47.30_veh-45_01199_01391,8a6d53a0e36a599d,f3ca2707d87a586b,4,True,True,True,9,9,588033.8035870172,4475712.4696461605,0.7653539527208156,9.789995838695088,2021.09.16.15.47.30_veh-45_01199_01391/CAM_F0/d4a6c3a45613411b5.jpg,True,
/mnt/navsim/warmup_two_stage/synthetic_scene_pickles/bf9b3b31e6804504f.pkl,bf9b3b31e6804504f,2021.09.16.15.47.30_veh-45_01199_01391,045a93a43af35fd1,d01fec804cd45644,4,True,True,True,9,9,587710.5689757311,4475552.7330958815,0.9520649631804929,0.2180934963771796,2021.09.16.15.47.30_veh-45_01199_01391/CAM_F0/fa4f7e92fd5ce6607.jpg,True,
/mnt/navsim/warmup_two_stage/synthetic_scene_pickles/c0dedce5eef43c3a2.pkl,c0dedce5eef43c3a2,2021.09.29.19.02.14_veh-28_02911_03005,9d010e744f5b5c3a,3c542be991515ccd,4,True,True,True,8,8,331573.0156806204,4689339.211341454,2.6163716391392415,6.796338161793946,2021.09.29.19.02.14_veh-28_02911_03005/CAM_F0/5eae23081a1133706.jpg,True,
/mnt/navsim/warmup_two_stage/synthetic_scene_pickles/c10f0f9e1c9d7334a.pkl,c10f0f9e1c9d7334a,2021.09.16.15.47.30_veh-45_01199_01391,5b31f501fa395990,c1839a3333695317,4,True,True,True,8,8,588030.9592792492,4475709.733013757,0.7690884321108636,6.761225904210544,2021.09.16.15.47.30_veh-45_01199_01391/CAM_F0/0372809c75143e58d.jpg,True,
/mnt/navsim/warmup_two_stage/synthetic_scene_pickles/c10f2ea4d09a8410c.pkl,c10f2ea4d09a8410c,2021.08.30.14.54.34_veh-40_00439_00835,5e4dd8c91b8453bf,c054f473288d5515,4,True,True,True,8,8,331392.14439022756,4690960.337518056,2.8246856688830846,3.7165262382496445,2021.08.30.14.54.34_veh-40_00439_00835/CAM_F0/c8864e7a54881f2e8.jpg,True,
/mnt/navsim/warmup_two_stage/synthetic_scene_pickles/c1c5dc7e77e28e479.pkl,c1c5dc7e77e28e479,2021.10.06.08.16.17_veh-52_01590_01725,6b9c9cf543b25944,0dc54a8c8203567b,4,True,True,True,8,8,365789.96404213866,143345.75329744324,-1.418830471711069,4.9985132719298235,2021.10.06.08.16.17_veh-52_01590_01725/CAM_F0/fb6e603c939e4b5f4.jpg,True,
/mnt/navsim/warmup_two_stage/synthetic_scene_pickles/c3ee50af063655e8d.pkl,c3ee50af063655e8d,2021.09.16.15.47.30_veh-45_01199_01391,fef473f296d15eee,13310ca9a7715154,4,True,True,True,8,8,587714.6910424046,4475557.4945785245,1.0213138570625282,2.8590942462985764,2021.09.16.15.47.30_veh-45_01199_01391/CAM_F0/62f62f67554e1de07.jpg,True,
/mnt/navsim/warmup_two_stage/synthetic_scene_pickles/c550d90f6713ce7ac.pkl,c550d90f6713ce7ac,2021.09.16.19.27.01_veh-45_01749_03230,9a4e8cacd6095527,f6b9867069845fd2,4,True,True,True,8,8,587567.2867706518,4475582.380479481,-0.3396734773923903,0.015343339477703485,2021.09.16.19.27.01_veh-45_01749_03230/CAM_F0/574c50081a5f731d1.jpg,True,
/mnt/navsim/warmup_two_stage/synthetic_scene_pickles/c6612d7d6a783aa05.pkl,c6612d7d6a783aa05,2021.09.29.19.02.14_veh-28_02911_03005,9d010e744f5b5c3a,3c542be991515ccd,4,True,True,True,8,8,331579.88148132525,4689334.815148327,2.8555247544091733,2.0472565292992164,2021.09.29.19.02.14_veh-28_02911_03005/CAM_F0/5023c71dfa3a457f0.jpg,True,
/mnt/navsim/warmup_two_stage/synthetic_scene_pickles/c8842dc24dcca8eb4.pkl,c8842dc24dcca8eb4,2021.09.16.15.47.30_veh-45_01199_01391,8a6d53a0e36a599d,f3ca2707d87a586b,4,True,True,True,9,9,588026.8715557922,4475706.636938939,0.7925023486750219,4.7013637287618675,2021.09.16.15.47.30_veh-45_01199_01391/CAM_F0/713ca70799fb93a24.jpg,True,
/mnt/navsim/warmup_two_stage/synthetic_scene_pickles/ceb4129af61cd0eef.pkl,ceb4129af61cd0eef,2021.09.16.13.53.10_veh-42_00180_00342,c370f836e3275da4,f14e7ed78b5d55b4,4,True,True,True,8,8,589249.8256146002,4474182.111496341,0.9809601108201933,0.9435151827651846,2021.09.16.13.53.10_veh-42_00180_00342/CAM_F0/54cd9bfe992d101e9.jpg,True,
/mnt/navsim/warmup_two_stage/synthetic_scene_pickles/cf0fcd0482743deba.pkl,cf0fcd0482743deba,2021.08.16.14.23.37_veh-45_00015_00132,53c9f25e1fda5ce0,4cac9f6cd85a5b47,4,True,True,True,8,8,588933.9477526493,4474959.013953136,1.8579943906459953,11.332090661838249,2021.08.16.14.23.37_veh-45_00015_00132/CAM_F0/1dc5829e5e9e28df8.jpg,True,
/mnt/navsim/warmup_two_stage/synthetic_scene_pickles/cf35c199bbf6e1a81.pkl,cf35c199bbf6e1a81,2021.09.16.15.47.30_veh-45_01199_01391,5b31f501fa395990,c1839a3333695317,4,True,True,True,8,8,588038.3148782955,4475715.855302843,0.7965607209536456,10.437443686332694,2021.09.16.15.47.30_veh-45_01199_01391/CAM_F0/d3644ce44ea9edbc1.jpg,True,
/mnt/navsim/warmup_two_stage/synthetic_scene_pickles/d30f71a2c94125fb9.pkl,d30f71a2c94125fb9,2021.10.06.08.16.17_veh-52_01590_01725,47f9e40a21f7510a,ed3db88f99a05a6c,4,True,True,True,9,9,365789.0070635214,143354.3320620396,-1.571525039276799,2.187127574217577,2021.10.06.08.16.17_veh-52_01590_01725/CAM_F0/ac22dd890c1ac6fe0.jpg,True,
/mnt/navsim/warmup_two_stage/synthetic_scene_pickles/d4f1766550afc78a2.pkl,d4f1766550afc78a2,2021.09.16.19.27.01_veh-45_01749_03230,9a4e8cacd6095527,f6b9867069845fd2,4,True,True,True,8,8,587571.5534055934,4475582.0090224575,-0.2179185615574939,0.4410707651195465,2021.09.16.19.27.01_veh-45_01749_03230/CAM_F0/eeec2e4225b95133f.jpg,True,
/mnt/navsim/warmup_two_stage/synthetic_scene_pickles/d52bf49d0ef873dcd.pkl,d52bf49d0ef873dcd,2021.09.16.19.27.01_veh-45_01749_03230,bf2eac0b47c55db7,19e90f2757b25f38,4,True,True,True,9,9,587571.2735552635,4475582.5634217225,-0.04069405111800829,1.1354558313877472,2021.09.16.19.27.01_veh-45_01749_03230/CAM_F0/49fa6f322c643ee3a.jpg,True,
/mnt/navsim/warmup_two_stage/synthetic_scene_pickles/d539a6b904ce7ef87.pkl,d539a6b904ce7ef87,2021.09.29.19.02.14_veh-28_02911_03005,1b439c269a83590c,5f53001e7e2d5347,4,True,True,True,9,9,331584.85811432754,4689332.7132662255,2.9956582648927474,0.8064858581617703,2021.09.29.19.02.14_veh-28_02911_03005/CAM_F0/1df00f648ffcec663.jpg,True,
/mnt/navsim/warmup_two_stage/synthetic_scene_pickles/d5c787395efb85734.pkl,d5c787395efb85734,2021.09.16.15.47.30_veh-45_01199_01391,fef473f296d15eee,13310ca9a7715154,4,True,True,True,8,8,587717.5811147947,4475560.728648463,0.9025547636625071,2.3679750025828774,2021.09.16.15.47.30_veh-45_01199_01391/CAM_F0/24326f0f9d8b51d53.jpg,True,
/mnt/navsim/warmup_two_stage/synthetic_scene_pickles/d7d71eb747bc501d2.pkl,d7d71eb747bc501d2,2021.08.30.14.54.34_veh-40_00439_00835,5e4dd8c91b8453bf,c054f473288d5515,4,True,True,True,8,8,331389.72959301394,4690961.56122956,2.5683705678983286,5.476159934408394,2021.08.30.14.54.34_veh-40_00439_00835/CAM_F0/97458e6c84aa45f0a.jpg,True,
/mnt/navsim/warmup_two_stage/synthetic_scene_pickles/d82ae1fb6f6e52f5a.pkl,d82ae1fb6f6e52f5a,2021.09.16.19.27.01_veh-45_01749_03230,bf2eac0b47c55db7,19e90f2757b25f38,4,True,True,True,9,9,587573.0211335914,4475579.386342753,-0.44133436754940536,2.100106969793075,2021.09.16.19.27.01_veh-45_01749_03230/CAM_F0/08710d435159a623e.jpg,True,
/mnt/navsim/warmup_two_stage/synthetic_scene_pickles/d9d572baaf8f2e2b2.pkl,d9d572baaf8f2e2b2,2021.09.16.15.47.30_veh-45_01199_01391,8a6d53a0e36a599d,f3ca2707d87a586b,4,True,True,True,9,9,588035.5075312677,4475713.625442339,0.7485910595544875,12.346641328695036,2021.09.16.15.47.30_veh-45_01199_01391/CAM_F0/ff619d350ca99e99d.jpg,True,
/mnt/navsim/warmup_two_stage/synthetic_scene_pickles/da87fc19e91f92bac.pkl,da87fc19e91f92bac,2021.09.29.19.02.14_veh-28_02911_03005,1b439c269a83590c,5f53001e7e2d5347,4,True,True,True,9,9,331573.3427308561,4689340.702600871,2.7163013185161624,8.579014627144758,2021.09.29.19.02.14_veh-28_02911_03005/CAM_F0/c8584b0bf744360af.jpg,True,
/mnt/navsim/warmup_two_stage/synthetic_scene_pickles/db4977839ea1a3ad7.pkl,db4977839ea1a3ad7,2021.09.29.19.02.14_veh-28_02911_03005,9d010e744f5b5c3a,3c542be991515ccd,4,True,True,True,8,8,331569.46166043926,4689342.305654939,2.7888575929858046,8.75911272007229,2021.09.29.19.02.14_veh-28_02911_03005/CAM_F0/194fdbbc8ac3dde50.jpg,True,
/mnt/navsim/warmup_two_stage/synthetic_scene_pickles/dc819a3381a3c7b91.pkl,dc819a3381a3c7b91,2021.09.29.19.02.14_veh-28_02911_03005,1b439c269a83590c,5f53001e7e2d5347,4,True,True,True,9,9,331576.11454652785,4689337.228227746,2.5277369971132675,6.196495716245811,2021.09.29.19.02.14_veh-28_02911_03005/CAM_F0/5dce4deceb5b41eda.jpg,True,
/mnt/navsim/warmup_two_stage/synthetic_scene_pickles/dd2600c1d8421c841.pkl,dd2600c1d8421c841,2021.09.16.15.47.30_veh-45_01199_01391,fef473f296d15eee,13310ca9a7715154,4,True,True,True,8,8,587721.5612177867,4475565.779992187,0.8855461777432092,7.341590756482277,2021.09.16.15.47.30_veh-45_01199_01391/CAM_F0/dc8ed04bb8a7460da.jpg,True,
/mnt/navsim/warmup_two_stage/synthetic_scene_pickles/dd8ec3a0f0244ea8a.pkl,dd8ec3a0f0244ea8a,2021.08.16.14.23.37_veh-45_00015_00132,f3d2d8c177b95556,2382542e05f253df,4,True,True,True,9,9,588939.6076457177,4474942.758275688,1.8974637448250644,9.304193041856637,2021.08.16.14.23.37_veh-45_00015_00132/CAM_F0/3e9e609a93dd9a4f5.jpg,True,
/mnt/navsim/warmup_two_stage/synthetic_scene_pickles/deb6862facde7a71e.pkl,deb6862facde7a71e,2021.09.29.19.02.14_veh-28_02911_03005,9d010e744f5b5c3a,3c542be991515ccd,4,True,True,True,8,8,331581.6943057831,4689334.057688561,2.8490245102605902,1.2573713354993465,2021.09.29.19.02.14_veh-28_02911_03005/CAM_F0/edfb1c746a7f5df6b.jpg,True,
/mnt/navsim/warmup_two_stage/synthetic_scene_pickles/df50cf18216f20a44.pkl,df50cf18216f20a44,2021.09.16.15.47.30_veh-45_01199_01391,fef473f296d15eee,13310ca9a7715154,4,True,True,True,8,8,587718.6375028103,4475563.014258014,0.8557244776385639,5.9641913312137715,2021.09.16.15.47.30_veh-45_01199_01391/CAM_F0/b3056bb101f0efeab.jpg,True,
/mnt/navsim/warmup_two_stage/synthetic_scene_pickles/dfd18c5e63dd1daad.pkl,dfd18c5e63dd1daad,2021.09.16.19.27.01_veh-45_01749_03230,bf2eac0b47c55db7,19e90f2757b25f38,4,True,True,True,9,9,587567.3325888724,4475582.340408158,-0.3397884069115341,0.031670351309559766,2021.09.16.19.27.01_veh-45_01749_03230/CAM_F0/7132ee53b08a3123d.jpg,True,
/mnt/navsim/warmup_two_stage/synthetic_scene_pickles/e17e34720afc0a801.pkl,e17e34720afc0a801,2021.09.16.19.27.01_veh-45_01749_03230,9a4e8cacd6095527,f6b9867069845fd2,4,True,True,True,8,8,587568.0542628503,4475582.7383108325,-0.1643867205659487,0.02437257331927213,2021.09.16.19.27.01_veh-45_01749_03230/CAM_F0/d5bf67a96363f62e2.jpg,True,
/mnt/navsim/warmup_two_stage/synthetic_scene_pickles/e51d738df05d80f66.pkl,e51d738df05d80f66,2021.09.29.19.02.14_veh-28_02911_03005,1b439c269a83590c,5f53001e7e2d5347,4,True,True,True,9,9,331581.2239589549,4689334.319382456,2.8661209888821224,3.1993878465426597,2021.09.29.19.02.14_veh-28_02911_03005/CAM_F0/92eadad91b16eeff0.jpg,True,
/mnt/navsim/warmup_two_stage/synthetic_scene_pickles/e739d7e1814c8828e.pkl,e739d7e1814c8828e,2021.10.06.08.16.17_veh-52_01590_01725,6b9c9cf543b25944,0dc54a8c8203567b,4,True,True,True,8,8,365789.43315088114,143349.94340354297,-1.5320215011824343,3.2819929009180884,2021.10.06.08.16.17_veh-52_01590_01725/CAM_F0/6b4de2b93977813ec.jpg,True,
/mnt/navsim/warmup_two_stage/synthetic_scene_pickles/e75f7eeecaf450de1.pkl,e75f7eeecaf450de1,2021.09.16.13.53.10_veh-42_00180_00342,c370f836e3275da4,f14e7ed78b5d55b4,4,True,True,True,8,8,589245.7812285051,4474177.8383364305,0.3329980401833112,0.004024930263550836,2021.09.16.13.53.10_veh-42_00180_00342/CAM_F0/303566ad0f4f340de.jpg,True,
/mnt/navsim/warmup_two_stage/synthetic_scene_pickles/e9864a1bf46fe2970.pkl,e9864a1bf46fe2970,2021.08.30.14.54.34_veh-40_00439_00835,5ea36cebd2575b16,68097b10029d5fe1,4,True,True,True,9,9,331386.72238010674,4690964.786266563,2.521491468254017,8.868151038703571,2021.08.30.14.54.34_veh-40_00439_00835/CAM_F0/ab2be9195630a5543.jpg,True,
/mnt/navsim/warmup_two_stage/synthetic_scene_pickles/ea9ab1608e04c15fb.pkl,ea9ab1608e04c15fb,2021.08.16.14.23.37_veh-45_00015_00132,53c9f25e1fda5ce0,4cac9f6cd85a5b47,4,True,True,True,8,8,588933.9477526493,4474959.013953136,1.8579943906459953,11.332090661838249,2021.08.16.14.23.37_veh-45_00015_00132/CAM_F0/ab1699be1de9cefd1.jpg,True,
/mnt/navsim/warmup_two_stage/synthetic_scene_pickles/ead753dc7b3ef500a.pkl,ead753dc7b3ef500a,2021.08.16.14.23.37_veh-45_00015_00132,f3d2d8c177b95556,2382542e05f253df,4,True,True,True,9,9,588942.4188309126,4474934.60255897,1.9008038674849737,4.220687025588042,2021.08.16.14.23.37_veh-45_00015_00132/CAM_F0/75c2d3250675b14e2.jpg,True,
/mnt/navsim/warmup_two_stage/synthetic_scene_pickles/eb460e81fcd5fe540.pkl,eb460e81fcd5fe540,2021.08.30.14.54.34_veh-40_00439_00835,5e4dd8c91b8453bf,c054f473288d5515,4,True,True,True,8,8,331399.6086028299,4690956.094629689,2.4387783909136456,0.24602462247655726,2021.08.30.14.54.34_veh-40_00439_00835/CAM_F0/6a8753fbf36482b81.jpg,True,
/mnt/navsim/warmup_two_stage/synthetic_scene_pickles/eb97b8241f9dfc6aa.pkl,eb97b8241f9dfc6aa,2021.09.16.13.53.10_veh-42_00180_00342,c370f836e3275da4,f14e7ed78b5d55b4,4,True,True,True,8,8,589249.5075915379,4474180.443329583,0.7119044912061603,1.1216677427325057,2021.09.16.13.53.10_veh-42_00180_00342/CAM_F0/e6d3e35e2d27ad1d4.jpg,True,
/mnt/navsim/warmup_two_stage/synthetic_scene_pickles/ebe14c56a58cdc004.pkl,ebe14c56a58cdc004,2021.08.30.14.54.34_veh-40_00439_00835,5e4dd8c91b8453bf,c054f473288d5515,4,True,True,True,8,8,331399.6086028299,4690956.094629689,2.4387783909136456,0.24602462247655726,2021.08.30.14.54.34_veh-40_00439_00835/CAM_F0/19e4c769d3dccbdd6.jpg,True,
/mnt/navsim/warmup_two_stage/synthetic_scene_pickles/eca840f42fe3594c4.pkl,eca840f42fe3594c4,2021.09.29.19.02.14_veh-28_02911_03005,9d010e744f5b5c3a,3c542be991515ccd,4,True,True,True,8,8,331579.90225486807,4689334.702326402,2.8610443936154972,2.4970342104683527,2021.09.29.19.02.14_veh-28_02911_03005/CAM_F0/8f4dadcd7e3f77d70.jpg,True,
/mnt/navsim/warmup_two_stage/synthetic_scene_pickles/ece485089b31f3755.pkl,ece485089b31f3755,2021.09.16.13.53.10_veh-42_00180_00342,8c240d53cf9e5c6a,ae472d675a965aca,4,True,True,True,9,9,589248.1189450554,4474179.753375053,0.7675916429513011,0.5633661961115076,2021.09.16.13.53.10_veh-42_00180_00342/CAM_F0/d1bef4a9b6554e02b.jpg,True,
/mnt/navsim/warmup_two_stage/synthetic_scene_pickles/ed23c779993f7fd3e.pkl,ed23c779993f7fd3e,2021.09.16.13.53.10_veh-42_00180_00342,8c240d53cf9e5c6a,ae472d675a965aca,4,True,True,True,9,9,589250.9024850124,4474188.817851384,1.4560287641268144,4.984074789951371,2021.09.16.13.53.10_veh-42_00180_00342/CAM_F0/e84203f47dee9a95e.jpg,True,
/mnt/navsim/warmup_two_stage/synthetic_scene_pickles/ed4908014dc09cd22.pkl,ed4908014dc09cd22,2021.09.16.15.47.30_veh-45_01199_01391,5b31f501fa395990,c1839a3333695317,4,True,True,True,8,8,588034.5153635206,4475711.120099254,0.6576212649338977,9.651862010607825,2021.09.16.15.47.30_veh-45_01199_01391/CAM_F0/76158cb86e1f2130a.jpg,True,
/mnt/navsim/warmup_two_stage/synthetic_scene_pickles/ee3886929e4a704af.pkl,ee3886929e4a704af,2021.09.16.15.47.30_veh-45_01199_01391,8a6d53a0e36a599d,f3ca2707d87a586b,4,True,True,True,9,9,588031.8110192876,4475711.360266316,0.7716466322181017,10.182919189856998,2021.09.16.15.47.30_veh-45_01199_01391/CAM_F0/f6d066d07eaff4f5d.jpg,True,
/mnt/navsim/warmup_two_stage/synthetic_scene_pickles/ef0c60769ce335764.pkl,ef0c60769ce335764,2021.09.16.15.47.30_veh-45_01199_01391,8a6d53a0e36a599d,f3ca2707d87a586b,4,True,True,True,9,9,588028.8692102839,4475708.254951744,0.7927892628847553,7.738108128693911,2021.09.16.15.47.30_veh-45_01199_01391/CAM_F0/0916ed8e70a5a4b22.jpg,True,
/mnt/navsim/warmup_two_stage/synthetic_scene_pickles/f05a3a506a91a3bce.pkl,f05a3a506a91a3bce,2021.10.06.08.16.17_veh-52_01590_01725,6b9c9cf543b25944,0dc54a8c8203567b,4,True,True,True,8,8,365790.56832368445,143342.70184064674,-1.4669547467660635,5.016274625640458,2021.10.06.08.16.17_veh-52_01590_01725/CAM_F0/1e97a030cce53f851.jpg,True,
/mnt/navsim/warmup_two_stage/synthetic_scene_pickles/f17ed218bdb5901b3.pkl,f17ed218bdb5901b3,2021.09.16.15.47.30_veh-45_01199_01391,fef473f296d15eee,13310ca9a7715154,4,True,True,True,8,8,587718.8016580663,4475564.270600004,0.9383963903751809,5.540686590932711,2021.09.16.15.47.30_veh-45_01199_01391/CAM_F0/d539a2025cd53de78.jpg,True,
/mnt/navsim/warmup_two_stage/synthetic_scene_pickles/f2e7f87969071593e.pkl,f2e7f87969071593e,2021.08.30.14.54.34_veh-40_00439_00835,5ea36cebd2575b16,68097b10029d5fe1,4,True,True,True,9,9,331393.8244879511,4690959.649925773,2.696127591108331,4.061699957963882,2021.08.30.14.54.34_veh-40_00439_00835/CAM_F0/f5e38969fe2e84f6e.jpg,True,
/mnt/navsim/warmup_two_stage/synthetic_scene_pickles/f3adf450a03db050a.pkl,f3adf450a03db050a,2021.08.30.14.54.34_veh-40_00439_00835,5ea36cebd2575b16,68097b10029d5fe1,4,True,True,True,9,9,331388.11499169696,4690963.553513654,2.557978098230636,8.278878962042796,2021.08.30.14.54.34_veh-40_00439_00835/CAM_F0/e2cc888a4a5c847f8.jpg,True,
/mnt/navsim/warmup_two_stage/synthetic_scene_pickles/f3bf53c3d04f853bc.pkl,f3bf53c3d04f853bc,2021.10.06.08.16.17_veh-52_01590_01725,6b9c9cf543b25944,0dc54a8c8203567b,4,True,True,True,8,8,365789.23141821986,143347.29628672832,-1.5573158934282574,3.751268642633799,2021.10.06.08.16.17_veh-52_01590_01725/CAM_F0/e329b52929a4d224a.jpg,True,
/mnt/navsim/warmup_two_stage/synthetic_scene_pickles/f56218494f5918d10.pkl,f56218494f5918d10,2021.08.30.14.54.34_veh-40_00439_00835,5ea36cebd2575b16,68097b10029d5fe1,4,True,True,True,9,9,331399.7667247046,4690955.943984009,2.4388854817872074,0.8537189253392162,2021.08.30.14.54.34_veh-40_00439_00835/CAM_F0/5e644d867eea244bb.jpg,True,
/mnt/navsim/warmup_two_stage/synthetic_scene_pickles/f57adfbc8afd9e37e.pkl,f57adfbc8afd9e37e,2021.08.16.14.23.37_veh-45_00015_00132,53c9f25e1fda5ce0,4cac9f6cd85a5b47,4,True,True,True,8,8,588933.9477526493,4474959.013953136,1.8579943906459953,11.332090661838249,2021.08.16.14.23.37_veh-45_00015_00132/CAM_F0/ff5a86950c98bb1d0.jpg,True,
/mnt/navsim/warmup_two_stage/synthetic_scene_pickles/f5b499a4d2c1d8480.pkl,f5b499a4d2c1d8480,2021.09.16.13.53.10_veh-42_00180_00342,c370f836e3275da4,f14e7ed78b5d55b4,4,True,True,True,8,8,589250.0508166805,4474186.667087079,1.4114999152316772,4.671005727667383,2021.09.16.13.53.10_veh-42_00180_00342/CAM_F0/ba88a35074507686e.jpg,True,
/mnt/navsim/warmup_two_stage/synthetic_scene_pickles/f6061a425bd93c317.pkl,f6061a425bd93c317,2021.08.30.14.54.34_veh-40_00439_00835,5e4dd8c91b8453bf,c054f473288d5515,4,True,True,True,8,8,331383.2560455549,4690967.250668117,2.524883519525282,8.940926598680912,2021.08.30.14.54.34_veh-40_00439_00835/CAM_F0/52c28d46d69b7aa7b.jpg,True,
/mnt/navsim/warmup_two_stage/synthetic_scene_pickles/f75539f5c0653d54d.pkl,f75539f5c0653d54d,2021.09.16.13.53.10_veh-42_00180_00342,c370f836e3275da4,f14e7ed78b5d55b4,4,True,True,True,8,8,589249.4814476686,4474181.123071044,1.0354596027633258,1.7731585702816213,2021.09.16.13.53.10_veh-42_00180_00342/CAM_F0/b4e019c082d661e3a.jpg,True,
/mnt/navsim/warmup_two_stage/synthetic_scene_pickles/f94461ad742bdc273.pkl,f94461ad742bdc273,2021.09.16.13.53.10_veh-42_00180_00342,c370f836e3275da4,f14e7ed78b5d55b4,4,True,True,True,8,8,589251.0905588228,4474191.251692812,1.5362076212856692,4.846080092919125,2021.09.16.13.53.10_veh-42_00180_00342/CAM_F0/39aaf3c0419eb63f2.jpg,True,
/mnt/navsim/warmup_two_stage/synthetic_scene_pickles/ff409db1d63ca34c9.pkl,ff409db1d63ca34c9,2021.09.16.15.47.30_veh-45_01199_01391,5b31f501fa395990,c1839a3333695317,4,True,True,True,8,8,588035.1170263056,4475711.814193147,0.6980467469560974,9.76526738157835,2021.09.16.15.47.30_veh-45_01199_01391/CAM_F0/7b39529f2af255490.jpg,True,
