synthetic_scene_token,initial_token,corresponding_original_scene,corresponding_original_initial_token,history_frames,future_frames,frame_annotation_count,extended_track_steps,extended_traffic_light_steps,front_camera_path_declared,front_camera_file_exists,lidar_path_declared,lidar_file_exists
0008d79ec0547d26b,f27131cc726cc7eb7,931c9ec2bfa55d47,02b68b9cc51f506a,4,0,78,8,8,True,True,True,False
0014874cf8a863ee5,c2453cf14f2d02b30,7c7e92d50f92564b,7da863f64a5f5e90,4,0,75,8,8,True,True,True,False
0015757a763c4b52a,b4ad9997db888e2b4,ff9d7c14934b541e,d5b18d6105c25004,4,0,40,8,8,True,True,True,False
00178b30dc1566c58,63ab15ccc8dcb91fd,faf8f696fd8a5298,fa2c36ce4ba156cb,4,0,80,9,9,True,True,True,False
00253b9d0414dff03,9e9f60c0dd89a3428,610d428caeb35b9e,a6edd19740415b54,4,0,15,9,9,True,True,True,False
002a417ee258681dd,74e68e4dba8d14dfa,69a4a5913bfc5d5d,05f1a5cbc0905d8e,4,0,8,8,8,True,True,True,False
002da93d41e37f4b4,58a779e8d452e3877,1468001ef92e5109,faa8cd5e541a5b67,4,0,83,9,9,True,True,True,False
002e8246aea64c1eb,4683eec43a1454ea9,4c2d79a8bcc155bd,5521dd071ee95c1a,4,0,100,9,9,True,True,True,False
00331ff78371a0558,a2aa45cf991d37699,89b190b36cd75ce9,dd35be6455fe566b,4,0,91,9,9,True,True,True,False
0038a8c2969db35ef,5eeb6bb55001c1fc4,afb6f330e8665731,25e9d76574075cee,4,0,133,9,9,True,True,True,False
004e020f91241e374,ff06d29f106ca64e4,6139b7811b87514b,b6247a5245a5554f,4,0,260,9,9,True,True,True,False
0060e71e5df239992,f0da7e68f4547e66a,98c7a48dd75052ab,a5183d5f2da251fa,4,0,141,9,9,True,True,True,False
0062ad9640afd2d18,c557bbca95b7a9516,66368e570f415f55,eb3912d9717d5177,4,0,4,9,9,True,True,True,False
0064aa154ad5dd326,62660d36960de718f,66a2be8354ba5535,a2047f9cb3865b75,4,0,153,8,8,True,True,True,False
006d934bf264f0f76,835ff0096d7b5ba4f,43861b94f4d959eb,67bce1e28df25eaa,4,0,306,9,9,True,True,True,False
0087e01bacbb89534,f8632cecfa6bdd21f,ed3da5aa48d15354,087023402a695ba3,4,0,67,9,9,True,True,True,False
009fabf9964b38e09,39ee7720dd5c83901,de354f243fa157ec,116aacf9868e5e4e,4,0,44,9,9,True,True,True,False
00a0f25bb297f4bb2,e20ec0633fcd9af94,5c5e0e2c9d225b98,8237f47b224952b4,4,0,8,8,8,True,True,True,False
00a33612ebd843738,a1de70408377fb037,e7ca264a0dd359f3,49074bfb7c9e5c26,4,0,4,8,8,True,True,True,False
00bf9464525be8211,83d2191f456a3fa85,d34b1a7834a35883,e024bd23594b5a13,4,0,22,9,9,True,True,True,False
00c52c4de6fe0ce6e,0a043b6dfbe71d53e,05c1feab4b8f5957,635d0bb58aa95282,4,0,70,9,9,True,True,True,False
00cbcaaad573a39b4,947f38ffbc0854bac,97c8e9ca10ba5a69,8fb11d5808355072,4,0,480,8,8,True,True,True,False
00e6902b215b55cd5,599d18ef0c8b9c894,8cfce2bdf24a5260,550f8f2c9795525c,4,0,260,9,9,True,True,True,False
00e7d8567c2cb11dd,38243f89c66ef146f,0bb779c3344d5b1d,54a295777c3a5d46,4,0,9,8,8,True,True,True,False
00ea30c53331bf4ad,ae09f26f3f98c0e0e,5b5be980b0815e76,3b1e0182cb145b8d,4,0,57,8,8,True,True,True,False
00ebf407fbe88b384,aad606c2d4cfea9a1,4b1073732de35303,99ebd32df2f453f8,4,0,8,8,8,True,True,True,False
00f237cd5ef0124ee,f423e66e3506af742,0d0972c70bd955cc,ffe92084016a5795,4,0,13,8,8,True,True,True,False
0107ffccc6004826a,b51b8bf8d757ee5de,3dac4631b32d5baa,f2117260382b5d83,4,0,173,9,9,True,True,True,False
01094a36bd94cb879,d069a0081ae35d442,4459594521595a93,2c8a58b94332570d,4,0,57,9,9,True,True,True,False
0112bf0829744d5c8,cd00bd6a4daf5fce4,73c600dba1795b0c,5f4991d3d2ca5eee,4,0,726,9,9,True,True,True,False
0115fef8cbe3a6549,dbc538d7bed435cad,ff3e6f394fea51bf,8d0697930b5e5df0,4,0,504,8,8,True,True,True,False
0132e12b479cd7707,b36a5e74ec4ae9574,b3211f9908a45786,da56fca2caff52e4,4,0,91,9,9,True,True,True,False
013ffe6f96749333e,17b20f1abf2c81e8d,9aa76ff06fd153d8,cc4bdc0160e157c4,4,0,126,9,9,True,True,True,False
01443572b5ccd1c62,a99e7bb23533b8fee,d10f3128649054ef,9b0a5826d2d357d8,4,0,6,8,8,True,True,True,False
0147495a77b47f1b9,2f25ad449c40ae04c,1661065c080c51d8,c33bb70075e7594c,4,0,273,9,9,True,True,True,False
015c7fd628e69272a,2c12490b19101760e,50613cf56a8d5a38,b867b28707205c0b,4,0,114,9,9,True,True,True,False
0164da747f4b0a439,20a64ca2d03e6cb72,4a7fd1bd37ed5463,bb4f37403cea5b0e,4,0,30,8,8,True,True,True,False
0182dc1ab08cdf1fe,d1e49d53c8a87357c,d4f46232d69d5d16,7af0e9b8a12056e8,4,0,22,9,9,True,True,True,False
018f0a94c17889ec2,4e5f4494c8076cc5b,5496f69033515dd4,66583dab627951a2,4,0,88,9,9,True,True,True,False
0190a0d50fddaef79,4b3c2ee5f127a3fe4,134b10cfe7e753e6,b474c79361415cb0,4,0,159,8,8,True,True,True,False
01a7ef3dba5ee1ac4,a69f76adb6218f06b,6d3bb2ecca3e54b4,c7e06d79e58454ae,4,0,1,9,9,True,True,True,False
01e5252ed26b9fbd2,556038b758f3b54f6,9243ca15a76e552f,8f8ccbd6ffcb54b9,4,0,137,8,8,True,True,True,False
01e7a6ceda9106fe8,4c1f05a52e82aac85,c6be203c41a155e4,f2592c08589e5398,4,0,8,8,8,True,True,True,False
01eb9339e1ec69815,32888a8d5ffa4cfa6,045a93a43af35fd1,d01fec804cd45644,4,0,144,9,9,True,True,True,False
01ec1447fb4d9d422,5a653e174a05d5da0,6bc77f3b97795470,f56b0cc9c9d95421,4,0,40,9,9,True,True,True,False
020189e6b9370b72a,853836094a41151fa,931c9ec2bfa55d47,02b68b9cc51f506a,4,0,78,8,8,True,True,True,False
0202177df05d72208,0837e02dbb891dbc9,ba8b30ba37d05ed6,0f422a003dab525e,4,0,12,9,9,True,True,True,False
0206af5e08710ab35,1ad3760588008efe5,8685d4420d83534f,71405d414236553c,4,0,58,8,8,True,True,True,False
0206b719284ef4041,bccac7c12e34ccda7,eb72736f2edf5380,622867ce25805447,4,0,142,8,8,True,True,True,False
02075289551870285,319a6165fd328e03e,4459594521595a93,2c8a58b94332570d,4,0,57,9,9,True,True,True,False
0229510a74825209d,198e5922fee004f44,22dde440a0c35d31,8846d60884435288,4,0,162,9,9,True,True,True,False
022c495c346bfa5d8,5351d5bec3ef40436,610d428caeb35b9e,a6edd19740415b54,4,0,15,9,9,True,True,True,False
024231617669075b8,462336a687ff62978,05f1c7e44f74538c,0fde069313a35062,4,0,221,9,9,True,True,True,False
0243b0e465a22f024,21ef36d866be6b411,c1e88ed6895053e8,b60afdbc7cc65971,4,0,109,8,8,True,True,True,False
0260c23dbf7e78d46,ce4c369affbdefa99,8140728e0011561d,342f42c4b2855ffb,4,0,12,9,9,True,True,True,False
0286bef519359808a,ceb646b2fba95ebf9,008d66a74c275479,e1f6c044f4235462,4,0,264,8,8,True,True,True,False
028c5c8b15e95d43c,64dbb32a1a6005581,89b190b36cd75ce9,dd35be6455fe566b,4,0,91,9,9,True,True,True,False
028f56e132b04b6ff,5c1c76ff6dae6f388,acd1fd0b50b659c8,686b55439d5e591e,4,0,258,9,9,True,True,True,False
02a8e1ae44bf614f6,ff7b96c916771e141,5496f69033515dd4,66583dab627951a2,4,0,88,9,9,True,True,True,False
02ad1857986716032,e10827f1aaf62efb8,9a00d37375a95d7e,58d69daf413c5d5a,4,0,89,8,8,True,True,True,False
02d30c9811ca47424,2516d8b2211015894,5a41a7f756c551ce,5c838efd36805c92,4,0,34,9,9,True,True,True,False
02df2861db0e0f92f,4470091fffca9e391,fddb0bdd1d7f53e0,847432a116d35db0,4,0,36,9,9,True,True,True,False
02e48709be8a4e2c7,f7aca65344c3b8a4b,dd71dee142f05d7d,2cae5f08e11a5dbd,4,0,28,8,8,True,True,True,False
02e62f9514bd3bff5,d294ac095b61c1877,6352864cf9f95bb8,a18d2b32f8415373,4,0,9,8,8,True,True,True,False
0302214637bc14123,e848a6d0aa53e2ec3,5c5e0e2c9d225b98,8237f47b224952b4,4,0,8,8,8,True,True,True,False
0325bfacc7a9d1c14,cd7d476e450a5083d,9be9c9c84b625515,e244b2ddf97a57d6,4,0,6,9,9,True,True,True,False
032b83e09de065477,5eea9af2c6acb36ec,27ff47ea8aea59cf,008844070af456e3,4,0,111,8,8,True,True,True,False
03362a68235cecffe,5c4cdaaf289584cd5,48c16e2d0c5f59e7,e9b43b140b1d54bf,4,0,40,8,8,True,True,True,False
033b00ec79294c38c,fde62db47c2545623,cb8b1f36617c50d4,e17587a96a795abf,4,0,79,9,9,True,True,True,False
034d42d7f3dbbd331,8e1bbd443f815b48a,dd79f9aa92105761,ce05573741b75133,4,0,118,9,9,True,True,True,False
03541e0604e59183d,cd19384b9fe667753,38f1e14586bd51e3,4972962184a75fa7,4,0,8,8,8,True,True,True,False
035acb81b79ce9758,7a12897acffda91d2,fc8a398075265f44,2c5cbab120595d79,4,0,37,9,9,True,True,True,False
035bab624c2314a6a,d253a5d864e95f8d2,73c600dba1795b0c,5f4991d3d2ca5eee,4,0,726,9,9,True,True,True,False
03754ed06fb168134,e1787c2ae57c993f3,e982719caf425a10,bd9abb7104dc5408,4,0,24,8,8,True,True,True,False
0383f8970f355e2e0,087f962c16ba01a4c,ff9d7c14934b541e,d5b18d6105c25004,4,0,40,8,8,True,True,True,False
0399903ddfb8256e7,d73385f96b3a8b16d,23f0187033d658d9,c5b585ddf50d5f1f,4,0,245,8,8,True,True,True,False
03a12d86f4fbccaa2,29202e5e7b84d0701,fc2a258a2dc153a8,909655c780e152ac,4,0,4,8,8,True,True,True,False
03a8cd5e9da22dd7a,1b742b73235363011,eccf91e1e1635acf,77f11643ced5562a,4,0,136,8,8,True,True,True,False
03cf7e3d27fdced01,5e5a2a6c7ddbfc092,0bb779c3344d5b1d,54a295777c3a5d46,4,0,9,8,8,True,True,True,False
03d0bf5d43d9b3deb,8da51d4b0fa17ee9a,267005afb82050c1,c574d461642f5deb,4,0,62,9,9,True,True,True,False
03ea0e62894605136,db1f577b1f0df7a26,4909b88b347c5764,a67c6744e6c45edb,4,0,104,8,8,True,True,True,False
03ee2ccab25e12216,5875003845a7403ab,71aea26de05f5b5d,5593db2f64115fbf,4,0,144,9,9,True,True,True,False
03efc282540f80de4,b5be28ec54c28eea8,f841083805af5242,64a7186ab49b5cdc,4,0,20,8,8,True,True,True,False
0409928be41c0d09b,bd52a44e8dce6c6d8,66225fc71bd35554,330166def5a35f4d,4,0,255,8,8,True,True,True,False
04183dcabdfeaaea6,9a2c6392ddbd1a611,dadfddb20a29587d,f8b524a4e8925503,4,0,10,9,9,True,True,True,False
044b302ec5e62abde,7abb624adfb880027,4e3aab178b035e85,7a8c81a7cd1256e0,4,0,162,9,9,True,True,True,False
044bcb87e2d3fd3bc,5c23f7f4493bf911d,267005afb82050c1,c574d461642f5deb,4,0,63,9,9,True,True,True,False
044e93612e16438a5,01d8a706eb3443501,43861b94f4d959eb,67bce1e28df25eaa,4,0,306,9,9,True,True,True,False
0461caca9013d8b76,ed8e5c526e1f42a73,030704a9aac75776,a97ceb2edd0251f9,4,0,302,8,8,True,True,True,False
046416e5e92689d56,83643b4c5add93044,7edfabe116e25844,d073c3202a7e56da,4,0,135,9,9,True,True,True,False
046956c58ff77a7c6,67df061cc3bf5fa44,d7928caf300452e2,757c23c6819c589c,4,0,88,8,8,True,True,True,False
046a02f022d4f3266,ee30df8e553e929cb,f6d575d8e0a45772,46deeff0d0495df6,4,0,229,8,8,True,True,True,False
04959610fc4cdfe91,9d4b20553cbf06af4,786c49b2f19f54c0,97c09fe94495563a,4,0,47,9,9,True,True,True,False
049a4f5e4d8ea128e,2f70249e5e3153c88,c3c375ac03435ee2,eed801b1cd035275,4,0,194,9,9,True,True,True,False
049d9eacd3d829fc2,d337b79f01dc75805,4a4c046eff125fca,f7a9f82f17b256e2,4,0,379,8,8,True,True,True,False
04c295cbebc46bfd8,04d4f1277557232ce,834a7c22e2c55c71,20728d3e677b593d,4,0,16,8,8,True,True,True,False
04d89d2a9297f4ced,7daae87faa1540ace,3dac4631b32d5baa,f2117260382b5d83,4,0,173,9,9,True,True,True,False
04e0d5abb13d37002,34096e25c51fff4b8,f1041299a1a059f5,3b910accfc12560a,4,0,156,9,9,True,True,True,False
050c46242012b8691,bec8d578f7182bbcd,6139b7811b87514b,b6247a5245a5554f,4,0,260,9,9,True,True,True,False
05214f7616c57fe9f,0bc2b72e890837ec6,9aa76ff06fd153d8,cc4bdc0160e157c4,4,0,126,9,9,True,True,True,False
052841e8dd5bb17ce,f1d442974b63b87f6,fc2a258a2dc153a8,909655c780e152ac,4,0,4,8,8,True,True,True,False
052cc1b450e96f10e,31368b2b5cafa42dc,490463fd7e9e5769,d50b69bed8f2570c,4,0,146,9,9,True,True,True,False
053500930c3b46de0,95f0d6c3b4018f122,5be54baed8b35bd7,0122ce98b2735558,4,0,188,9,9,True,True,True,False
053bddefdce3c252f,2e221a5360953028d,9243ca15a76e552f,8f8ccbd6ffcb54b9,4,0,137,8,8,True,True,True,False
0543cd7bd2661221b,7e3fd48eb2c70a68f,48bbe3acc93450aa,34489cf42e005e93,4,0,211,9,9,True,True,True,False
05441acc9b0186d2a,88685892fa01fcedf,aaa52295ba6e5daf,abbf1c193ac75f91,4,0,54,9,9,True,True,True,False
056e9afeaf8b6c1ca,07d57ac58a266170f,5e4dd8c91b8453bf,c054f473288d5515,4,0,91,8,8,True,True,True,False
05800534b645e05dd,f476792b1bd197fca,74cf2bc3433f59dd,7727bf26f5845499,4,0,4,8,8,True,True,True,False
058200dd6e4c6c09c,acd449fa83a39cef2,97e2daddecd557a4,ecc6da85180a5eee,4,0,43,9,9,True,True,True,False
058e669245585eba4,7cdfa18002444c694,267005afb82050c1,c574d461642f5deb,4,0,61,9,9,True,True,True,False
059af98c71c613364,0e14703cf05b5dfd9,e6dc564e1a3a588e,00c1e4eb4a045f20,4,0,16,9,9,True,True,True,False
05a09a289bfb61a54,ca8771e5e055dcfca,ceb5b3df40105f05,226e6642fbc65bdc,4,0,131,9,9,True,True,True,False
05b7e58e4ec170fa3,66f77d65755a1c784,82e1485de4fa5b71,131ab0263b07507c,4,0,206,8,8,True,True,True,False
05c62ae1835bd63f8,ac09d37b9d495cdc7,a031a7d531295e92,b031a0b55ab951f8,4,0,23,8,8,True,True,True,False
05c7361935778e606,7feb07f9028c8bf62,97c8e9ca10ba5a69,8fb11d5808355072,4,0,480,8,8,True,True,True,False
05da10cf1c6f7ce20,836d617c75ae603a0,6c578cebcf47592b,0802a51b0a1d512c,4,0,172,8,8,True,True,True,False
05e42b6b787923821,0952835e9ba422028,5a41a7f756c551ce,5c838efd36805c92,4,0,34,9,9,True,True,True,False
060f6fa99f940f7ba,815411526d5f2c6d5,3b34e3fd5b9e5767,779852a1160f56f9,4,0,97,9,9,True,True,True,False
06168f4293d3f0ad1,01944b1d62426bc85,8140728e0011561d,342f42c4b2855ffb,4,0,12,9,9,True,True,True,False
061bd6cc72751763a,977312aa1b30d7f8f,63372e43883c5a85,029585f0509d52b0,4,0,54,8,8,True,True,True,False
06207e55c5be1de0a,995a5ceaca13fa6a0,7a6d3719323a5188,2030d3a5ed675084,4,0,4,8,8,True,True,True,False
0624f9413dbd92a1e,cb1939bb101889c17,7ac633604a3c572d,94d74f87c8435b61,4,0,259,8,8,True,True,True,False
0632035b5cfe752e2,1b2cd068b0d562449,9cfdfd9619325a79,a2701552b0f95f7b,4,0,149,8,8,True,True,True,False
063bc5c1cc0ab4efd,c966f12167e10d758,13559c5a97855007,b8d2227c06a351e4,4,0,85,8,8,True,True,True,False
063e3c98881fbd790,c2fbdb2ef268ad123,66225fc71bd35554,330166def5a35f4d,4,0,255,8,8,True,True,True,False
06405d94eff452b7a,fa8d78f84cd8b7f8c,5ea36cebd2575b16,68097b10029d5fe1,4,0,90,9,9,True,True,True,False
0645f7ce2f377b911,9e800327f6e34c777,157c6c5b1b9d5608,f1bdf7e4e9f5534e,4,0,245,9,9,True,True,True,False
064d62ef69052cc3f,b70d444b82722ea24,e6dc564e1a3a588e,00c1e4eb4a045f20,4,0,16,9,9,True,True,True,False
06507f5628ea7c0a5,d6c514686f23569a7,f0d1419c24b85651,59bf40c427da5eb1,4,0,116,8,8,True,True,True,False
066c6c0b480abc965,88c5a08bcfdda91cd,19c99be4f21f5a0a,c6bd79f439c254a0,4,0,41,9,9,True,True,True,False
06789000629f140c7,071e35b1661da1366,a9af1e73c9575428,28c89352b09b55d4,4,0,7,9,9,True,True,True,False
06795c083d0a75f6c,3d093356af980da3c,23f0187033d658d9,c5b585ddf50d5f1f,4,0,245,8,8,True,True,True,False
0679810ef517099d3,e2ea1000f4e2d0904,6d2fdf97f60654af,d715fbc6ea0551f8,4,0,213,9,9,True,True,True,False
067c36f53336a1089,5e652ec452f5c3eb4,821f5be699cd5942,d20be65e3dc65738,4,0,0,8,8,True,True,True,False
069ea5b8988549222,6e878407167faf00e,a472c2f69a3456f3,4dd1ab3a667b5074,4,0,14,8,8,True,True,True,False
06a3ed01745b18858,903b3cc014d45619e,c6be203c41a155e4,f2592c08589e5398,4,0,8,8,8,True,True,True,False
06b63c8cd498cfb94,2a1e301e08b641e81,69a4a5913bfc5d5d,05f1a5cbc0905d8e,4,0,8,8,8,True,True,True,False
06cc6469ebdd91316,d84d05e0468db43cc,fc8a398075265f44,2c5cbab120595d79,4,0,37,9,9,True,True,True,False
06d52fef6e8ed8aae,174e7a32e20f2ca14,5a41a7f756c551ce,5c838efd36805c92,4,0,34,9,9,True,True,True,False
06dbea9b8c7c55945,f8b4dade556ee29d7,32648fe3eaa45ed1,2575048779565f0b,4,0,138,9,9,True,True,True,False
06dc3386f42c86494,0e0c4a0cc9feb9612,325c162902835de3,bf00c76f25185b83,4,0,99,8,8,True,True,True,False
06efc1f5db9bef914,95d7198096423bdb7,e6dc564e1a3a588e,00c1e4eb4a045f20,4,0,16,9,9,True,True,True,False
070cec5825fd8d00d,fedfbdfcf20092620,045a93a43af35fd1,d01fec804cd45644,4,0,144,9,9,True,True,True,False
071a6fbddcf220978,1285808d1703253f0,48c16e2d0c5f59e7,e9b43b140b1d54bf,4,0,40,8,8,True,True,True,False
073b537b1e5ee0fa4,24f191a721f816f48,4f87ef91e3425ebc,0af68cc78d085fdb,4,0,82,8,8,True,True,True,False
073cdf05ed0e50981,8a73882c047d96e3f,8847def0336a54a1,b9d14f59883a5496,4,0,191,8,8,True,True,True,False
0747e53dc9b14f122,0308c9d9ebeab7805,ed3da5aa48d15354,087023402a695ba3,4,0,67,9,9,True,True,True,False
074b255893cfc1f82,78a6c5025d620a6b9,32648fe3eaa45ed1,2575048779565f0b,4,0,138,9,9,True,True,True,False
0754fbaf951e9e0a2,c6834715d79ac54be,4f87ef91e3425ebc,0af68cc78d085fdb,4,0,82,8,8,True,True,True,False
075596000373c2d40,90d989f2205e253f9,66f664c031765c74,cd7e4f70ce8e539b,4,0,68,8,8,True,True,True,False
0765ef4b556f64fcc,bf36dbafa15d4c261,3fea25d764c355dc,1c77ba7488d35c52,4,0,75,8,8,True,True,True,False
0766d3ff4304fe2f8,1442b131da263f4dc,5c9f3b6bfc615ad4,09446e65ee9a55d3,4,0,192,9,9,True,True,True,False
076a6dbff3ad58b3b,7b53923d6ec4115f3,a27875deccc151e0,90314b74c92954d6,4,0,40,8,8,True,True,True,False
076e24d6d3720347f,a3ebde725e612b5f3,6f31e863bab65c62,f76112c834c25beb,4,0,200,9,9,True,True,True,False
0782ac1032c9fd6ab,3a96e943c2c264f67,9abcb094fcef5f84,ad34e2d0d3865530,4,0,152,9,9,True,True,True,False
0784cac0dd1ff867b,9c47bf4ba9db25f5d,7b6efdd222ca5777,0e5653822a7a56b3,4,0,172,8,8,True,True,True,False
07ac6614b87e06044,8b9e74d5a89159431,ceb5b3df40105f05,226e6642fbc65bdc,4,0,131,9,9,True,True,True,False
07bc4d4dab3fd964b,cd486e24ba631556c,165838dcee0152fe,b9f3b69b160e5ad0,4,0,16,9,9,True,True,True,False
07bf9c45aca16d526,0dbe87a99ac3cd3e1,fe5298731e0f5a6c,e74ca27f40755297,4,0,132,8,8,True,True,True,False
07c43882ac35d000c,35a201132842b0275,8685d4420d83534f,71405d414236553c,4,0,58,8,8,True,True,True,False
07c73311ebdce38b6,28d54bc8604f16c63,020dee65dab453bb,ea31c764f6385f4a,4,0,257,9,9,True,True,True,False
07ca1e407cde453de,71c904391b4dd4412,9aa76ff06fd153d8,cc4bdc0160e157c4,4,0,126,9,9,True,True,True,False
07e38f7f8fc66c344,91df938553d5b89fb,ebf97a584bcb556e,a44db880afe95be7,4,0,110,9,9,True,True,True,False
07f1620fbbcfa566e,e6d6645a3d41d9627,97c8e9ca10ba5a69,8fb11d5808355072,4,0,480,8,8,True,True,True,False
0800739f614eaf502,ca870ac8b947e6752,6970d8207923563a,3cbb6c030b1e5d19,4,0,56,8,8,True,True,True,False
0807f51786811eb9f,bf39b618ccc33f36a,73c600dba1795b0c,5f4991d3d2ca5eee,4,0,726,9,9,True,True,True,False
0818d46bf83c25ef5,2f7d514e5c41a23d7,b3b3a0cc7dec50a0,452def672c5d592c,4,0,67,9,9,True,True,True,False
0827b128edc18c317,2328dbb272ccbb947,acd1fd0b50b659c8,686b55439d5e591e,4,0,258,9,9,True,True,True,False
083733e8a51d77f4a,48cab8078b80242a1,fb21dbec77535015,d142ab856b7653df,4,0,79,8,8,True,True,True,False
083b378eab739aa52,f12a7ee18a123034b,e6e4e254f1c55405,e46762b07ca45b74,4,0,35,8,8,True,True,True,False
083ee1ab411fcf730,67e23c9775c8647fa,c0fb4281da785582,36419e8c59275f61,4,0,62,9,9,True,True,True,False
0850f56b6a3361052,5de761c988f97e1fa,16295788c73b5d86,0ec9a79351355022,4,0,61,9,9,True,True,True,False
085679ec5acc5fdd9,27f023bf8333f5410,0d0972c70bd955cc,ffe92084016a5795,4,0,15,8,8,True,True,True,False
0859beaf6ee842bc3,ab136507f882d8c94,c38e0ed510f45ed0,d64b2da8ffb65c16,4,0,45,8,8,True,True,True,False
086487f683be38e1b,2048a65fec13c23d5,9d010e744f5b5c3a,3c542be991515ccd,4,0,156,8,8,True,True,True,False
0874b32aae4d00461,a42fb99bdb7e61156,5fc741e3c1875ae3,1981a85eb4ba5001,4,0,60,8,8,True,True,True,False
0874fc47b113c31ba,e742e687d4142df74,f0d1419c24b85651,59bf40c427da5eb1,4,0,116,8,8,True,True,True,False
08850cbaf825dd70b,4ebad6e2adb7c2ab4,93a5e1de2d185374,e0b92501aa5051b1,4,0,127,8,8,True,True,True,False
088f56ffa35bd3c0a,ba9155b84dc322eac,5e4dd8c91b8453bf,c054f473288d5515,4,0,91,8,8,True,True,True,False
089f3a76b437cfec5,49922a7c280248e59,17e417633368553f,7d24bd01f77c5d87,4,0,106,8,8,True,True,True,False
08a19ad708a698ce2,003fad41549a954eb,7c7e92d50f92564b,7da863f64a5f5e90,4,0,75,8,8,True,True,True,False
08a2115075fae4944,c71bdecb4c4eb5848,527460a8acda5c41,74c8385c2d845cde,4,0,33,8,8,True,True,True,False
08b2097e1afea1c2f,6c441b1d10cac68e5,5a41a7f756c551ce,5c838efd36805c92,4,0,34,9,9,True,True,True,False
08bcd2b40ef50dbe4,9b164e112834437ea,01e6276eff385ea8,580dac44fa305877,4,0,143,8,8,True,True,True,False
08cc572265a34aad8,a317b20e8d007342f,020dee65dab453bb,ea31c764f6385f4a,4,0,257,9,9,True,True,True,False
08e773c5e0a0017dc,964d3400667ae187f,a04f86a92daf50ba,712427ff1635596c,4,0,56,9,9,True,True,True,False
08e86a0cd323a99fe,384e8594099b2b5f2,21cd282d8b27526f,99a98a7ffb075389,4,0,102,9,9,True,True,True,False
08ec7eb09cc2d1fc9,c3200abf96a354efa,24108688ab4856ab,2391f12d7e6a5e7f,4,0,173,8,8,True,True,True,False
08f6bd343309ae73c,1a8fcc346a063b55c,c849fb5493be5a70,8d90099a801d5682,4,0,220,9,9,True,True,True,False
08f74cb28a86f3f88,6dfd14bd1bef71d80,a412624e363853f0,aeeba19e19c35ccb,4,0,4,9,9,True,True,True,False
090e8aad7c042202c,3110b909a8ee018b8,d0c31f4b85ea5028,9ef1d618435d5e53,4,0,650,8,8,True,True,True,False
0911f6b58b1281344,0062f66f0a168555e,527460a8acda5c41,74c8385c2d845cde,4,0,33,8,8,True,True,True,False
091e6bce48f46927a,c9a52fd56ee7c5ee5,b74b5977823b527a,64f47c2f2c7754cb,4,0,14,8,8,True,True,True,False
0937e195be4124c0b,676ffbee9ca648d5c,9f6ae3dae4585cef,223d02be29c65e81,4,0,271,8,8,True,True,True,False
096090f816fab7fb1,fd21a94f937e1535f,23f0187033d658d9,c5b585ddf50d5f1f,4,0,245,8,8,True,True,True,False
0973319bd2c657fc2,d684c7c8d5a53f7d2,e4237030b1b75a8d,e7ae612e880e5d5f,4,0,66,9,9,True,True,True,False
098ba82f607d278de,456c64c9a6cfefe27,3ceb5afc67975881,b6b5f3cc01a05f83,4,0,68,9,9,True,True,True,False
099ae713c22c9edc1,f197eb9bb03399772,9acaaa1400115088,02a81792cbdb5dd5,4,0,125,9,9,True,True,True,False
09a9430e04b840d9a,aac5e172e96b86e25,a27875deccc151e0,90314b74c92954d6,4,0,40,8,8,True,True,True,False
09b5e550a67cbdb31,a075eb4cf05c9e8a0,8847def0336a54a1,b9d14f59883a5496,4,0,190,8,8,True,True,True,False
09bf1e709bebcbad3,d4b7ede155f05dff3,2ffcc771b9375796,16a738813dbe5496,4,0,32,9,9,True,True,True,False
09c07665d74ca91d1,6ca032cc95e7418a6,e6dc564e1a3a588e,00c1e4eb4a045f20,4,0,16,9,9,True,True,True,False
09c4223b72ac998ec,ae529a342a5742720,9acaaa1400115088,02a81792cbdb5dd5,4,0,125,9,9,True,True,True,False
09cc6808596539a28,e2d10c9ccbbc61bce,aaa52295ba6e5daf,abbf1c193ac75f91,4,0,54,9,9,True,True,True,False
09dbf5b60b94f03b1,c0ec09e19eaff83c9,6ea198f259b85e49,529d2e20dc615c3b,4,0,139,8,8,True,True,True,False
09e5c0726ce54f079,226e200de1c94187e,8685d4420d83534f,71405d414236553c,4,0,58,8,8,True,True,True,False
09e6a0502daff5f81,02644631a56fa1750,47f9e40a21f7510a,ed3db88f99a05a6c,4,0,25,9,9,True,True,True,False
09ea9276b4e682fbb,a863c3cc5f754b2b4,b1e0acd51fbf5895,2ee150fedbb15345,4,0,181,9,9,True,True,True,False
0a03d238fdfb68fc4,430915b356a81da1d,b74b5977823b527a,64f47c2f2c7754cb,4,0,15,8,8,True,True,True,False
0a32437e6881a0ea7,dcde802c1ad40532b,6ea198f259b85e49,529d2e20dc615c3b,4,0,139,8,8,True,True,True,False
0a388fd981829b671,9d70974d55a05357d,cdba5e3c59af59da,4d5a01dea92b5867,4,0,107,9,9,True,True,True,False
0a3c1d240cd3f59d5,fd6e363385145a378,dd71dee142f05d7d,2cae5f08e11a5dbd,4,0,28,8,8,True,True,True,False
0a52a10f536719afe,45a4165a206b0969b,5f124bba478c570a,a2d7be8710535e33,4,0,58,9,9,True,True,True,False
0a55ac3a92012e3fd,13d3b12e20ec70ec5,40fdcf88e3265655,43162b00fe4550b8,4,0,75,8,8,True,True,True,False
0a563b9b046164689,6a62285a9933482cb,19c99be4f21f5a0a,c6bd79f439c254a0,4,0,41,9,9,True,True,True,False
0a64bef005e663c8e,22264d7c1336430c1,67905d7b4c3e564e,bd2b1a4530a1538b,4,0,127,8,8,True,True,True,False
0a65bd3a059525c11,e9751ea5c28dbd703,93ded00411ba5505,551cf39c34f75b25,4,0,136,8,8,True,True,True,False
0a7286680a7f0b337,c9e15316a3a9036a8,48c16e2d0c5f59e7,e9b43b140b1d54bf,4,0,40,8,8,True,True,True,False
0a7f6a645a315cf18,ddc382f4a2aa9f33e,ebf97a584bcb556e,a44db880afe95be7,4,0,110,9,9,True,True,True,False
0a83f54ff7f6ff7ff,f9a60116425308d57,281510a734895f33,5d12ad55fdd858e1,4,0,125,8,8,True,True,True,False
0a921e6b91d49e685,58f91f82a3c230e1e,134b10cfe7e753e6,b474c79361415cb0,4,0,159,8,8,True,True,True,False
0a928012e0c593cb0,49f0f48e0fa4af03e,4909b88b347c5764,a67c6744e6c45edb,4,0,104,8,8,True,True,True,False
0a92bf6e8f8434e99,1307b26ce3d38f704,a472c2f69a3456f3,4dd1ab3a667b5074,4,0,14,8,8,True,True,True,False
0a97a5cd1c09402ff,b5eae8e67d3680501,faf8f696fd8a5298,fa2c36ce4ba156cb,4,0,80,9,9,True,True,True,False
0aa2ab1535744629f,fcc569fe0c7aef6a1,5c5e0e2c9d225b98,8237f47b224952b4,4,0,8,8,8,True,True,True,False
0aa75c799d11290c1,cdb408bfe8cbbd8b3,23f0187033d658d9,c5b585ddf50d5f1f,4,0,245,8,8,True,True,True,False
0aad720c625472590,ca4906fdbc82a1b29,610d428caeb35b9e,a6edd19740415b54,4,0,15,9,9,True,True,True,False
0ab2db74218ddcb72,956f2e4043c1b8f4d,5b31f501fa395990,c1839a3333695317,4,0,58,8,8,True,True,True,False
0af8ff0e34d356d08,83eedcad4df5c24c6,90e143b64aa15442,834cf95826ec5c73,4,0,35,9,9,True,True,True,False
0afa3ece2e953228d,eaae6fd2529ee2b0b,1b30838ebfee5924,771c4e378bef58e4,4,0,103,8,8,True,True,True,False
0afb2a6ddf4965dbc,ae591052e837d1674,b04064e074f55bb0,680c8d90658556da,4,0,32,9,9,True,True,True,False
0affb87c5465d6e99,c808695431d352ba9,55eed45c895852b9,082988f40658562c,4,0,89,8,8,True,True,True,False
0b321132240c371e8,32dff9c93368fc640,a472c2f69a3456f3,4dd1ab3a667b5074,4,0,14,8,8,True,True,True,False
0b568c063fa03df96,9adbf8a5bfedb36d2,fd676fd01e475e33,bb5b44d240945ed0,4,0,141,9,9,True,True,True,False
0b592e9f3cf6f1c9f,0118e2ec3759cc2bc,fc2a258a2dc153a8,909655c780e152ac,4,0,4,8,8,True,True,True,False
0b5bc780366f7e8d7,e02ebb163a52bd53e,e450c08eafcf5b91,6b7c5199f84e5aac,4,0,234,8,8,True,True,True,False
0b6856d6d79898999,ee7793a6b27386136,643b177aa4235fe7,112db94505025ec5,4,0,116,8,8,True,True,True,False
0b69dca0649dae3f0,fc4d5a62c921f8392,786c49b2f19f54c0,97c09fe94495563a,4,0,47,9,9,True,True,True,False
0b6b4efc0089c6789,9e1b38c16d0ece554,b8b67fccb642589b,f025b78e77b25fba,4,0,442,9,9,True,True,True,False
0b6de437e24bc6975,2e6e31a67e672d4a5,73c600dba1795b0c,5f4991d3d2ca5eee,4,0,726,9,9,True,True,True,False
0b742cc4258b06401,306bd7dfd9818a9eb,f4da372227475285,3067f3d3d5a75989,4,0,330,8,8,True,True,True,False
0b9e02f1d4c63848f,b75d157a5ca10b698,17e417633368553f,7d24bd01f77c5d87,4,0,106,8,8,True,True,True,False
0b9f2b2bdcdb9bd93,0be67c62d046cc4b1,8685d4420d83534f,71405d414236553c,4,0,58,8,8,True,True,True,False
0ba39d44539a226d5,e7f8c99f8df8cf65b,7edfabe116e25844,d073c3202a7e56da,4,0,135,9,9,True,True,True,False
0ba77dbad8b70e7c7,49251b4564a2244a7,e7ca264a0dd359f3,49074bfb7c9e5c26,4,0,4,8,8,True,True,True,False
0bb0c50a2232635f3,88b4a166a946c9537,1ec58e13fee45a30,ad47566ea29a57bf,4,0,242,8,8,True,True,True,False
0bb884969211ea018,a3b3172d137c4851c,f4d95a784b725915,c9ca538cb3235e43,4,0,226,8,8,True,True,True,False
0bc0eb82473e1893d,ac3ff7df2071920ad,c6be203c41a155e4,f2592c08589e5398,4,0,8,8,8,True,True,True,False
0bc1029632953d7a6,af8bb014864eab6d8,3ceb5afc67975881,b6b5f3cc01a05f83,4,0,68,9,9,True,True,True,False
0bc231550d200662c,f93b7461f7882ff58,1bc034e245e85197,c28c7b29e80059d2,4,0,4,8,8,True,True,True,False
0bc85a84f241ab255,2615ffc998d3b5976,f1041299a1a059f5,3b910accfc12560a,4,0,156,9,9,True,True,True,False
0bda65d047fba14b1,987cd2bac2de5285e,bac42a73c49d5589,93ca181d363358eb,4,0,501,9,9,True,True,True,False
0bf4a7df210a5da39,73e128068f712ead2,8847def0336a54a1,b9d14f59883a5496,4,0,190,8,8,True,True,True,False
0bfa296f2a7180179,5b9f80fbe5e67358f,1a0f27ced7e056f6,ce2f1ac423965b7a,4,0,2,8,8,True,True,True,False
0bfa8641c88052413,31944303cafb772a3,f4d95a784b725915,c9ca538cb3235e43,4,0,226,8,8,True,True,True,False
0c048f6672dcea880,386d0b1a688b012fa,49abf280107f5810,8a492ff6a81054a7,4,0,106,8,8,True,True,True,False
0c3e234a0321f4360,f32ce52441f70bfee,a27875deccc151e0,90314b74c92954d6,4,0,40,8,8,True,True,True,False
0c6db8567acb7fcbc,51d3d62e78d712283,5e4dd8c91b8453bf,c054f473288d5515,4,0,91,8,8,True,True,True,False
0c78fe7f3eac47199,3812881ab01c38f32,faf8f696fd8a5298,fa2c36ce4ba156cb,4,0,80,9,9,True,True,True,False
0c79a077788ad03c0,e620593c6271f1028,0372bb63e704555a,ed01297783a05dba,4,0,236,9,9,True,True,True,False
0c7f072e3bfc7264a,d50691398e89c58dd,02af0d9081855c54,3128b8da22c75dd0,4,0,35,8,8,True,True,True,False
0ca1545946ec99c1b,515197f50a14bc2fc,4c2d79a8bcc155bd,5521dd071ee95c1a,4,0,100,9,9,True,True,True,False
0caa12b0802e7a709,66cd8a056ef3dbdd3,c2e656fd89675b6c,0e272e003af65a71,4,0,141,8,8,True,True,True,False
0caf1a29ca56c5656,94f50219a9dc3389d,fb35180af57e571f,53f8bc4012fe5f29,4,0,120,8,8,True,True,True,False
0cd970249cae0c4ed,c95875cdc20edcb2a,1f913e9b33f155c6,c7afdb652a9e5e73,4,0,20,9,9,True,True,True,False
0cda279cb764ae6cf,4e24a469af52b2b29,afb6f330e8665731,25e9d76574075cee,4,0,133,9,9,True,True,True,False
0ce1ba05c32aca163,4f206a0dd84457b8a,f2291b8766215c41,2322850f71fa5c4d,4,0,263,9,9,True,True,True,False
0ce7f653909292282,55810b94ebcc0aaa3,32648fe3eaa45ed1,2575048779565f0b,4,0,138,9,9,True,True,True,False
0d195ae03a8726f30,b0dc4287fbb069fd7,01e6276eff385ea8,580dac44fa305877,4,0,143,8,8,True,True,True,False
0d1e58071b2ee0dc7,89474c5ba034ced0c,97c8e9ca10ba5a69,8fb11d5808355072,4,0,480,8,8,True,True,True,False
0d270a7067e755d97,b83c30081d33ba2dd,7ab9788ed4bb5bda,20cc0fdb7e2d5c3f,4,0,97,8,8,True,True,True,False
0d388146b0081618e,7a7fa75bb756308ba,17aab91aa7585eb6,5da314e6404c5213,4,0,132,9,9,True,True,True,False
0d4bff861dd772e7a,da13eae8d0d83af38,49abf280107f5810,8a492ff6a81054a7,4,0,106,8,8,True,True,True,False
0d4f1027a5f10873a,c021ad43ee2e51dd3,98c7a48dd75052ab,a5183d5f2da251fa,4,0,141,9,9,True,True,True,False
0d5f916c6e6483474,51b90828c7ba37b79,ea34282dc63d5a9a,79e8f1ce9ed95cf6,4,0,114,9,9,True,True,True,False
0d63b666ba3bb92cc,02693119b4e1bacb0,bca8b9c053845df8,592f536375e755b6,4,0,46,8,8,True,True,True,False
0d7af48f80f34aed5,fe3af476ce56a1283,b1e0acd51fbf5895,2ee150fedbb15345,4,0,181,9,9,True,True,True,False
0d8adc8c34a937bd7,5453eaf707e343346,1318d167bff95fb4,3921f38b62d55f1a,4,0,366,8,8,True,True,True,False
0d9356bdffe2bcbf9,ee826c29f16b824e8,d849d3813e3052d0,c1d95d8a3260541c,4,0,34,9,9,True,True,True,False
0d94676a0b5f2493b,bfba18000f192b90d,f419cea88ed9500b,70f72122f1605fa1,4,0,68,8,8,True,True,True,False
0db13a64eecb8fa6a,1ea06c577a84beafb,6ec94adda61e5483,d25b6512a43f5e54,4,0,181,9,9,True,True,True,False
0db4178278f25adea,44f588c85236fe365,ff3e6f394fea51bf,8d0697930b5e5df0,4,0,504,8,8,True,True,True,False
0de8b5c2a729b822f,0af32ef4c6cb2b293,3e41024d080454b5,70f718ebc8b4505e,4,0,100,8,8,True,True,True,False
0deb508c9c3ffb806,fb4312a55bc021d23,15822499ddf9515d,98b414a515bb5b99,4,0,47,9,9,True,True,True,False
0df59e7acd0e2d4b1,5504db91fe0808550,85dd8df144d6551e,1b95b6689ee75fab,4,0,172,8,8,True,True,True,False
0e150b16af0e48a11,9985c549514dec050,5a41a7f756c551ce,5c838efd36805c92,4,0,34,9,9,True,True,True,False
0e2a3e4c4abac4abf,253e19e9e77501575,6afb5356f35b547c,18492b6ce9905b13,4,0,20,8,8,True,True,True,False
0e32133cd7c801858,40e3b1336b570fbf6,c5510354351d5d5e,bbb5018d017754d0,4,0,100,9,9,True,True,True,False
0e3a8e1a9156ccab5,fef836e429bc5768f,a117c55be29c5412,0cd0aaeb35c95094,4,0,397,9,9,True,True,True,False
0e42d061bdcac0996,5d2c37d1b97718200,b11d39291cd55ed7,c296ded44f9a509a,4,0,243,8,8,True,True,True,False
0e4e7cafc0407d5bb,4c0a48ba08d3935ff,307b5c7a59cd57b2,32e5d7e804c65214,4,0,158,8,8,True,True,True,False
0e6b5cbb47d174586,33def08f34be607b9,03ed102b769458cd,9e9e33077f375062,4,0,4,9,9,True,True,True,False
0e6bf86655b15ebd4,3432391c5dca44cf9,6f31e863bab65c62,f76112c834c25beb,4,0,200,9,9,True,True,True,False
0e7832faa9854a425,953bd3451def71fb4,9abcb094fcef5f84,ad34e2d0d3865530,4,0,152,9,9,True,True,True,False
0e806ccdd63b2b472,522f0d16763a76d06,fc2a258a2dc153a8,909655c780e152ac,4,0,4,8,8,True,True,True,False
0e884139616713ed3,3ded0591b23a7df67,1ed7ae84b65d52b4,8c689c4b2df55539,4,0,4,9,9,True,True,True,False
0e88fa556b6f356b7,bb662cb22384c44c1,50613cf56a8d5a38,b867b28707205c0b,4,0,114,9,9,True,True,True,False
0e993afffbfb96c6b,aded499bdbf17f962,f4da372227475285,3067f3d3d5a75989,4,0,330,8,8,True,True,True,False
0e9f10c4a78962db6,da024028d53215ba3,4c2d79a8bcc155bd,5521dd071ee95c1a,4,0,100,9,9,True,True,True,False
0eb91954a45aba933,a13664addc273bf0a,b3056d1269ae5df9,42052560d5925f35,4,0,238,9,9,True,True,True,False
0ebb285292ce2a1f7,3f9875514c117cb50,df11795878cb5419,07846b829b3a575e,4,0,186,8,8,True,True,True,False
0ec6138d8edb621fa,0eb1a54023685f27e,a7eedd1eb65b51bf,153ae46b6ba65721,4,0,73,9,9,True,True,True,False
0ec622e87ef525f17,cbe5f4984cb4e3fe1,ebf97a584bcb556e,a44db880afe95be7,4,0,110,9,9,True,True,True,False
0ec8c713dba883b16,e8a9486b49b69adbf,bf2eac0b47c55db7,19e90f2757b25f38,4,0,132,9,9,True,True,True,False
0ee49e1ae5e012caa,88d4924ebb1940ca0,c2e656fd89675b6c,0e272e003af65a71,4,0,141,8,8,True,True,True,False
0ee73f38e1cf6ed1a,789c9e60213111cde,ed31f41d4b2c5e33,90ed944de9405835,4,0,22,8,8,True,True,True,False
0eebad7b1bc116a1f,a6f5d379f32e1dd9a,821f5be699cd5942,d20be65e3dc65738,4,0,0,8,8,True,True,True,False
0ef19422b7e6d07ac,3be7098579628f9d1,b9ca1e41206e5a03,ce8a292cbd7f54d5,4,0,257,9,9,True,True,True,False
0ef7fe644f8232ba8,246d3c9b39fae2ec7,a117c55be29c5412,0cd0aaeb35c95094,4,0,397,9,9,True,True,True,False
0f0c7f50521e3fee8,5b7915b6c4d354972,21265a3838ee5a46,fa8c164985255698,4,0,129,9,9,True,True,True,False
0f2305959d09131f0,d78e4f39396f3678e,d639c104b63e568d,87eae54f57ea5690,4,0,110,9,9,True,True,True,False
0f4dd68ee3568cbd1,a946e96acbe5186d9,045a93a43af35fd1,d01fec804cd45644,4,0,144,9,9,True,True,True,False
0f5835a64fd80f25a,6c0c0d2674d5ee28e,15822499ddf9515d,98b414a515bb5b99,4,0,47,9,9,True,True,True,False
0f626447558fe3cbb,e73143b99e1e6dcd3,f1041299a1a059f5,3b910accfc12560a,4,0,156,9,9,True,True,True,False
0f6314c136ac549e8,afc5b9d01744dc019,729f20a59c075d82,8164612a623156ae,4,0,21,8,8,True,True,True,False
0f7fd68bda956d53b,94a40142f4cb7e391,d4f46232d69d5d16,7af0e9b8a12056e8,4,0,22,9,9,True,True,True,False
0f9e44b17d55563a6,2a862303c565d9ca9,f34ebf09b5515de1,b5ba1ec901f1522c,4,0,4,9,9,True,True,True,False
0fa5ce7b0d285784f,e320a3747ddfe4a53,dd71dee142f05d7d,2cae5f08e11a5dbd,4,0,28,8,8,True,True,True,False
0fa666341e87c5468,bbe1739362745c097,7b6efdd222ca5777,0e5653822a7a56b3,4,0,172,8,8,True,True,True,False
0fae2d7df039ff1a1,eb251433c13f5a4f2,b74b5977823b527a,64f47c2f2c7754cb,4,0,14,8,8,True,True,True,False
0fc4f58efca17456c,d6d8e9eb7b9c1befa,f0d1419c24b85651,59bf40c427da5eb1,4,0,116,8,8,True,True,True,False
0fc51b1ccd77a7ef2,2b357fcebd9642bfe,27ff47ea8aea59cf,008844070af456e3,4,0,111,8,8,True,True,True,False
0fd864a135697354b,03a6d53a889503fa1,643b177aa4235fe7,112db94505025ec5,4,0,116,8,8,True,True,True,False
0fdc59ec6508d13bd,dea13a804cc9407af,5496f69033515dd4,66583dab627951a2,4,0,88,9,9,True,True,True,False
0fe0a6cf1badace4d,fe46394908bea81b9,d79128ba24155262,f038fc7ffdab5bad,4,0,270,8,8,True,True,True,False
0fe107bf0071bf388,bb000886556fcf3ea,b8b67fccb642589b,f025b78e77b25fba,4,0,442,9,9,True,True,True,False
1001dbbfd804c1bc7,558678d3b68828f3a,de354f243fa157ec,116aacf9868e5e4e,4,0,44,9,9,True,True,True,False
100527bb091f0135d,7036ba346c7d2824b,4a7fd1bd37ed5463,bb4f37403cea5b0e,4,0,30,8,8,True,True,True,False
100b5f476d321e4db,4df02e870186ea610,3ceb5afc67975881,b6b5f3cc01a05f83,4,0,68,9,9,True,True,True,False
100b9d3b09539b4f4,e26a54b7a798e6e57,47510e11da5555ed,5d7c7edca69d5e73,4,0,60,9,9,True,True,True,False
101993719c8924dd9,5634addd2134d1453,6d2fdf97f60654af,d715fbc6ea0551f8,4,0,213,9,9,True,True,True,False
10199f1fb66f95ad7,52cc30d63f3ee962c,a1adc0fae78f5a3f,d45f18da371a5fe5,4,0,0,8,8,True,True,True,False
101bda0f0929ea3f3,7a9cbf03b55e84c29,15822499ddf9515d,98b414a515bb5b99,4,0,47,9,9,True,True,True,False
1020b307546ef2317,7459b322982d2932c,13559c5a97855007,b8d2227c06a351e4,4,0,85,8,8,True,True,True,False
102c77f6f3ea33f22,59361619b736fa71d,c5510354351d5d5e,bbb5018d017754d0,4,0,100,9,9,True,True,True,False
1032f3ab56afbd434,14e4693cf0f1e04ff,9243ca15a76e552f,8f8ccbd6ffcb54b9,4,0,137,8,8,True,True,True,False
1036a3aef9802e758,3eee54f31bcaed95d,63372e43883c5a85,029585f0509d52b0,4,0,54,8,8,True,True,True,False
104b7344e9cb1736f,57e7f219c88ab8fe0,8c240d53cf9e5c6a,ae472d675a965aca,4,0,54,9,9,True,True,True,False
10759f0b7f979f99d,cb891ab8f0c9f0ffc,3fea25d764c355dc,1c77ba7488d35c52,4,0,75,8,8,True,True,True,False
1086680eef53b8232,1d31047f2f32de9e1,f841083805af5242,64a7186ab49b5cdc,4,0,20,8,8,True,True,True,False
10874db4b224643af,afcd4a859a99df309,6139b7811b87514b,b6247a5245a5554f,4,0,260,9,9,True,True,True,False
10aed2e0fb1d6771a,f8ca67d21e119b990,020dee65dab453bb,ea31c764f6385f4a,4,0,257,9,9,True,True,True,False
10bc6a7bcde11a65b,fdeff0684535eaf4b,4e3aab178b035e85,7a8c81a7cd1256e0,4,0,162,9,9,True,True,True,False
10d4b2b71754ec1c2,e87ee58e2c6134551,281510a734895f33,5d12ad55fdd858e1,4,0,131,8,8,True,True,True,False
10dc48114bd880b78,97a528bb2a0be2c1c,351121baccc95bad,773cb036b1195879,4,0,206,9,9,True,True,True,False
10df3573938435328,d29fc0876909edc75,66a2be8354ba5535,a2047f9cb3865b75,4,0,153,8,8,True,True,True,False
10e2c8fe669c7f158,0206d7321fb32894a,49f8fc6be75f56fc,e8daa33268685b31,4,0,4,8,8,True,True,True,False
110a1bd72a8a99a48,92fd62b816fa1435c,141c6fbfecad5d1c,5c084920ee285003,4,0,8,9,9,True,True,True,False
1128932758be2cb4c,da94e1252342dc8d8,237b75204e495145,faa12c2adc7c521f,4,0,39,9,9,True,True,True,False
112a3f31c906d53e8,9f903173a7777cf35,8a6d53a0e36a599d,f3ca2707d87a586b,4,0,59,9,9,True,True,True,False
113bbc087659a7114,704a2b5191f2e8c04,e8ad4904c3d658bd,b35e48a419d7577f,4,0,138,9,9,True,True,True,False
114e9bf4447ba4589,4ce9b6dc350d286df,4a4c046eff125fca,f7a9f82f17b256e2,4,0,378,8,8,True,True,True,False
11570c1f2a3e26952,b46226c085423d5a9,9aa76ff06fd153d8,cc4bdc0160e157c4,4,0,126,9,9,True,True,True,False
115f5edf66ba232fd,5b5acbaa4890aaac9,02af0d9081855c54,3128b8da22c75dd0,4,0,35,8,8,True,True,True,False
11687f15c25e08cc8,8caf8f0fb08aa9aa2,d49c7581099d56be,082ea12d7b2355cb,4,0,220,8,8,True,True,True,False
116c21d37717e761a,8d969226c609be10d,1126dc50618d5981,85f2b1f1f1f45b5c,4,0,245,9,9,True,True,True,False
11743cb385fdde4c6,9751b7e09b5514dd3,9f6ae3dae4585cef,223d02be29c65e81,4,0,271,8,8,True,True,True,False
1180b7eb88d804e75,5776fb2bb724aff1e,85dba97943515cbd,ab4401719a355a62,4,0,46,9,9,True,True,True,False
11946d6017db88a55,d20185ecb7a02769a,23f0187033d658d9,c5b585ddf50d5f1f,4,0,245,8,8,True,True,True,False
11a2cf4ad5fab382c,ceeb78663a0b4f09b,4e3aab178b035e85,7a8c81a7cd1256e0,4,0,162,9,9,True,True,True,False
11a84593e07321630,f643477a1fb277583,9abcb094fcef5f84,ad34e2d0d3865530,4,0,152,9,9,True,True,True,False
11ad357c54c2d7ba1,cdb80903b75b86325,22dde440a0c35d31,8846d60884435288,4,0,162,9,9,True,True,True,False
11bb6f63cfc3ad84c,94f8422c63c8418c0,8f8ce43e73ab5045,1c5c2e372dc954cd,4,0,81,8,8,True,True,True,False
11c2fa2d1b50ffd02,e6c702d5c053c4516,73c600dba1795b0c,5f4991d3d2ca5eee,4,0,726,9,9,True,True,True,False
11ca19b16e3bdc4d5,b66b0513b3b0cf5c4,d34b1a7834a35883,e024bd23594b5a13,4,0,22,9,9,True,True,True,False
11cba92e630203915,382721ffdbe71cadc,804236dcfffa523e,d20dc707981f56e7,4,0,44,9,9,True,True,True,False
11d0f5f7435bf8be4,4e3a5df59e6d56d34,964c8941cfe558bb,a43dbb1d34665f24,4,0,76,9,9,True,True,True,False
1202732788e433f5e,f35bd9cd53bff0ecd,b9ca1e41206e5a03,ce8a292cbd7f54d5,4,0,257,9,9,True,True,True,False
1203338f473316a3f,c37d82f1251543152,a9af1e73c9575428,28c89352b09b55d4,4,0,7,9,9,True,True,True,False
1212eea9daa791310,19d1ed57ca3224e24,66a2be8354ba5535,a2047f9cb3865b75,4,0,153,8,8,True,True,True,False
121c0645263cb28aa,d2abdf59c161f4eef,5f124bba478c570a,a2d7be8710535e33,4,0,58,9,9,True,True,True,False
121f9c00476c10197,ca2e709d5cab0c6e4,0d0972c70bd955cc,ffe92084016a5795,4,0,15,8,8,True,True,True,False
12360320a5a17c5ac,c7f0d1c6de80f0c15,6c578cebcf47592b,0802a51b0a1d512c,4,0,172,8,8,True,True,True,False
123af4601c0f59ec6,b545597d491f4a96e,bf2eac0b47c55db7,19e90f2757b25f38,4,0,132,9,9,True,True,True,False
1249418776a3f1000,13ec6e28d3c1a20c1,eba2b9d63f5b5ae8,efa80e78fce1525d,4,0,166,9,9,True,True,True,False
125b9734e33f586c3,dd0ed1239e6562358,d34b1a7834a35883,e024bd23594b5a13,4,0,22,9,9,True,True,True,False
127a0f2ff0913e6c5,0ba1b091bdfec6628,05c1feab4b8f5957,635d0bb58aa95282,4,0,70,9,9,True,True,True,False
127b9347ca9577775,a230273e8dabb271d,229e86f19e7d5ced,ae05160436d45a62,4,0,159,9,9,True,True,True,False
127de5f4dd7ac34f2,47fd69d104912e67a,e2fcfbb473e95bc8,dac84d4f931e54ab,4,0,436,8,8,True,True,True,False
1280d768dc448d316,83f19b2038c24367b,3554e319cfc55fa1,62103d9b18645ebd,4,0,135,9,9,True,True,True,False
128fcd0e6f1170efe,b5d691e56539e289e,b3b3a0cc7dec50a0,452def672c5d592c,4,0,67,9,9,True,True,True,False
129cbfb558811ff15,c725d6fa44dc9c6d6,80c159e90ae755f3,afbf82af256b5711,4,0,130,8,8,True,True,True,False
12a1239a093f57c30,1395f6f7af57b553b,1e60548b4c00538a,e1886e081b945907,4,0,24,8,8,True,True,True,False
12afde959551aa225,ca20bcf8f65e1fa9b,c3c375ac03435ee2,eed801b1cd035275,4,0,194,9,9,True,True,True,False
12b897d58042acf28,40e276fbb70b36a86,d7cc45e58d175329,fe22e2c812e65096,4,0,113,9,9,True,True,True,False
12f179c319cf3d8ab,1b62d4e2468940ddb,85da27c3381e5e63,c340cf7465ab5bbe,4,0,126,9,9,True,True,True,False
12f2029565fa01ac5,19b9962d1050c08e3,38e2900d6e60513b,b2abc819ebf45c11,4,0,660,9,9,True,True,True,False
12f9279758d53b2c9,e5d97a89c908ac563,d92297ffbf655d53,5379d354b9b95048,4,0,78,8,8,True,True,True,False
12fac0c85979b9cf5,712e01f3ee0e674c0,c06773e2267b568e,85482a4d20fd5eac,4,0,4,8,8,True,True,True,False
1308e3712a3a98bf9,757e84df9c3c5f093,834a7c22e2c55c71,20728d3e677b593d,4,0,16,8,8,True,True,True,False
130cb3188c392d35e,218dfa1bf4d961da8,98c7a48dd75052ab,a5183d5f2da251fa,4,0,141,9,9,True,True,True,False
13123ac83f36ccc85,f8d618822ef33e7b0,eb72736f2edf5380,622867ce25805447,4,0,142,8,8,True,True,True,False
1338ad698f00329de,f754ec519c407f213,6c578cebcf47592b,0802a51b0a1d512c,4,0,172,8,8,True,True,True,False
134517d546fed9a26,c82d37b03fda156aa,d3999ba1a6b9527a,5c883441084d58d7,4,0,75,8,8,True,True,True,False
134928081957f9c44,742919271b6be5815,d849d3813e3052d0,c1d95d8a3260541c,4,0,34,9,9,True,True,True,False
134c379ca2adbb16d,b840603cdbc809965,ebad44bb4ab65707,63980d0b4c9352c4,4,0,89,8,8,True,True,True,False
134d52a16acf6b1ec,08b3cebccffcada58,cd8713b912495b6d,a8a34f54618050f6,4,0,125,8,8,True,True,True,False
13599fd8f83dc21c7,82e6ed49ff7af43fe,8c240d53cf9e5c6a,ae472d675a965aca,4,0,54,9,9,True,True,True,False
136a67c84e55675d7,3d7ddf7a34c6ba150,8a81c8c3f87b5c9c,f29d6171f46b551d,4,0,37,8,8,True,True,True,False
136d16cc0a2aeb1bb,0d5b6ee9d0a973914,dc12fe40cbbb5b3f,12f2dccfb88957f9,4,0,84,8,8,True,True,True,False
13719f223759e1e7f,146060978cf746557,e6e4e254f1c55405,e46762b07ca45b74,4,0,35,8,8,True,True,True,False
1387eacd158964185,03765fd57aa87ab53,23f0187033d658d9,c5b585ddf50d5f1f,4,0,245,8,8,True,True,True,False
13904e756e67345c9,cbf6dd30a0ed348b8,2d8d56c6e9505e46,557a287c11cc5960,4,0,501,8,8,True,True,True,False
1394b2e20361d2f7f,5843e4397b88575b2,93ded00411ba5505,551cf39c34f75b25,4,0,136,8,8,True,True,True,False
1396a7e776898ba96,102c820549ded1872,1611f4d5c0395de4,8f5b6181d28e5d4a,4,0,4,9,9,True,True,True,False
139f1ca468e1d4e5e,9b4e2ae84afe8c832,c1e612a123d059d7,7feaf6410f1854a8,4,0,36,8,8,True,True,True,False
13a585526623c1124,e18bfb53190f46707,4a4c046eff125fca,f7a9f82f17b256e2,4,0,378,8,8,True,True,True,False
13aec717ecab3aa01,98908f760ae1f8648,d0c31f4b85ea5028,9ef1d618435d5e53,4,0,650,8,8,True,True,True,False
13b37f837218fa11b,48b2b4044e41f6e13,348680e464e15fa2,aee07628c2ab5ce1,4,0,24,9,9,True,True,True,False
13d08f938619c5b8b,5dbaff082e8bd2a5b,a8f83a28e925555d,a59bd481d324594a,4,0,119,8,8,True,True,True,False
13e3925ef3a82d6e2,37eb625a0529e1cfa,05f1c7e44f74538c,0fde069313a35062,4,0,221,9,9,True,True,True,False
13ef5f0a77631558b,ed81a447f9a55d06c,229e86f19e7d5ced,ae05160436d45a62,4,0,159,9,9,True,True,True,False
13f5600edbe95d055,1062c697adcf808eb,e982719caf425a10,bd9abb7104dc5408,4,0,24,8,8,True,True,True,False
13f996b4664539fbb,24ac26ca8ac0e9395,610d428caeb35b9e,a6edd19740415b54,4,0,15,9,9,True,True,True,False
14026fdee3137afca,17416a9c9123b7bc1,6d3bb2ecca3e54b4,c7e06d79e58454ae,4,0,1,9,9,True,True,True,False
14138a844103d47f1,3b556146eac4e59da,23502259fe7450ea,52deeca9acf35603,4,0,24,9,9,True,True,True,False
1429f007db1c27f49,4fa2e904e6a4504ba,dd71dee142f05d7d,2cae5f08e11a5dbd,4,0,28,8,8,True,True,True,False
14398b788e0298bce,a42ef2d15ed8d3d94,496770277e3e50d7,2e1d4bde0a16514b,4,0,262,8,8,True,True,True,False
1447a46073cc24620,eb6640d34db9e73af,c46b2546f3565375,7b2f3235b4cb5374,4,0,12,9,9,True,True,True,False
14500842bc0570c89,bfd4cb9e2a8bebc15,563f15ca855f541d,7a91cd530cac57fc,4,0,161,8,8,True,True,True,False
145f34768bc8d37fc,c3fa7a5ee86676098,a87b2701a5c558f4,45ebc34cbe405c3e,4,0,0,9,9,True,True,True,False
14741893800e49d4d,cd55f0d35ddb36337,b555e2488dc7531e,3af9cb4d21e15e9e,4,0,100,8,8,True,True,True,False
148b42f5c1db8e0ba,24b6ddd9158c4bf2c,90335cc20a755637,5c4d8dfcb0aa5541,4,0,24,9,9,True,True,True,False
149c41f5ad61e6a15,d8e3174dae4ece006,9fcf3a5f4d495b70,95b1bc0848e85064,4,0,4,9,9,True,True,True,False
149db5b286783a556,8cf5c8b605a2a4959,2bf7a51839cb59eb,1bc892186af15042,4,0,4,8,8,True,True,True,False
14a5d3bf0c5ae7a3c,aa2d7b83ea2052e20,a412624e363853f0,aeeba19e19c35ccb,4,0,4,9,9,True,True,True,False
14accbcbb507e2d39,edcd482f0136b535d,02af0d9081855c54,3128b8da22c75dd0,4,0,35,8,8,True,True,True,False
14c34852a36bc6370,d07109d7827c6eace,c602d7c53cdb500c,2bd04a0902095129,4,0,302,9,9,True,True,True,False
14e56bdd0b8b45861,e1d71fd16cbfaade9,60d952f0aa505d3e,ac55c7f072c6528d,4,0,58,8,8,True,True,True,False
14fedcc0de6d7e0ec,1c9335961ee565478,d79128ba24155262,f038fc7ffdab5bad,4,0,270,8,8,True,True,True,False
1507b663d89622d88,2f7b3c8c203e87c73,281510a734895f33,5d12ad55fdd858e1,4,0,128,8,8,True,True,True,False
1511d9c9e7a0ecc99,1a7308db2e3923b30,bca8b9c053845df8,592f536375e755b6,4,0,46,8,8,True,True,True,False
15131eb4c64dda21c,7681847aa2ebf24e0,cd8713b912495b6d,a8a34f54618050f6,4,0,125,8,8,True,True,True,False
1516192fc897721ba,b8aa4f2712496a9c3,6f31e863bab65c62,f76112c834c25beb,4,0,200,9,9,True,True,True,False
151de4cbccd4ec2f9,1562459800e0a5ba5,eb72736f2edf5380,622867ce25805447,4,0,142,8,8,True,True,True,False
15200709c03229fa9,fbdc714c905b7409f,f1041299a1a059f5,3b910accfc12560a,4,0,156,9,9,True,True,True,False
1521832f2b003d756,37f45087a3d60aaff,9acaaa1400115088,02a81792cbdb5dd5,4,0,125,9,9,True,True,True,False
15293eba933c0fff2,6f388bff9ecc03286,dd71dee142f05d7d,2cae5f08e11a5dbd,4,0,28,8,8,True,True,True,False
15294a283bf0f79b6,45f0a34210cea5243,50613cf56a8d5a38,b867b28707205c0b,4,0,114,9,9,True,True,True,False
152d7fc07b4f21fe0,13d12623bf8ef0e4f,a031a7d531295e92,b031a0b55ab951f8,4,0,23,8,8,True,True,True,False
15396c720d91daace,d5b310b71bd0dd6fd,d79128ba24155262,f038fc7ffdab5bad,4,0,270,8,8,True,True,True,False
1564fdcbd2e6074cb,3d20ef43bc694566a,05f1c7e44f74538c,0fde069313a35062,4,0,221,9,9,True,True,True,False
157b152a306e49a45,77bdbbf59381ce4d3,7c7c063205ec5f3c,75f5cc1f425c501d,4,0,166,8,8,True,True,True,False
157c3e81c5aa3b419,ba63d32eedc1457fd,931c9ec2bfa55d47,02b68b9cc51f506a,4,0,78,8,8,True,True,True,False
157c9483847944af4,d4b0d052629a32f79,2fe345a90b6559e1,063dc3e59f7158d9,4,0,194,9,9,True,True,True,False
157e52884fd2f3fc2,abb1e9c0cfeb7bb29,e8ad4904c3d658bd,b35e48a419d7577f,4,0,138,9,9,True,True,True,False
157fe56fb976eff61,ef66f2c0cf4893824,0bb779c3344d5b1d,54a295777c3a5d46,4,0,9,8,8,True,True,True,False
158cf65f87545bfa6,d9bbca7a0907304f1,5ea36cebd2575b16,68097b10029d5fe1,4,0,90,9,9,True,True,True,False
158d40670bc416808,5cf2681114e11d9c7,9f6ae3dae4585cef,223d02be29c65e81,4,0,270,8,8,True,True,True,False
159643eb8bc781ed3,c42f42235ba427d14,6352864cf9f95bb8,a18d2b32f8415373,4,0,9,8,8,True,True,True,False
15bfe5749c9315181,720fbcef3959511d0,9f6ae3dae4585cef,223d02be29c65e81,4,0,270,8,8,True,True,True,False
15d94bf306003f777,26fc6837ede450373,221eebe0f41d5e04,76a0c83f0b6453a0,4,0,93,8,8,True,True,True,False
1619404e34b466791,c9502401d0ae63498,6bc77f3b97795470,f56b0cc9c9d95421,4,0,40,9,9,True,True,True,False
1619ff5b7b8a0c6a1,9a6ec5011d04fc0c9,d639c104b63e568d,87eae54f57ea5690,4,0,110,9,9,True,True,True,False
161fc0f077a085869,14b4d5dae8ea46cbc,2fb54b28d0c55807,00016f8b45c25a1d,4,0,127,9,9,True,True,True,False
1639efc88a6054c2d,70543352531547cfd,1d2ce89fe79f55bd,63ec67c4a58a5e5b,4,0,16,8,8,True,True,True,False
163c0ecfe8442fc92,0d069b495b11daa42,16295788c73b5d86,0ec9a79351355022,4,0,61,9,9,True,True,True,False
1648c97045c3b0e8c,aedc0bf45f1840715,d10f3128649054ef,9b0a5826d2d357d8,4,0,6,8,8,True,True,True,False
164aeea5078722192,c9b45ed2516cd216c,a2e68628420f5c97,e2ae05340dba502d,4,0,42,8,8,True,True,True,False
1658c267282c0b7b1,0d82f96df900285cb,2bf7a51839cb59eb,1bc892186af15042,4,0,4,8,8,True,True,True,False
166db8fdebf7f3193,66c0ac7e945e90197,1126dc50618d5981,85f2b1f1f1f45b5c,4,0,245,9,9,True,True,True,False
16708a7f6cc6255ea,c35e331384b550d78,bf525da8b60559fc,afa8102c20685ec5,4,0,742,8,8,True,True,True,False
167ba9ee38c767dca,f4f52070af5d450d0,a25c5a2632f952d7,5065e99644fb5fc2,4,0,14,9,9,True,True,True,False
169be20ec1c131b70,ffe8f133ba4da683b,60216ba3ee9557d9,76c31764665151be,4,0,13,9,9,True,True,True,False
16a8cc67639b48a49,dc335a90fc3e97ef3,964c8941cfe558bb,a43dbb1d34665f24,4,0,76,9,9,True,True,True,False
16ab2588216b0f901,6df6f08cd7de3b69e,a04f86a92daf50ba,712427ff1635596c,4,0,56,9,9,True,True,True,False
16b6df1a93d739621,19a22a2c5501797dc,95809cb5fc4a549f,599c8b2bc9b252a7,4,0,85,8,8,True,True,True,False
16c88194eff83d63b,dd6cf78b8b897a171,821f5be699cd5942,d20be65e3dc65738,4,0,0,8,8,True,True,True,False
16d680d1426477d10,52273aa3c8bd19695,f4d95a784b725915,c9ca538cb3235e43,4,0,226,8,8,True,True,True,False
16e2e4c3fe4869dd0,687eac5f36b59550f,964c8941cfe558bb,a43dbb1d34665f24,4,0,76,9,9,True,True,True,False
16f47176e1cc693be,bc91b5b7dc430b04d,b3b3a0cc7dec50a0,452def672c5d592c,4,0,67,9,9,True,True,True,False
170f947283c85588d,72637a23d58025fde,82e1485de4fa5b71,131ab0263b07507c,4,0,206,8,8,True,True,True,False
17324b87fb40d96bd,6b8ebd7a081ffa425,bca8b9c053845df8,592f536375e755b6,4,0,46,8,8,True,True,True,False
1749cdee1dad634b5,e302536dfb1a897a7,74499565609f56ad,23d647e77f2d515e,4,0,109,8,8,True,True,True,False
1749d5baf4d1be874,0128e6a2b97ff89b5,804236dcfffa523e,d20dc707981f56e7,4,0,44,9,9,True,True,True,False
17608bea646c70ab5,08bcd54c271622666,4a4c046eff125fca,f7a9f82f17b256e2,4,0,379,8,8,True,True,True,False
176e06820e9f7fbbf,e5c6c91f1d3892636,ee91209e45fe5141,e5d2a01ab5b0562a,4,0,218,8,8,True,True,True,False
1774434b67738d16f,583b2af0de861778c,b3b3a0cc7dec50a0,452def672c5d592c,4,0,67,9,9,True,True,True,False
178f7db672722e67b,4355523e202befd73,1e5912e7fc4f5451,b02bf210eda55579,4,0,53,8,8,True,True,True,False
1794e506d9c354fdc,f3d58b82e93972910,15822499ddf9515d,98b414a515bb5b99,4,0,47,9,9,True,True,True,False
1797c67a7adb7460a,c2aa1b724cefce8f0,50aa287e430e5ab3,ac7bd595b9a3544c,4,0,162,9,9,True,True,True,False
17b5733ffee6063c3,7e909c56c1daea780,24108688ab4856ab,2391f12d7e6a5e7f,4,0,173,8,8,True,True,True,False
17c6ae3f484c87d13,3db39c7599f58de4d,c6be203c41a155e4,f2592c08589e5398,4,0,8,8,8,True,True,True,False
17cd5c5718d1f07d1,5a7bb6958f668a475,43861b94f4d959eb,67bce1e28df25eaa,4,0,306,9,9,True,True,True,False
17db137d095f20b9b,68f17e6223ed08ff9,2ffcc771b9375796,16a738813dbe5496,4,0,32,9,9,True,True,True,False
17f329ebf267c8de4,bef503ff5929be3a8,5e4dd8c91b8453bf,c054f473288d5515,4,0,91,8,8,True,True,True,False
17fca334b03770616,3f68c9f1e2821def0,f34ebf09b5515de1,b5ba1ec901f1522c,4,0,4,9,9,True,True,True,False
1801e1f1744fbcfd0,36c78e1f966d78d1b,861a8feb26275bd1,5feede5c5a3c5116,4,0,78,8,8,True,True,True,False
180e7bc1b8df64c94,e1cc25220fa30adcd,f1041299a1a059f5,3b910accfc12560a,4,0,156,9,9,True,True,True,False
181ef17503e83c592,fad1ad3bce41df4d9,5ea36cebd2575b16,68097b10029d5fe1,4,0,90,9,9,True,True,True,False
1820adb6d601078c6,425b819f70d25df0e,c65c265780365bb1,cf50ffa22c81555d,4,0,76,9,9,True,True,True,False
1826128d1400e12df,55c8727d5f4634051,a38bd3c8068d5ebb,c3d6016d73645955,4,0,370,9,9,True,True,True,False
1827f7665cf467301,8155d4f80d0416c00,69a4a5913bfc5d5d,05f1a5cbc0905d8e,4,0,8,8,8,True,True,True,False
182d5dda77cd679a9,a4dff43b479ee5041,fc8a398075265f44,2c5cbab120595d79,4,0,37,9,9,True,True,True,False
18322cb0d9d925d06,416a5f6d80036586b,dd71dee142f05d7d,2cae5f08e11a5dbd,4,0,27,8,8,True,True,True,False
1837db7de5c004a44,818f9becc81f0e975,6c578cebcf47592b,0802a51b0a1d512c,4,0,172,8,8,True,True,True,False
183aa3a83cdd07ec2,92bc964803e65244e,c3c375ac03435ee2,eed801b1cd035275,4,0,194,9,9,True,True,True,False
184394b00e1d59005,e1654044aa2aa4003,348680e464e15fa2,aee07628c2ab5ce1,4,0,24,9,9,True,True,True,False
184ab39a4dd22bf30,8c25a75ef46e49d9f,0d0972c70bd955cc,ffe92084016a5795,4,0,15,8,8,True,True,True,False
185adf7239ed07fa3,9818610284ab89cea,73c600dba1795b0c,5f4991d3d2ca5eee,4,0,726,9,9,True,True,True,False
185ed4f77970b5a68,f8ef03363118bcda4,85dba97943515cbd,ab4401719a355a62,4,0,46,9,9,True,True,True,False
185ee29576b1f2451,fc2eb6e32259de9aa,55eed45c895852b9,082988f40658562c,4,0,89,8,8,True,True,True,False
186461bfc4fb6f9ec,d6f75a03673049ff0,e63b6dfddfc855da,afcd7846a4f35622,4,0,37,9,9,True,True,True,False
189aec87d1b7a1a11,a70343efbae4bbaab,de354f243fa157ec,116aacf9868e5e4e,4,0,44,9,9,True,True,True,False
189ed5a94db54dcaf,1be8c9376ad3e1e99,6d3bb2ecca3e54b4,c7e06d79e58454ae,4,0,1,9,9,True,True,True,False
18a06859c5ef24ce1,34c5a38a6aee37c97,1ed7ae84b65d52b4,8c689c4b2df55539,4,0,4,9,9,True,True,True,False
18a56ca72198c98e6,d617dbbef56f36875,66c9f19c11615415,5d2ee89308f958be,4,0,7,9,9,True,True,True,False
18d308ad9cf314d3e,d17b5de2642504067,9aa76ff06fd153d8,cc4bdc0160e157c4,4,0,126,9,9,True,True,True,False
18da97812a6748252,cb2e1dad4d21a5bf1,ebf97a584bcb556e,a44db880afe95be7,4,0,110,9,9,True,True,True,False
18daa624404cef7f4,e4cc46ea076c674d9,2ffcc771b9375796,16a738813dbe5496,4,0,32,9,9,True,True,True,False
18dc880f69a3efcd0,1e4fec4c7ed8b79e5,ee91209e45fe5141,e5d2a01ab5b0562a,4,0,218,8,8,True,True,True,False
18e0176984eee1b3e,385a771804ff89676,d34b1a7834a35883,e024bd23594b5a13,4,0,22,9,9,True,True,True,False
