scene_token,log_name,success,error,candidate_count,horizon_count,finite_environment_fraction,actor_slot_valid_fraction,future_steps_with_actor,future_steps_with_red_light,map_relation_coverage,traffic_light_relation_coverage,source
0005d2681afd597b,2021.10.01.13.28.54_veh-28_01767_01883,True,,12,8,1.0,1.0,1.0,0.0,1.0,1.0,logged future; non-reactive candidate-conditioned relabeling
008a9f9434c75b99,2021.09.14.18.43.41_veh-45_00965_01195,True,,12,8,1.0,0.953125,1.0,1.0,1.0,1.0,logged future; non-reactive candidate-conditioned relabeling
00ba15b1edea52fd,2021.06.09.18.23.43_veh-35_02086_02333,True,,12,8,1.0,0.5703125,1.0,0.0,1.0,1.0,logged future; non-reactive candidate-conditioned relabeling
011b69ae584655cc,2021.06.09.17.23.18_veh-38_03425_04047,True,,12,8,1.0,1.0,1.0,0.0,1.0,1.0,logged future; non-reactive candidate-conditioned relabeling
01dcab46b55d5e8c,2021.06.09.18.23.43_veh-35_02086_02333,True,,12,8,1.0,0.2578125,1.0,0.125,1.0,1.0,logged future; non-reactive candidate-conditioned relabeling
02018657f0825d92,2021.06.09.17.23.18_veh-38_03425_04047,True,,12,8,1.0,1.0,1.0,1.0,1.0,1.0,logged future; non-reactive candidate-conditioned relabeling
0213d7e6fe7b5a41,2021.09.14.18.43.41_veh-45_00965_01195,True,,12,8,1.0,0.0625,0.375,0.0,1.0,1.0,logged future; non-reactive candidate-conditioned relabeling
025a0d1540ef5632,2021.09.14.18.43.41_veh-45_00965_01195,True,,12,8,1.0,0.0,0.0,0.0,1.0,1.0,logged future; non-reactive candidate-conditioned relabeling
02fe9f456dea53d0,2021.09.14.18.43.41_veh-45_00965_01195,True,,12,8,1.0,0.2265625,0.875,0.0,1.0,1.0,logged future; non-reactive candidate-conditioned relabeling
03115209f49f556f,2021.06.14.16.48.02_veh-12_02412_02506,True,,12,8,1.0,1.0,1.0,1.0,1.0,1.0,logged future; non-reactive candidate-conditioned relabeling
03c35a9388305765,2021.06.09.17.23.18_veh-38_03425_04047,True,,12,8,1.0,1.0,1.0,1.0,1.0,1.0,logged future; non-reactive candidate-conditioned relabeling
041189c9e5d955c4,2021.06.09.18.23.43_veh-35_02086_02333,True,,12,8,1.0,0.703125,1.0,0.25,1.0,1.0,logged future; non-reactive candidate-conditioned relabeling
052c497d8bbd5b96,2021.06.14.16.48.02_veh-12_02412_02506,True,,12,8,1.0,1.0,1.0,0.0,1.0,1.0,logged future; non-reactive candidate-conditioned relabeling
06a29ce27b43524b,2021.06.09.17.23.18_veh-38_03425_04047,True,,12,8,1.0,1.0,1.0,0.0,1.0,1.0,logged future; non-reactive candidate-conditioned relabeling
07765eff350b552b,2021.10.01.13.28.54_veh-28_01767_01883,True,,12,8,1.0,1.0,1.0,0.0,1.0,1.0,logged future; non-reactive candidate-conditioned relabeling
07d24c3d7a345e80,2021.10.01.13.28.54_veh-28_01767_01883,True,,12,8,1.0,1.0,1.0,0.0,1.0,1.0,logged future; non-reactive candidate-conditioned relabeling
07d71d9b5a7f5e26,2021.10.11.05.34.05_veh-50_01718_02261,True,,12,8,1.0,0.0625,1.0,0.0,1.0,1.0,logged future; non-reactive candidate-conditioned relabeling
09270528a5285354,2021.10.11.05.34.05_veh-50_01718_02261,True,,12,8,1.0,0.2734375,1.0,0.0,1.0,1.0,logged future; non-reactive candidate-conditioned relabeling
09557d67f16c58da,2021.10.11.05.34.05_veh-50_01718_02261,True,,12,8,1.0,0.1875,1.0,1.0,1.0,1.0,logged future; non-reactive candidate-conditioned relabeling
099d280ec17e512c,2021.10.01.13.28.54_veh-28_01767_01883,True,,12,8,1.0,1.0,1.0,0.0,1.0,1.0,logged future; non-reactive candidate-conditioned relabeling
09b85beb333e5a74,2021.06.09.18.23.43_veh-35_02086_02333,True,,12,8,1.0,1.0,1.0,0.625,1.0,1.0,logged future; non-reactive candidate-conditioned relabeling
0a8f0a77c6355811,2021.09.14.18.43.41_veh-45_00965_01195,True,,12,8,1.0,0.4296875,1.0,0.0,1.0,1.0,logged future; non-reactive candidate-conditioned relabeling
0c08c94580aa5b38,2021.06.14.16.48.02_veh-12_02412_02506,True,,12,8,1.0,1.0,1.0,0.0,1.0,1.0,logged future; non-reactive candidate-conditioned relabeling
0c6f8baa2977524f,2021.09.14.18.43.41_veh-45_00965_01195,True,,12,8,1.0,0.875,1.0,0.0,1.0,1.0,logged future; non-reactive candidate-conditioned relabeling
0c7c6ed779fc52b7,2021.09.14.18.43.41_veh-45_00965_01195,True,,12,8,1.0,0.953125,1.0,1.0,1.0,1.0,logged future; non-reactive candidate-conditioned relabeling
0d0f04b424665129,2021.06.09.17.23.18_veh-38_03425_04047,True,,12,8,1.0,1.0,1.0,1.0,1.0,1.0,logged future; non-reactive candidate-conditioned relabeling
0d7a0fd77b60538a,2021.06.09.17.23.18_veh-38_03425_04047,True,,12,8,1.0,1.0,1.0,1.0,1.0,1.0,logged future; non-reactive candidate-conditioned relabeling
0d7bbb4da297553e,2021.06.09.17.23.18_veh-38_03425_04047,True,,12,8,1.0,1.0,1.0,0.0,1.0,1.0,logged future; non-reactive candidate-conditioned relabeling
0dd21c9f24745116,2021.10.11.05.34.05_veh-50_01718_02261,True,,12,8,1.0,0.359375,1.0,1.0,1.0,1.0,logged future; non-reactive candidate-conditioned relabeling
0e34dec4d79c5bac,2021.06.09.17.23.18_veh-38_03425_04047,True,,12,8,1.0,1.0,1.0,0.0,1.0,1.0,logged future; non-reactive candidate-conditioned relabeling
0e40718b97485e10,2021.10.11.05.34.05_veh-50_01718_02261,True,,12,8,1.0,0.140625,1.0,0.0,1.0,1.0,logged future; non-reactive candidate-conditioned relabeling
0f12c162f6fa5d71,2021.09.14.18.43.41_veh-45_00965_01195,True,,12,8,1.0,0.453125,1.0,0.0,1.0,1.0,logged future; non-reactive candidate-conditioned relabeling
1049b61c6d47500e,2021.09.14.18.43.41_veh-45_00965_01195,True,,12,8,1.0,0.71875,1.0,1.0,1.0,1.0,logged future; non-reactive candidate-conditioned relabeling
116c97fd52875fa3,2021.09.14.18.43.41_veh-45_00965_01195,True,,12,8,1.0,0.9375,1.0,0.0,1.0,1.0,logged future; non-reactive candidate-conditioned relabeling
11a584e1083050e3,2021.06.09.18.23.43_veh-35_02086_02333,True,,12,8,1.0,1.0,1.0,1.0,1.0,1.0,logged future; non-reactive candidate-conditioned relabeling
11e7bfbe7e29593e,2021.06.09.17.23.18_veh-38_03425_04047,True,,12,8,1.0,1.0,1.0,1.0,1.0,1.0,logged future; non-reactive candidate-conditioned relabeling
123d061df94f514b,2021.10.01.13.28.54_veh-28_01767_01883,True,,12,8,1.0,1.0,1.0,0.0,1.0,1.0,logged future; non-reactive candidate-conditioned relabeling
1263ae5b3f4055d8,2021.10.11.05.34.05_veh-50_01718_02261,True,,12,8,1.0,0.375,1.0,1.0,1.0,1.0,logged future; non-reactive candidate-conditioned relabeling
128991ed1dc25fb8,2021.10.01.13.28.54_veh-28_01767_01883,True,,12,8,1.0,1.0,1.0,0.0,1.0,1.0,logged future; non-reactive candidate-conditioned relabeling
12f795d386d05ed6,2021.06.09.18.23.43_veh-35_02086_02333,True,,12,8,1.0,0.6875,1.0,0.375,1.0,1.0,logged future; non-reactive candidate-conditioned relabeling
13ebaabdf9805611,2021.06.09.18.23.43_veh-35_02086_02333,True,,12,8,1.0,1.0,1.0,1.0,1.0,1.0,logged future; non-reactive candidate-conditioned relabeling
144b919f2f58529b,2021.10.01.13.28.54_veh-28_01767_01883,True,,12,8,1.0,0.9921875,1.0,0.0,1.0,1.0,logged future; non-reactive candidate-conditioned relabeling
14c0aa171e5a5e81,2021.10.11.05.34.05_veh-50_01718_02261,True,,12,8,1.0,0.265625,1.0,0.0,1.0,1.0,logged future; non-reactive candidate-conditioned relabeling
150e2e020e4e5546,2021.06.09.18.23.43_veh-35_02086_02333,True,,12,8,1.0,1.0,1.0,1.0,1.0,1.0,logged future; non-reactive candidate-conditioned relabeling
158540ccc8c552a4,2021.06.09.18.23.43_veh-35_02086_02333,True,,12,8,1.0,0.6328125,1.0,0.375,1.0,1.0,logged future; non-reactive candidate-conditioned relabeling
158deb3b34c25339,2021.06.09.18.23.43_veh-35_02086_02333,True,,12,8,1.0,1.0,1.0,0.25,1.0,1.0,logged future; non-reactive candidate-conditioned relabeling
16287dd2c58e5bdb,2021.06.09.18.23.43_veh-35_02086_02333,True,,12,8,1.0,1.0,1.0,1.0,1.0,1.0,logged future; non-reactive candidate-conditioned relabeling
16973e1c8f115438,2021.06.09.18.23.43_veh-35_02086_02333,True,,12,8,1.0,1.0,1.0,1.0,1.0,1.0,logged future; non-reactive candidate-conditioned relabeling
17786f57108b5486,2021.09.14.18.43.41_veh-45_00965_01195,True,,12,8,1.0,0.2265625,1.0,0.0,1.0,1.0,logged future; non-reactive candidate-conditioned relabeling
17c40bec14d45b1c,2021.06.09.17.23.18_veh-38_03425_04047,True,,12,8,1.0,1.0,1.0,0.0,1.0,1.0,logged future; non-reactive candidate-conditioned relabeling
17ed67f42eaf574a,2021.06.09.18.23.43_veh-35_02086_02333,True,,12,8,1.0,1.0,1.0,1.0,1.0,1.0,logged future; non-reactive candidate-conditioned relabeling
17fb1b3c3cff5a03,2021.10.11.05.34.05_veh-50_01718_02261,True,,12,8,1.0,0.1875,1.0,0.0,1.0,1.0,logged future; non-reactive candidate-conditioned relabeling
18d1a6470364538e,2021.06.14.16.48.02_veh-12_02412_02506,True,,12,8,1.0,1.0,1.0,0.0,1.0,1.0,logged future; non-reactive candidate-conditioned relabeling
19188e8475415502,2021.06.09.17.23.18_veh-38_03425_04047,True,,12,8,1.0,1.0,1.0,1.0,1.0,1.0,logged future; non-reactive candidate-conditioned relabeling
1945aeb7b5c05995,2021.06.09.18.23.43_veh-35_02086_02333,True,,12,8,1.0,1.0,1.0,1.0,1.0,1.0,logged future; non-reactive candidate-conditioned relabeling
194cc7247dc7556b,2021.06.14.16.48.02_veh-12_02412_02506,True,,12,8,1.0,1.0,1.0,0.0,1.0,1.0,logged future; non-reactive candidate-conditioned relabeling
19647efe20395ec5,2021.09.14.18.43.41_veh-45_00965_01195,True,,12,8,1.0,1.0,1.0,1.0,1.0,1.0,logged future; non-reactive candidate-conditioned relabeling
19e694e235055629,2021.09.14.18.43.41_veh-45_00965_01195,True,,12,8,1.0,0.203125,1.0,0.0,1.0,1.0,logged future; non-reactive candidate-conditioned relabeling
1a4da9d357ea51a2,2021.09.14.18.43.41_veh-45_00965_01195,True,,12,8,1.0,1.0,1.0,1.0,1.0,1.0,logged future; non-reactive candidate-conditioned relabeling
1a55bb45202a57ca,2021.09.14.18.43.41_veh-45_00965_01195,True,,12,8,1.0,0.9453125,1.0,0.0,1.0,1.0,logged future; non-reactive candidate-conditioned relabeling
1acf8b62ef115b6c,2021.09.14.18.43.41_veh-45_00965_01195,True,,12,8,1.0,0.8359375,1.0,1.0,1.0,1.0,logged future; non-reactive candidate-conditioned relabeling
1d41bf824318525f,2021.09.14.18.43.41_veh-45_00965_01195,True,,12,8,1.0,1.0,1.0,1.0,1.0,1.0,logged future; non-reactive candidate-conditioned relabeling
1d7ac95addcc5ce4,2021.06.09.18.23.43_veh-35_02086_02333,True,,12,8,1.0,0.28125,1.0,0.0,1.0,1.0,logged future; non-reactive candidate-conditioned relabeling
1e9934287b615763,2021.06.14.16.48.02_veh-12_02412_02506,True,,12,8,1.0,1.0,1.0,0.0,1.0,1.0,logged future; non-reactive candidate-conditioned relabeling
1ee489091e7854fd,2021.06.09.17.23.18_veh-38_03425_04047,True,,12,8,1.0,1.0,1.0,1.0,1.0,1.0,logged future; non-reactive candidate-conditioned relabeling
1eeebd4cc4295d8e,2021.10.01.13.28.54_veh-28_01767_01883,True,,12,8,1.0,1.0,1.0,0.0,1.0,1.0,logged future; non-reactive candidate-conditioned relabeling
1ef152807db258b3,2021.09.14.18.43.41_veh-45_00965_01195,True,,12,8,1.0,0.3125,1.0,0.0,1.0,1.0,logged future; non-reactive candidate-conditioned relabeling
1ffd6c911ebc5a03,2021.06.09.18.23.43_veh-35_02086_02333,True,,12,8,1.0,1.0,1.0,1.0,1.0,1.0,logged future; non-reactive candidate-conditioned relabeling
205455c9183159c4,2021.06.09.18.23.43_veh-35_02086_02333,True,,12,8,1.0,1.0,1.0,1.0,1.0,1.0,logged future; non-reactive candidate-conditioned relabeling
2083a316b8d55d7e,2021.09.14.18.43.41_veh-45_00965_01195,True,,12,8,1.0,0.328125,1.0,0.0,1.0,1.0,logged future; non-reactive candidate-conditioned relabeling
210342177b4a5f99,2021.06.14.16.48.02_veh-12_02412_02506,True,,12,8,1.0,1.0,1.0,0.0,1.0,1.0,logged future; non-reactive candidate-conditioned relabeling
21412dd0c5f95d12,2021.09.14.18.43.41_veh-45_00965_01195,True,,12,8,1.0,0.15625,0.875,0.0,1.0,1.0,logged future; non-reactive candidate-conditioned relabeling
22421d5a4b3a5a53,2021.10.01.13.28.54_veh-28_01767_01883,True,,12,8,1.0,1.0,1.0,0.0,1.0,1.0,logged future; non-reactive candidate-conditioned relabeling
235dcb12358a5b1f,2021.06.14.16.48.02_veh-12_02412_02506,True,,12,8,1.0,1.0,1.0,0.0,1.0,1.0,logged future; non-reactive candidate-conditioned relabeling
236ba1210ea25e80,2021.10.11.05.34.05_veh-50_01718_02261,True,,12,8,1.0,0.390625,1.0,1.0,1.0,1.0,logged future; non-reactive candidate-conditioned relabeling
23d660069ef458f3,2021.06.14.16.48.02_veh-12_02412_02506,True,,12,8,1.0,1.0,1.0,1.0,1.0,1.0,logged future; non-reactive candidate-conditioned relabeling
258dc0d5a9725ed5,2021.10.01.13.28.54_veh-28_01767_01883,True,,12,8,1.0,1.0,1.0,0.0,1.0,1.0,logged future; non-reactive candidate-conditioned relabeling
25af32d69e705ab1,2021.09.14.18.43.41_veh-45_00965_01195,True,,12,8,1.0,0.0546875,0.5,0.0,1.0,1.0,logged future; non-reactive candidate-conditioned relabeling
2637b1382cbe55ba,2021.06.09.18.23.43_veh-35_02086_02333,True,,12,8,1.0,1.0,1.0,1.0,1.0,1.0,logged future; non-reactive candidate-conditioned relabeling
26e609ae4e9a5e37,2021.10.11.05.34.05_veh-50_01718_02261,True,,12,8,1.0,0.1640625,1.0,0.0,1.0,1.0,logged future; non-reactive candidate-conditioned relabeling
275eea956cb15302,2021.10.01.13.28.54_veh-28_01767_01883,True,,12,8,1.0,1.0,1.0,0.0,1.0,1.0,logged future; non-reactive candidate-conditioned relabeling
288b8128e36b594c,2021.09.14.18.43.41_veh-45_00965_01195,True,,12,8,1.0,1.0,1.0,1.0,1.0,1.0,logged future; non-reactive candidate-conditioned relabeling
28908a5c196d53a0,2021.06.14.16.48.02_veh-12_02412_02506,True,,12,8,1.0,1.0,1.0,0.0,1.0,1.0,logged future; non-reactive candidate-conditioned relabeling
28a602e76e1b5fb2,2021.06.14.16.48.02_veh-12_02412_02506,True,,12,8,1.0,1.0,1.0,0.0,1.0,1.0,logged future; non-reactive candidate-conditioned relabeling
29d137c769dc5102,2021.06.09.17.23.18_veh-38_03425_04047,True,,12,8,1.0,1.0,1.0,1.0,1.0,1.0,logged future; non-reactive candidate-conditioned relabeling
2a64974af63a5094,2021.10.11.05.34.05_veh-50_01718_02261,True,,12,8,1.0,0.09375,1.0,0.0,1.0,1.0,logged future; non-reactive candidate-conditioned relabeling
2a84b69160335c6c,2021.10.11.05.34.05_veh-50_01718_02261,True,,12,8,1.0,0.3359375,1.0,0.0,1.0,1.0,logged future; non-reactive candidate-conditioned relabeling
2af6bdfb35345412,2021.10.11.05.34.05_veh-50_01718_02261,True,,12,8,1.0,0.2734375,1.0,1.0,1.0,1.0,logged future; non-reactive candidate-conditioned relabeling
2b74a6a9127058e9,2021.06.09.18.23.43_veh-35_02086_02333,True,,12,8,1.0,1.0,1.0,1.0,1.0,1.0,logged future; non-reactive candidate-conditioned relabeling
2bdec37bef52574f,2021.06.09.18.23.43_veh-35_02086_02333,True,,12,8,1.0,1.0,1.0,0.0,1.0,1.0,logged future; non-reactive candidate-conditioned relabeling
2c459236eddc5140,2021.09.14.18.43.41_veh-45_00965_01195,True,,12,8,1.0,0.40625,1.0,0.0,1.0,1.0,logged future; non-reactive candidate-conditioned relabeling
2c4a8ee2aa8a5010,2021.10.11.05.34.05_veh-50_01718_02261,True,,12,8,1.0,0.15625,1.0,0.0,1.0,1.0,logged future; non-reactive candidate-conditioned relabeling
2d834f6a168954a5,2021.10.01.13.28.54_veh-28_01767_01883,True,,12,8,1.0,1.0,1.0,0.0,1.0,1.0,logged future; non-reactive candidate-conditioned relabeling
2dfb5d3bbfb95b6b,2021.09.14.18.43.41_veh-45_00965_01195,True,,12,8,1.0,0.4921875,1.0,0.0,1.0,1.0,logged future; non-reactive candidate-conditioned relabeling
2e5e5a6d2fcb5f7e,2021.10.11.05.34.05_veh-50_01718_02261,True,,12,8,1.0,0.0625,1.0,0.0,1.0,1.0,logged future; non-reactive candidate-conditioned relabeling
2f2d4e69aa225c41,2021.06.14.16.48.02_veh-12_02412_02506,True,,12,8,1.0,1.0,1.0,0.0,1.0,1.0,logged future; non-reactive candidate-conditioned relabeling
2f3bc314c66d5f26,2021.09.14.18.43.41_veh-45_00965_01195,True,,12,8,1.0,0.84375,1.0,0.0,1.0,1.0,logged future; non-reactive candidate-conditioned relabeling
306f77e944b853da,2021.09.14.18.43.41_veh-45_00965_01195,True,,12,8,1.0,0.2421875,1.0,0.0,1.0,1.0,logged future; non-reactive candidate-conditioned relabeling
30b79e38519e537d,2021.06.14.16.48.02_veh-12_02412_02506,True,,12,8,1.0,1.0,1.0,0.0,1.0,1.0,logged future; non-reactive candidate-conditioned relabeling
317c68afecf35485,2021.10.11.05.34.05_veh-50_01718_02261,True,,12,8,1.0,0.15625,1.0,0.0,1.0,1.0,logged future; non-reactive candidate-conditioned relabeling
31d9047da8d35c82,2021.10.11.05.34.05_veh-50_01718_02261,True,,12,8,1.0,0.203125,1.0,0.0,1.0,1.0,logged future; non-reactive candidate-conditioned relabeling
3201f1464a485a8b,2021.09.14.18.43.41_veh-45_00965_01195,True,,12,8,1.0,0.3828125,1.0,0.0,1.0,1.0,logged future; non-reactive candidate-conditioned relabeling
3379cc119af559cc,2021.10.01.13.28.54_veh-28_01767_01883,True,,12,8,1.0,1.0,1.0,0.0,1.0,1.0,logged future; non-reactive candidate-conditioned relabeling
338a350da4a2588e,2021.06.09.18.23.43_veh-35_02086_02333,True,,12,8,1.0,1.0,1.0,0.5,1.0,1.0,logged future; non-reactive candidate-conditioned relabeling
34e2c77c79a2579f,2021.09.14.18.43.41_veh-45_00965_01195,True,,12,8,1.0,0.2734375,1.0,0.0,1.0,1.0,logged future; non-reactive candidate-conditioned relabeling
359cfddaac1a569f,2021.10.11.05.34.05_veh-50_01718_02261,True,,12,8,1.0,0.1171875,1.0,0.0,1.0,1.0,logged future; non-reactive candidate-conditioned relabeling
36dd5289f7ad5d39,2021.10.11.05.34.05_veh-50_01718_02261,True,,12,8,1.0,0.1640625,1.0,0.0,1.0,1.0,logged future; non-reactive candidate-conditioned relabeling
37bc68660a6c514a,2021.09.14.18.43.41_veh-45_00965_01195,True,,12,8,1.0,0.34375,1.0,0.0,1.0,1.0,logged future; non-reactive candidate-conditioned relabeling
38082f1ca49751b8,2021.09.14.18.43.41_veh-45_00965_01195,True,,12,8,1.0,0.75,1.0,1.0,1.0,1.0,logged future; non-reactive candidate-conditioned relabeling
380bec175f1e5e9f,2021.06.09.17.23.18_veh-38_03425_04047,True,,12,8,1.0,1.0,1.0,1.0,1.0,1.0,logged future; non-reactive candidate-conditioned relabeling
3834525cfcfb5a1e,2021.10.11.05.34.05_veh-50_01718_02261,True,,12,8,1.0,0.375,1.0,0.0,1.0,1.0,logged future; non-reactive candidate-conditioned relabeling
386a403f36c85d87,2021.10.11.05.34.05_veh-50_01718_02261,True,,12,8,1.0,0.25,1.0,0.0,1.0,1.0,logged future; non-reactive candidate-conditioned relabeling
38e069bc6e365bd3,2021.06.09.18.23.43_veh-35_02086_02333,True,,12,8,1.0,1.0,1.0,1.0,1.0,1.0,logged future; non-reactive candidate-conditioned relabeling
38e88e66caa156b3,2021.09.14.18.43.41_veh-45_00965_01195,True,,12,8,1.0,0.9453125,1.0,0.0,1.0,1.0,logged future; non-reactive candidate-conditioned relabeling
390270ff37045615,2021.10.11.05.34.05_veh-50_01718_02261,True,,12,8,1.0,0.0625,1.0,0.0,1.0,1.0,logged future; non-reactive candidate-conditioned relabeling
3918753ebf98550a,2021.09.14.18.43.41_veh-45_00965_01195,True,,12,8,1.0,0.6328125,1.0,0.625,1.0,1.0,logged future; non-reactive candidate-conditioned relabeling
39a1d8c3ea2550df,2021.06.09.17.23.18_veh-38_03425_04047,True,,12,8,1.0,1.0,1.0,0.0,1.0,1.0,logged future; non-reactive candidate-conditioned relabeling
3ac6f1b0fe0d524b,2021.09.14.18.43.41_veh-45_00965_01195,True,,12,8,1.0,0.828125,1.0,0.0,1.0,1.0,logged future; non-reactive candidate-conditioned relabeling
3afbb23b3a485ae7,2021.06.14.16.48.02_veh-12_02412_02506,True,,12,8,1.0,1.0,1.0,0.0,1.0,1.0,logged future; non-reactive candidate-conditioned relabeling
3b625d214e5c5862,2021.06.09.18.23.43_veh-35_02086_02333,True,,12,8,1.0,0.6171875,1.0,0.0,1.0,1.0,logged future; non-reactive candidate-conditioned relabeling
3b6dcba91a535502,2021.10.01.13.28.54_veh-28_01767_01883,True,,12,8,1.0,1.0,1.0,0.0,1.0,1.0,logged future; non-reactive candidate-conditioned relabeling
3c2797ee26ce5ddf,2021.10.11.05.34.05_veh-50_01718_02261,True,,12,8,1.0,0.140625,1.0,0.0,1.0,1.0,logged future; non-reactive candidate-conditioned relabeling
3c67272121df5b60,2021.09.14.18.43.41_veh-45_00965_01195,True,,12,8,1.0,0.2578125,1.0,0.0,1.0,1.0,logged future; non-reactive candidate-conditioned relabeling
3c781490fb335509,2021.06.09.18.23.43_veh-35_02086_02333,True,,12,8,1.0,1.0,1.0,1.0,1.0,1.0,logged future; non-reactive candidate-conditioned relabeling
3c8ca91387ce569e,2021.09.14.18.43.41_veh-45_00965_01195,True,,12,8,1.0,0.8125,1.0,1.0,1.0,1.0,logged future; non-reactive candidate-conditioned relabeling
3ca1f4d2bd1b5173,2021.06.09.18.23.43_veh-35_02086_02333,True,,12,8,1.0,1.0,1.0,1.0,1.0,1.0,logged future; non-reactive candidate-conditioned relabeling
3cdbb9a66ccf5155,2021.09.14.18.43.41_veh-45_00965_01195,True,,12,8,1.0,0.3359375,1.0,0.0,1.0,1.0,logged future; non-reactive candidate-conditioned relabeling
3d182f05141857aa,2021.06.09.18.23.43_veh-35_02086_02333,True,,12,8,1.0,1.0,1.0,1.0,1.0,1.0,logged future; non-reactive candidate-conditioned relabeling
3d59f36d91195610,2021.10.01.13.28.54_veh-28_01767_01883,True,,12,8,1.0,1.0,1.0,0.0,1.0,1.0,logged future; non-reactive candidate-conditioned relabeling
3d76286269775f49,2021.09.14.18.43.41_veh-45_00965_01195,True,,12,8,1.0,0.2890625,1.0,0.0,1.0,1.0,logged future; non-reactive candidate-conditioned relabeling
3d85c8d0fe4d542b,2021.10.11.05.34.05_veh-50_01718_02261,True,,12,8,1.0,0.0625,1.0,0.0,1.0,1.0,logged future; non-reactive candidate-conditioned relabeling
3dca9d26e41d5caa,2021.06.14.16.48.02_veh-12_02412_02506,True,,12,8,1.0,1.0,1.0,0.0,1.0,1.0,logged future; non-reactive candidate-conditioned relabeling
3e657470a9925d9d,2021.06.09.18.23.43_veh-35_02086_02333,True,,12,8,1.0,1.0,1.0,1.0,1.0,1.0,logged future; non-reactive candidate-conditioned relabeling
3e7c95b0955e5aba,2021.09.14.18.43.41_veh-45_00965_01195,True,,12,8,1.0,0.0,0.0,0.0,1.0,1.0,logged future; non-reactive candidate-conditioned relabeling
3ec5019035345cb4,2021.10.11.05.34.05_veh-50_01718_02261,True,,12,8,1.0,0.3671875,1.0,0.0,1.0,1.0,logged future; non-reactive candidate-conditioned relabeling
3f2167ba8ae153ba,2021.06.09.18.23.43_veh-35_02086_02333,True,,12,8,1.0,1.0,1.0,1.0,1.0,1.0,logged future; non-reactive candidate-conditioned relabeling
3f3f1dca35b15e52,2021.06.09.17.23.18_veh-38_03425_04047,True,,12,8,1.0,1.0,1.0,1.0,1.0,1.0,logged future; non-reactive candidate-conditioned relabeling
40631646047153ce,2021.06.09.18.23.43_veh-35_02086_02333,True,,12,8,1.0,1.0,1.0,0.5,1.0,1.0,logged future; non-reactive candidate-conditioned relabeling
40647d0df87752f2,2021.09.14.18.43.41_veh-45_00965_01195,True,,12,8,1.0,0.6171875,1.0,0.0,1.0,1.0,logged future; non-reactive candidate-conditioned relabeling
40e239fed9c25be3,2021.06.09.18.23.43_veh-35_02086_02333,True,,12,8,1.0,1.0,1.0,1.0,1.0,1.0,logged future; non-reactive candidate-conditioned relabeling
41151e19772b531d,2021.09.14.18.43.41_veh-45_00965_01195,True,,12,8,1.0,0.234375,1.0,0.0,1.0,1.0,logged future; non-reactive candidate-conditioned relabeling
41271921fb6f5b97,2021.06.09.17.23.18_veh-38_03425_04047,True,,12,8,1.0,1.0,1.0,1.0,1.0,1.0,logged future; non-reactive candidate-conditioned relabeling
4138296007675467,2021.10.01.13.28.54_veh-28_01767_01883,True,,12,8,1.0,1.0,1.0,0.0,1.0,1.0,logged future; non-reactive candidate-conditioned relabeling
419167797c185a22,2021.06.09.17.23.18_veh-38_03425_04047,True,,12,8,1.0,1.0,1.0,0.0,1.0,1.0,logged future; non-reactive candidate-conditioned relabeling
419cc02586ca563c,2021.10.01.13.28.54_veh-28_01767_01883,True,,12,8,1.0,0.9921875,1.0,0.0,1.0,1.0,logged future; non-reactive candidate-conditioned relabeling
42706fcec339541b,2021.09.14.18.43.41_veh-45_00965_01195,True,,12,8,1.0,0.9375,1.0,0.0,1.0,1.0,logged future; non-reactive candidate-conditioned relabeling
4305ed820e295a7b,2021.06.09.18.23.43_veh-35_02086_02333,True,,12,8,1.0,0.5625,1.0,0.0,1.0,1.0,logged future; non-reactive candidate-conditioned relabeling
43939c47d84951fa,2021.06.14.16.48.02_veh-12_02412_02506,True,,12,8,1.0,1.0,1.0,1.0,1.0,1.0,logged future; non-reactive candidate-conditioned relabeling
4400376cfced5bec,2021.10.11.05.34.05_veh-50_01718_02261,True,,12,8,1.0,0.1015625,1.0,0.0,1.0,1.0,logged future; non-reactive candidate-conditioned relabeling
444e28100ad75b52,2021.06.09.17.23.18_veh-38_03425_04047,True,,12,8,1.0,1.0,1.0,0.75,1.0,1.0,logged future; non-reactive candidate-conditioned relabeling
44837765dfe257ea,2021.09.14.18.43.41_veh-45_00965_01195,True,,12,8,1.0,0.7890625,1.0,1.0,1.0,1.0,logged future; non-reactive candidate-conditioned relabeling
449e612761315a74,2021.09.14.18.43.41_veh-45_00965_01195,True,,12,8,1.0,0.0078125,0.125,0.0,1.0,1.0,logged future; non-reactive candidate-conditioned relabeling
453a71a67a105628,2021.09.14.18.43.41_veh-45_00965_01195,True,,12,8,1.0,0.7265625,1.0,1.0,1.0,1.0,logged future; non-reactive candidate-conditioned relabeling
45c77d83b57e5e4c,2021.06.14.16.48.02_veh-12_02412_02506,True,,12,8,1.0,1.0,1.0,0.0,1.0,1.0,logged future; non-reactive candidate-conditioned relabeling
463815f761ca5d0f,2021.10.11.05.34.05_veh-50_01718_02261,True,,12,8,1.0,0.3359375,1.0,1.0,1.0,1.0,logged future; non-reactive candidate-conditioned relabeling
4663427b76535770,2021.10.11.05.34.05_veh-50_01718_02261,True,,12,8,1.0,0.140625,1.0,0.0,1.0,1.0,logged future; non-reactive candidate-conditioned relabeling
4822fb01da6e5c66,2021.09.14.18.43.41_veh-45_00965_01195,True,,12,8,1.0,0.8984375,1.0,0.0,1.0,1.0,logged future; non-reactive candidate-conditioned relabeling
490d947225a55571,2021.09.14.18.43.41_veh-45_00965_01195,True,,12,8,1.0,0.921875,1.0,1.0,1.0,1.0,logged future; non-reactive candidate-conditioned relabeling
49b369fb8b5a5a87,2021.10.01.13.28.54_veh-28_01767_01883,True,,12,8,1.0,0.9921875,1.0,0.0,1.0,1.0,logged future; non-reactive candidate-conditioned relabeling
49bcf9e596ca5d52,2021.06.09.18.23.43_veh-35_02086_02333,True,,12,8,1.0,0.71875,1.0,0.375,1.0,1.0,logged future; non-reactive candidate-conditioned relabeling
4adc4cf4cfc75da4,2021.10.11.05.34.05_veh-50_01718_02261,True,,12,8,1.0,0.15625,1.0,0.0,1.0,1.0,logged future; non-reactive candidate-conditioned relabeling
4ba9137ea86750d1,2021.10.11.05.34.05_veh-50_01718_02261,True,,12,8,1.0,0.171875,1.0,0.0,1.0,1.0,logged future; non-reactive candidate-conditioned relabeling
4c3a4d20cfe75f61,2021.10.11.05.34.05_veh-50_01718_02261,True,,12,8,1.0,0.1640625,1.0,0.75,1.0,1.0,logged future; non-reactive candidate-conditioned relabeling
4c3d1302a0625576,2021.06.09.18.23.43_veh-35_02086_02333,True,,12,8,1.0,1.0,1.0,1.0,1.0,1.0,logged future; non-reactive candidate-conditioned relabeling
4c838dd386bd5e1c,2021.06.09.18.23.43_veh-35_02086_02333,True,,12,8,1.0,1.0,1.0,1.0,1.0,1.0,logged future; non-reactive candidate-conditioned relabeling
4cd6e40431e65081,2021.10.11.05.34.05_veh-50_01718_02261,True,,12,8,1.0,0.140625,1.0,0.0,1.0,1.0,logged future; non-reactive candidate-conditioned relabeling
4d729549f50450ee,2021.06.09.18.23.43_veh-35_02086_02333,True,,12,8,1.0,1.0,1.0,1.0,1.0,1.0,logged future; non-reactive candidate-conditioned relabeling
4dd5c9007edf5789,2021.09.14.18.43.41_veh-45_00965_01195,True,,12,8,1.0,0.7578125,1.0,1.0,1.0,1.0,logged future; non-reactive candidate-conditioned relabeling
4e4b68e07ec454aa,2021.09.14.18.43.41_veh-45_00965_01195,True,,12,8,1.0,1.0,1.0,1.0,1.0,1.0,logged future; non-reactive candidate-conditioned relabeling
4e651c3661db5ab1,2021.09.14.18.43.41_veh-45_00965_01195,True,,12,8,1.0,0.2890625,1.0,0.0,1.0,1.0,logged future; non-reactive candidate-conditioned relabeling
4f2570571bd35ea6,2021.06.09.17.23.18_veh-38_03425_04047,True,,12,8,1.0,1.0,1.0,0.0,1.0,1.0,logged future; non-reactive candidate-conditioned relabeling
4fcbfdb6104b5489,2021.06.09.18.23.43_veh-35_02086_02333,True,,12,8,1.0,1.0,1.0,0.75,1.0,1.0,logged future; non-reactive candidate-conditioned relabeling
4ffdb07c8b265a1f,2021.09.14.18.43.41_veh-45_00965_01195,True,,12,8,1.0,1.0,1.0,1.0,1.0,1.0,logged future; non-reactive candidate-conditioned relabeling
51c388f37316514d,2021.06.09.17.23.18_veh-38_03425_04047,True,,12,8,1.0,1.0,1.0,1.0,1.0,1.0,logged future; non-reactive candidate-conditioned relabeling
51c4c97139815d1a,2021.09.14.18.43.41_veh-45_00965_01195,True,,12,8,1.0,0.796875,1.0,0.0,1.0,1.0,logged future; non-reactive candidate-conditioned relabeling
523d6903969d577a,2021.06.09.18.23.43_veh-35_02086_02333,True,,12,8,1.0,0.5703125,1.0,0.0,1.0,1.0,logged future; non-reactive candidate-conditioned relabeling
52510b1f6a2c5f21,2021.06.09.18.23.43_veh-35_02086_02333,True,,12,8,1.0,1.0,1.0,1.0,1.0,1.0,logged future; non-reactive candidate-conditioned relabeling
5278feb1c10856c2,2021.10.01.13.28.54_veh-28_01767_01883,True,,12,8,1.0,1.0,1.0,0.0,1.0,1.0,logged future; non-reactive candidate-conditioned relabeling
55304ecc51755681,2021.06.09.17.23.18_veh-38_03425_04047,True,,12,8,1.0,1.0,1.0,1.0,1.0,1.0,logged future; non-reactive candidate-conditioned relabeling
5532c4cb47625129,2021.06.09.17.23.18_veh-38_03425_04047,True,,12,8,1.0,1.0,1.0,0.0,1.0,1.0,logged future; non-reactive candidate-conditioned relabeling
553ae01731b65355,2021.09.14.18.43.41_veh-45_00965_01195,True,,12,8,1.0,0.03125,0.25,0.0,1.0,1.0,logged future; non-reactive candidate-conditioned relabeling
558a5b88987f54f7,2021.09.14.18.43.41_veh-45_00965_01195,True,,12,8,1.0,0.3359375,1.0,0.0,1.0,1.0,logged future; non-reactive candidate-conditioned relabeling
55a4877961f6505b,2021.10.11.05.34.05_veh-50_01718_02261,True,,12,8,1.0,0.1640625,1.0,0.0,1.0,1.0,logged future; non-reactive candidate-conditioned relabeling
5619cf6f6489577e,2021.06.09.18.23.43_veh-35_02086_02333,True,,12,8,1.0,0.734375,1.0,0.375,1.0,1.0,logged future; non-reactive candidate-conditioned relabeling
561aa5f0ff7d507a,2021.06.09.18.23.43_veh-35_02086_02333,True,,12,8,1.0,1.0,1.0,1.0,1.0,1.0,logged future; non-reactive candidate-conditioned relabeling
567b6f2925415f3d,2021.10.01.13.28.54_veh-28_01767_01883,True,,12,8,1.0,1.0,1.0,0.0,1.0,1.0,logged future; non-reactive candidate-conditioned relabeling
56c54b97f4c95736,2021.06.09.17.23.18_veh-38_03425_04047,True,,12,8,1.0,1.0,1.0,1.0,1.0,1.0,logged future; non-reactive candidate-conditioned relabeling
56dc56bb57755100,2021.09.14.18.43.41_veh-45_00965_01195,True,,12,8,1.0,1.0,1.0,1.0,1.0,1.0,logged future; non-reactive candidate-conditioned relabeling
58782f34716e5058,2021.10.01.13.28.54_veh-28_01767_01883,True,,12,8,1.0,1.0,1.0,0.0,1.0,1.0,logged future; non-reactive candidate-conditioned relabeling
58c830af1efa5257,2021.06.09.18.23.43_veh-35_02086_02333,True,,12,8,1.0,0.59375,1.0,0.0,1.0,1.0,logged future; non-reactive candidate-conditioned relabeling
592b37821b345351,2021.09.14.18.43.41_veh-45_00965_01195,True,,12,8,1.0,0.3515625,1.0,0.0,1.0,1.0,logged future; non-reactive candidate-conditioned relabeling
59ea4c20b390527d,2021.06.09.17.23.18_veh-38_03425_04047,True,,12,8,1.0,1.0,1.0,0.0,1.0,1.0,logged future; non-reactive candidate-conditioned relabeling
59f3be62091959fd,2021.10.11.05.34.05_veh-50_01718_02261,True,,12,8,1.0,0.3828125,1.0,1.0,1.0,1.0,logged future; non-reactive candidate-conditioned relabeling
5aaf82d9ec5c5168,2021.09.14.18.43.41_veh-45_00965_01195,True,,12,8,1.0,0.375,1.0,0.0,1.0,1.0,logged future; non-reactive candidate-conditioned relabeling
5aef1594dead5a07,2021.06.14.16.48.02_veh-12_02412_02506,True,,12,8,1.0,1.0,1.0,0.0,1.0,1.0,logged future; non-reactive candidate-conditioned relabeling
5b5ec3e6d6485750,2021.09.14.18.43.41_veh-45_00965_01195,True,,12,8,1.0,1.0,1.0,1.0,1.0,1.0,logged future; non-reactive candidate-conditioned relabeling
5b6d1a803deb586f,2021.09.14.18.43.41_veh-45_00965_01195,True,,12,8,1.0,1.0,1.0,1.0,1.0,1.0,logged future; non-reactive candidate-conditioned relabeling
5bf5d76a6f3659fa,2021.09.14.18.43.41_veh-45_00965_01195,True,,12,8,1.0,1.0,1.0,1.0,1.0,1.0,logged future; non-reactive candidate-conditioned relabeling
5c11b7780c6f5924,2021.09.14.18.43.41_veh-45_00965_01195,True,,12,8,1.0,0.875,1.0,0.0,1.0,1.0,logged future; non-reactive candidate-conditioned relabeling
5c283c717ea65eff,2021.06.14.16.48.02_veh-12_02412_02506,True,,12,8,1.0,1.0,1.0,0.0,1.0,1.0,logged future; non-reactive candidate-conditioned relabeling
5c3dffa76a685f50,2021.06.14.16.48.02_veh-12_02412_02506,True,,12,8,1.0,1.0,1.0,0.0,1.0,1.0,logged future; non-reactive candidate-conditioned relabeling
5ce2916775495ca0,2021.10.11.05.34.05_veh-50_01718_02261,True,,12,8,1.0,0.109375,1.0,0.0,1.0,1.0,logged future; non-reactive candidate-conditioned relabeling
5d2b115ae2e15fb7,2021.10.11.05.34.05_veh-50_01718_02261,True,,12,8,1.0,0.140625,1.0,0.375,1.0,1.0,logged future; non-reactive candidate-conditioned relabeling
5d3f9e33b1ae5b50,2021.09.14.18.43.41_veh-45_00965_01195,True,,12,8,1.0,0.7578125,1.0,0.0,1.0,1.0,logged future; non-reactive candidate-conditioned relabeling
5ddccc6fcff05291,2021.09.14.18.43.41_veh-45_00965_01195,True,,12,8,1.0,0.1015625,0.5,0.0,1.0,1.0,logged future; non-reactive candidate-conditioned relabeling
5df8d69ca4475123,2021.06.09.17.23.18_veh-38_03425_04047,True,,12,8,1.0,1.0,1.0,1.0,1.0,1.0,logged future; non-reactive candidate-conditioned relabeling
5e61b75de2f65409,2021.06.09.17.23.18_veh-38_03425_04047,True,,12,8,1.0,1.0,1.0,0.5,1.0,1.0,logged future; non-reactive candidate-conditioned relabeling
5e933054619a5ced,2021.06.09.17.23.18_veh-38_03425_04047,True,,12,8,1.0,1.0,1.0,0.0,1.0,1.0,logged future; non-reactive candidate-conditioned relabeling
5e96eaf5ceca57a1,2021.06.09.18.23.43_veh-35_02086_02333,True,,12,8,1.0,1.0,1.0,0.875,1.0,1.0,logged future; non-reactive candidate-conditioned relabeling
5eccfea6539d57f2,2021.09.14.18.43.41_veh-45_00965_01195,True,,12,8,1.0,0.96875,1.0,1.0,1.0,1.0,logged future; non-reactive candidate-conditioned relabeling
5ece0a0e6d8652ac,2021.06.14.16.48.02_veh-12_02412_02506,True,,12,8,1.0,1.0,1.0,0.0,1.0,1.0,logged future; non-reactive candidate-conditioned relabeling
5f2d06cad58b5cf9,2021.06.09.17.23.18_veh-38_03425_04047,True,,12,8,1.0,1.0,1.0,1.0,1.0,1.0,logged future; non-reactive candidate-conditioned relabeling
5fea319f9b1c59e6,2021.06.09.18.23.43_veh-35_02086_02333,True,,12,8,1.0,1.0,1.0,1.0,1.0,1.0,logged future; non-reactive candidate-conditioned relabeling
6001a908de9c518a,2021.10.01.13.28.54_veh-28_01767_01883,True,,12,8,1.0,1.0,1.0,0.0,1.0,1.0,logged future; non-reactive candidate-conditioned relabeling
6049b02be43a5a23,2021.09.14.18.43.41_veh-45_00965_01195,True,,12,8,1.0,0.0,0.0,0.0,1.0,1.0,logged future; non-reactive candidate-conditioned relabeling
60523e8c9c5c57b1,2021.09.14.18.43.41_veh-45_00965_01195,True,,12,8,1.0,0.3203125,1.0,0.0,1.0,1.0,logged future; non-reactive candidate-conditioned relabeling
60706e0630b25c82,2021.10.01.13.28.54_veh-28_01767_01883,True,,12,8,1.0,1.0,1.0,0.0,1.0,1.0,logged future; non-reactive candidate-conditioned relabeling
61186f13f384525c,2021.06.09.18.23.43_veh-35_02086_02333,True,,12,8,1.0,0.671875,1.0,1.0,1.0,1.0,logged future; non-reactive candidate-conditioned relabeling
61a0edb63fac5177,2021.10.01.13.28.54_veh-28_01767_01883,True,,12,8,1.0,1.0,1.0,0.0,1.0,1.0,logged future; non-reactive candidate-conditioned relabeling
63001b527e555723,2021.09.14.18.43.41_veh-45_00965_01195,True,,12,8,1.0,0.1875,1.0,0.0,1.0,1.0,logged future; non-reactive candidate-conditioned relabeling
63403e5c9f045683,2021.09.14.18.43.41_veh-45_00965_01195,True,,12,8,1.0,0.5390625,1.0,0.0,1.0,1.0,logged future; non-reactive candidate-conditioned relabeling
634bf61a74a155e3,2021.10.11.05.34.05_veh-50_01718_02261,True,,12,8,1.0,0.0703125,1.0,0.0,1.0,1.0,logged future; non-reactive candidate-conditioned relabeling
659a86253f555420,2021.09.14.18.43.41_veh-45_00965_01195,True,,12,8,1.0,0.3671875,1.0,0.0,1.0,1.0,logged future; non-reactive candidate-conditioned relabeling
662a7f68c6f0562b,2021.10.11.05.34.05_veh-50_01718_02261,True,,12,8,1.0,0.0625,1.0,0.0,1.0,1.0,logged future; non-reactive candidate-conditioned relabeling
664f70145a5d52f7,2021.09.14.18.43.41_veh-45_00965_01195,True,,12,8,1.0,0.140625,0.625,0.0,1.0,1.0,logged future; non-reactive candidate-conditioned relabeling
666aa98878475353,2021.06.14.16.48.02_veh-12_02412_02506,True,,12,8,1.0,1.0,1.0,0.0,1.0,1.0,logged future; non-reactive candidate-conditioned relabeling
66a199ff3cc3598d,2021.09.14.18.43.41_veh-45_00965_01195,True,,12,8,1.0,0.1875,0.75,0.0,1.0,1.0,logged future; non-reactive candidate-conditioned relabeling
676b85e7733c5881,2021.06.09.17.23.18_veh-38_03425_04047,True,,12,8,1.0,1.0,1.0,0.0,1.0,1.0,logged future; non-reactive candidate-conditioned relabeling
678fff0875975490,2021.09.14.18.43.41_veh-45_00965_01195,True,,12,8,1.0,0.0,0.0,0.0,1.0,1.0,logged future; non-reactive candidate-conditioned relabeling
67a5f056420f5e39,2021.09.14.18.43.41_veh-45_00965_01195,True,,12,8,1.0,0.921875,1.0,1.0,1.0,1.0,logged future; non-reactive candidate-conditioned relabeling
6853b8c7445b5ccd,2021.10.11.05.34.05_veh-50_01718_02261,True,,12,8,1.0,0.21875,1.0,0.0,1.0,1.0,logged future; non-reactive candidate-conditioned relabeling
6899c79732245ee0,2021.06.09.17.23.18_veh-38_03425_04047,True,,12,8,1.0,1.0,1.0,0.0,1.0,1.0,logged future; non-reactive candidate-conditioned relabeling
6910763cb19e5c0d,2021.09.14.18.43.41_veh-45_00965_01195,True,,12,8,1.0,0.703125,1.0,0.625,1.0,1.0,logged future; non-reactive candidate-conditioned relabeling
69395c5bade05784,2021.09.14.18.43.41_veh-45_00965_01195,True,,12,8,1.0,0.2734375,1.0,0.0,1.0,1.0,logged future; non-reactive candidate-conditioned relabeling
6b0de122978c5d6c,2021.10.01.13.28.54_veh-28_01767_01883,True,,12,8,1.0,1.0,1.0,0.0,1.0,1.0,logged future; non-reactive candidate-conditioned relabeling
6ba2b45ee96a5580,2021.09.14.18.43.41_veh-45_00965_01195,True,,12,8,1.0,0.359375,1.0,0.0,1.0,1.0,logged future; non-reactive candidate-conditioned relabeling
6bdd282a97db513f,2021.06.09.17.23.18_veh-38_03425_04047,True,,12,8,1.0,1.0,1.0,0.75,1.0,1.0,logged future; non-reactive candidate-conditioned relabeling
6c54f87740ec5581,2021.09.14.18.43.41_veh-45_00965_01195,True,,12,8,1.0,0.3828125,1.0,0.0,1.0,1.0,logged future; non-reactive candidate-conditioned relabeling
6cae0a0bbb125c20,2021.10.11.05.34.05_veh-50_01718_02261,True,,12,8,1.0,0.296875,1.0,1.0,1.0,1.0,logged future; non-reactive candidate-conditioned relabeling
6d7bbcdf60ef58ed,2021.06.09.17.23.18_veh-38_03425_04047,True,,12,8,1.0,1.0,1.0,0.0,1.0,1.0,logged future; non-reactive candidate-conditioned relabeling
6d896e0a5e535e23,2021.06.09.17.23.18_veh-38_03425_04047,True,,12,8,1.0,1.0,1.0,1.0,1.0,1.0,logged future; non-reactive candidate-conditioned relabeling
6ef6b888fe135981,2021.09.14.18.43.41_veh-45_00965_01195,True,,12,8,1.0,0.375,1.0,0.0,1.0,1.0,logged future; non-reactive candidate-conditioned relabeling
6f856b3c3af95734,2021.06.14.16.48.02_veh-12_02412_02506,True,,12,8,1.0,1.0,1.0,0.0,1.0,1.0,logged future; non-reactive candidate-conditioned relabeling
6fb62627db8c5f0c,2021.06.09.18.23.43_veh-35_02086_02333,True,,12,8,1.0,1.0,1.0,1.0,1.0,1.0,logged future; non-reactive candidate-conditioned relabeling
71a33350d40e593f,2021.09.14.18.43.41_veh-45_00965_01195,True,,12,8,1.0,0.0,0.0,0.0,1.0,1.0,logged future; non-reactive candidate-conditioned relabeling
728d8cabf90c5de6,2021.09.14.18.43.41_veh-45_00965_01195,True,,12,8,1.0,0.3984375,1.0,0.25,1.0,1.0,logged future; non-reactive candidate-conditioned relabeling
72e5cf6ed52153a4,2021.06.09.18.23.43_veh-35_02086_02333,True,,12,8,1.0,1.0,1.0,1.0,1.0,1.0,logged future; non-reactive candidate-conditioned relabeling
7311a0b27f235d4a,2021.06.09.17.23.18_veh-38_03425_04047,True,,12,8,1.0,1.0,1.0,1.0,1.0,1.0,logged future; non-reactive candidate-conditioned relabeling
733ff86b5b2957c2,2021.06.09.18.23.43_veh-35_02086_02333,True,,12,8,1.0,1.0,1.0,0.125,1.0,1.0,logged future; non-reactive candidate-conditioned relabeling
7348a29aba705404,2021.06.09.18.23.43_veh-35_02086_02333,True,,12,8,1.0,1.0,1.0,1.0,1.0,1.0,logged future; non-reactive candidate-conditioned relabeling
73493994df89540a,2021.06.09.17.23.18_veh-38_03425_04047,True,,12,8,1.0,1.0,1.0,1.0,1.0,1.0,logged future; non-reactive candidate-conditioned relabeling
7421c60a2abe5f9e,2021.10.01.13.28.54_veh-28_01767_01883,True,,12,8,1.0,0.9921875,1.0,0.0,1.0,1.0,logged future; non-reactive candidate-conditioned relabeling
74aa8ba925475270,2021.09.14.18.43.41_veh-45_00965_01195,True,,12,8,1.0,0.3828125,1.0,0.0,1.0,1.0,logged future; non-reactive candidate-conditioned relabeling
74bcb0c7c64b5960,2021.10.11.05.34.05_veh-50_01718_02261,True,,12,8,1.0,0.1796875,1.0,0.0,1.0,1.0,logged future; non-reactive candidate-conditioned relabeling
74bfe312f4485b22,2021.06.09.18.23.43_veh-35_02086_02333,True,,12,8,1.0,1.0,1.0,1.0,1.0,1.0,logged future; non-reactive candidate-conditioned relabeling
74f3574134645a2d,2021.10.11.05.34.05_veh-50_01718_02261,True,,12,8,1.0,0.3203125,1.0,1.0,1.0,1.0,logged future; non-reactive candidate-conditioned relabeling
75108cca90f65be4,2021.09.14.18.43.41_veh-45_00965_01195,True,,12,8,1.0,0.2265625,1.0,0.0,1.0,1.0,logged future; non-reactive candidate-conditioned relabeling
75810017ce7c5729,2021.09.14.18.43.41_veh-45_00965_01195,True,,12,8,1.0,0.21875,1.0,0.0,1.0,1.0,logged future; non-reactive candidate-conditioned relabeling
75e1a2de195c5139,2021.06.09.17.23.18_veh-38_03425_04047,True,,12,8,1.0,1.0,1.0,1.0,1.0,1.0,logged future; non-reactive candidate-conditioned relabeling
7614a008fc5d5f54,2021.10.01.13.28.54_veh-28_01767_01883,True,,12,8,1.0,1.0,1.0,0.0,1.0,1.0,logged future; non-reactive candidate-conditioned relabeling
76715095dcba50b0,2021.09.14.18.43.41_veh-45_00965_01195,True,,12,8,1.0,0.359375,1.0,0.0,1.0,1.0,logged future; non-reactive candidate-conditioned relabeling
76a1fc66c8765640,2021.06.09.18.23.43_veh-35_02086_02333,True,,12,8,1.0,1.0,1.0,1.0,1.0,1.0,logged future; non-reactive candidate-conditioned relabeling
76ee867a127e5ab9,2021.09.14.18.43.41_veh-45_00965_01195,True,,12,8,1.0,0.6875,1.0,0.625,1.0,1.0,logged future; non-reactive candidate-conditioned relabeling
77fe126f85755c2a,2021.10.11.05.34.05_veh-50_01718_02261,True,,12,8,1.0,0.328125,1.0,0.0,1.0,1.0,logged future; non-reactive candidate-conditioned relabeling
7847339000cc5cbb,2021.09.14.18.43.41_veh-45_00965_01195,True,,12,8,1.0,0.234375,1.0,0.0,1.0,1.0,logged future; non-reactive candidate-conditioned relabeling
792e27ed6e5b5e24,2021.10.11.05.34.05_veh-50_01718_02261,True,,12,8,1.0,0.359375,1.0,0.0,1.0,1.0,logged future; non-reactive candidate-conditioned relabeling
7961f3601132526e,2021.09.14.18.43.41_veh-45_00965_01195,True,,12,8,1.0,1.0,1.0,1.0,1.0,1.0,logged future; non-reactive candidate-conditioned relabeling
797f5e1252b058c8,2021.06.09.18.23.43_veh-35_02086_02333,True,,12,8,1.0,1.0,1.0,1.0,1.0,1.0,logged future; non-reactive candidate-conditioned relabeling
7a0d27ce93f25679,2021.06.09.18.23.43_veh-35_02086_02333,True,,12,8,1.0,1.0,1.0,1.0,1.0,1.0,logged future; non-reactive candidate-conditioned relabeling
7a114b6a9bf95759,2021.06.09.18.23.43_veh-35_02086_02333,True,,12,8,1.0,1.0,1.0,1.0,1.0,1.0,logged future; non-reactive candidate-conditioned relabeling
7a8fa8cd83ee5664,2021.10.11.05.34.05_veh-50_01718_02261,True,,12,8,1.0,0.125,1.0,0.0,1.0,1.0,logged future; non-reactive candidate-conditioned relabeling
7acd6eb1e5ab5b86,2021.06.09.18.23.43_veh-35_02086_02333,True,,12,8,1.0,0.578125,1.0,0.0,1.0,1.0,logged future; non-reactive candidate-conditioned relabeling
7c93a457b8ec5b34,2021.06.09.17.23.18_veh-38_03425_04047,True,,12,8,1.0,1.0,1.0,1.0,1.0,1.0,logged future; non-reactive candidate-conditioned relabeling
7d2361cbbd935871,2021.06.09.18.23.43_veh-35_02086_02333,True,,12,8,1.0,1.0,1.0,1.0,1.0,1.0,logged future; non-reactive candidate-conditioned relabeling
7d383b57d2465ebb,2021.10.11.05.34.05_veh-50_01718_02261,True,,12,8,1.0,0.140625,1.0,0.5,1.0,1.0,logged future; non-reactive candidate-conditioned relabeling
7d5294e5ee28597a,2021.06.09.17.23.18_veh-38_03425_04047,True,,12,8,1.0,1.0,1.0,1.0,1.0,1.0,logged future; non-reactive candidate-conditioned relabeling
7e27117eafe35efb,2021.06.09.17.23.18_veh-38_03425_04047,True,,12,8,1.0,1.0,1.0,1.0,1.0,1.0,logged future; non-reactive candidate-conditioned relabeling
7f1f2fcc39db53cc,2021.06.09.17.23.18_veh-38_03425_04047,True,,12,8,1.0,1.0,1.0,0.0,1.0,1.0,logged future; non-reactive candidate-conditioned relabeling
80bb843236195a45,2021.10.01.13.28.54_veh-28_01767_01883,True,,12,8,1.0,1.0,1.0,0.0,1.0,1.0,logged future; non-reactive candidate-conditioned relabeling
8111bebf2fd65565,2021.10.11.05.34.05_veh-50_01718_02261,True,,12,8,1.0,0.21875,1.0,0.0,1.0,1.0,logged future; non-reactive candidate-conditioned relabeling
81360bfb62205a5b,2021.06.09.17.23.18_veh-38_03425_04047,True,,12,8,1.0,1.0,1.0,1.0,1.0,1.0,logged future; non-reactive candidate-conditioned relabeling
824c667524bd54be,2021.09.14.18.43.41_veh-45_00965_01195,True,,12,8,1.0,1.0,1.0,1.0,1.0,1.0,logged future; non-reactive candidate-conditioned relabeling
832d48e374e55a5f,2021.10.11.05.34.05_veh-50_01718_02261,True,,12,8,1.0,0.0625,1.0,0.0,1.0,1.0,logged future; non-reactive candidate-conditioned relabeling
83504b200d7d553e,2021.06.14.16.48.02_veh-12_02412_02506,True,,12,8,1.0,1.0,1.0,1.0,1.0,1.0,logged future; non-reactive candidate-conditioned relabeling
83959b87ed8e5cf4,2021.09.14.18.43.41_veh-45_00965_01195,True,,12,8,1.0,0.40625,1.0,0.375,1.0,1.0,logged future; non-reactive candidate-conditioned relabeling
851c9b1c3afe5cc8,2021.10.11.05.34.05_veh-50_01718_02261,True,,12,8,1.0,0.1796875,1.0,0.875,1.0,1.0,logged future; non-reactive candidate-conditioned relabeling
8672e3382a465261,2021.10.11.05.34.05_veh-50_01718_02261,True,,12,8,1.0,0.234375,1.0,0.0,1.0,1.0,logged future; non-reactive candidate-conditioned relabeling
867a6ffa7b8556c9,2021.10.01.13.28.54_veh-28_01767_01883,True,,12,8,1.0,1.0,1.0,0.0,1.0,1.0,logged future; non-reactive candidate-conditioned relabeling
868641d8cbb35e7f,2021.10.11.05.34.05_veh-50_01718_02261,True,,12,8,1.0,0.1875,1.0,0.0,1.0,1.0,logged future; non-reactive candidate-conditioned relabeling
86bf9ad9b6ba5d6a,2021.06.09.18.23.43_veh-35_02086_02333,True,,12,8,1.0,1.0,1.0,1.0,1.0,1.0,logged future; non-reactive candidate-conditioned relabeling
86d1ad43aabf5584,2021.06.09.17.23.18_veh-38_03425_04047,True,,12,8,1.0,1.0,1.0,1.0,1.0,1.0,logged future; non-reactive candidate-conditioned relabeling
86fa5c1e10d3528b,2021.06.09.18.23.43_veh-35_02086_02333,True,,12,8,1.0,1.0,1.0,1.0,1.0,1.0,logged future; non-reactive candidate-conditioned relabeling
871c9c049ca559a2,2021.10.11.05.34.05_veh-50_01718_02261,True,,12,8,1.0,0.15625,1.0,0.0,1.0,1.0,logged future; non-reactive candidate-conditioned relabeling
87614427be85525b,2021.10.11.05.34.05_veh-50_01718_02261,True,,12,8,1.0,0.15625,1.0,0.0,1.0,1.0,logged future; non-reactive candidate-conditioned relabeling
87ce28ca979b5a9f,2021.10.11.05.34.05_veh-50_01718_02261,True,,12,8,1.0,0.0625,1.0,0.0,1.0,1.0,logged future; non-reactive candidate-conditioned relabeling
891f2ba66dcb5a33,2021.10.11.05.34.05_veh-50_01718_02261,True,,12,8,1.0,0.3515625,1.0,0.0,1.0,1.0,logged future; non-reactive candidate-conditioned relabeling
8b2165b89f1d51c7,2021.06.09.17.23.18_veh-38_03425_04047,True,,12,8,1.0,1.0,1.0,1.0,1.0,1.0,logged future; non-reactive candidate-conditioned relabeling
8b6932233cba5181,2021.06.09.17.23.18_veh-38_03425_04047,True,,12,8,1.0,1.0,1.0,1.0,1.0,1.0,logged future; non-reactive candidate-conditioned relabeling
8b814c20c5045137,2021.09.14.18.43.41_veh-45_00965_01195,True,,12,8,1.0,0.4453125,1.0,0.0,1.0,1.0,logged future; non-reactive candidate-conditioned relabeling
8b9e00aa0087525a,2021.06.14.16.48.02_veh-12_02412_02506,True,,12,8,1.0,1.0,1.0,1.0,1.0,1.0,logged future; non-reactive candidate-conditioned relabeling
8bf42f340d7454d7,2021.10.11.05.34.05_veh-50_01718_02261,True,,12,8,1.0,0.09375,1.0,0.0,1.0,1.0,logged future; non-reactive candidate-conditioned relabeling
8d2ea099ef3c5cc4,2021.06.14.16.48.02_veh-12_02412_02506,True,,12,8,1.0,1.0,1.0,1.0,1.0,1.0,logged future; non-reactive candidate-conditioned relabeling
8d420cdf5f2b57fb,2021.10.11.05.34.05_veh-50_01718_02261,True,,12,8,1.0,0.15625,1.0,0.0,1.0,1.0,logged future; non-reactive candidate-conditioned relabeling
8d7ecd3bc420532c,2021.06.09.17.23.18_veh-38_03425_04047,True,,12,8,1.0,1.0,1.0,1.0,1.0,1.0,logged future; non-reactive candidate-conditioned relabeling
8dff20d442855db7,2021.06.09.18.23.43_veh-35_02086_02333,True,,12,8,1.0,1.0,1.0,1.0,1.0,1.0,logged future; non-reactive candidate-conditioned relabeling
8e064e9c0eeb5a2d,2021.06.09.18.23.43_veh-35_02086_02333,True,,12,8,1.0,1.0,1.0,1.0,1.0,1.0,logged future; non-reactive candidate-conditioned relabeling
8fc159b5dc0a5b60,2021.10.11.05.34.05_veh-50_01718_02261,True,,12,8,1.0,0.1640625,1.0,0.0,1.0,1.0,logged future; non-reactive candidate-conditioned relabeling
90177e3f57fe540f,2021.06.09.18.23.43_veh-35_02086_02333,True,,12,8,1.0,1.0,1.0,1.0,1.0,1.0,logged future; non-reactive candidate-conditioned relabeling
90a13e4a6ad65423,2021.06.14.16.48.02_veh-12_02412_02506,True,,12,8,1.0,1.0,1.0,0.0,1.0,1.0,logged future; non-reactive candidate-conditioned relabeling
90bfdfc5853b5e5c,2021.06.09.18.23.43_veh-35_02086_02333,True,,12,8,1.0,1.0,1.0,1.0,1.0,1.0,logged future; non-reactive candidate-conditioned relabeling
91b301f1d8105146,2021.10.11.05.34.05_veh-50_01718_02261,True,,12,8,1.0,0.0625,1.0,0.0,1.0,1.0,logged future; non-reactive candidate-conditioned relabeling
91bf7a03443c58f1,2021.06.09.18.23.43_veh-35_02086_02333,True,,12,8,1.0,1.0,1.0,1.0,1.0,1.0,logged future; non-reactive candidate-conditioned relabeling
92d7886d38a95916,2021.09.14.18.43.41_veh-45_00965_01195,True,,12,8,1.0,0.2265625,1.0,0.0,1.0,1.0,logged future; non-reactive candidate-conditioned relabeling
93247bc8e60f54e5,2021.06.09.18.23.43_veh-35_02086_02333,True,,12,8,1.0,1.0,1.0,1.0,1.0,1.0,logged future; non-reactive candidate-conditioned relabeling
938e31bfeff150ec,2021.09.14.18.43.41_veh-45_00965_01195,True,,12,8,1.0,0.1796875,1.0,0.0,1.0,1.0,logged future; non-reactive candidate-conditioned relabeling
93b6318f8d155bf9,2021.10.11.05.34.05_veh-50_01718_02261,True,,12,8,1.0,0.3671875,1.0,0.0,1.0,1.0,logged future; non-reactive candidate-conditioned relabeling
93cd706ebf6e53ed,2021.10.01.13.28.54_veh-28_01767_01883,True,,12,8,1.0,1.0,1.0,0.0,1.0,1.0,logged future; non-reactive candidate-conditioned relabeling
9471984057d55733,2021.10.11.05.34.05_veh-50_01718_02261,True,,12,8,1.0,0.125,1.0,0.0,1.0,1.0,logged future; non-reactive candidate-conditioned relabeling
9500a3fc31b654a0,2021.10.11.05.34.05_veh-50_01718_02261,True,,12,8,1.0,0.203125,1.0,0.0,1.0,1.0,logged future; non-reactive candidate-conditioned relabeling
95c4840b51555155,2021.10.01.13.28.54_veh-28_01767_01883,True,,12,8,1.0,0.9921875,1.0,0.0,1.0,1.0,logged future; non-reactive candidate-conditioned relabeling
9609ef4d6401578a,2021.10.01.13.28.54_veh-28_01767_01883,True,,12,8,1.0,1.0,1.0,0.0,1.0,1.0,logged future; non-reactive candidate-conditioned relabeling
96394c1242245d68,2021.10.01.13.28.54_veh-28_01767_01883,True,,12,8,1.0,1.0,1.0,0.0,1.0,1.0,logged future; non-reactive candidate-conditioned relabeling
976931c58dee5fe2,2021.10.11.05.34.05_veh-50_01718_02261,True,,12,8,1.0,0.0625,1.0,0.0,1.0,1.0,logged future; non-reactive candidate-conditioned relabeling
9770eb9ae112594d,2021.10.11.05.34.05_veh-50_01718_02261,True,,12,8,1.0,0.3671875,1.0,0.0,1.0,1.0,logged future; non-reactive candidate-conditioned relabeling
983ae5e1fd35567d,2021.06.09.18.23.43_veh-35_02086_02333,True,,12,8,1.0,1.0,1.0,1.0,1.0,1.0,logged future; non-reactive candidate-conditioned relabeling
987fb6ca1c495fc7,2021.06.09.18.23.43_veh-35_02086_02333,True,,12,8,1.0,1.0,1.0,1.0,1.0,1.0,logged future; non-reactive candidate-conditioned relabeling
98bbf1d2f30c54a4,2021.09.14.18.43.41_veh-45_00965_01195,True,,12,8,1.0,0.453125,1.0,0.0,1.0,1.0,logged future; non-reactive candidate-conditioned relabeling
98fa19c8b6d25b14,2021.09.14.18.43.41_veh-45_00965_01195,True,,12,8,1.0,1.0,1.0,1.0,1.0,1.0,logged future; non-reactive candidate-conditioned relabeling
9a474db019035b96,2021.06.09.17.23.18_veh-38_03425_04047,True,,12,8,1.0,1.0,1.0,1.0,1.0,1.0,logged future; non-reactive candidate-conditioned relabeling
9ac23c9356f651a0,2021.09.14.18.43.41_veh-45_00965_01195,True,,12,8,1.0,1.0,1.0,1.0,1.0,1.0,logged future; non-reactive candidate-conditioned relabeling
9b87b9c9ec205ea9,2021.06.09.18.23.43_veh-35_02086_02333,True,,12,8,1.0,1.0,1.0,1.0,1.0,1.0,logged future; non-reactive candidate-conditioned relabeling
9cabc8a8262f5492,2021.10.11.05.34.05_veh-50_01718_02261,True,,12,8,1.0,0.1953125,1.0,0.0,1.0,1.0,logged future; non-reactive candidate-conditioned relabeling
9d116d9322ab5bda,2021.10.01.13.28.54_veh-28_01767_01883,True,,12,8,1.0,1.0,1.0,0.0,1.0,1.0,logged future; non-reactive candidate-conditioned relabeling
9dc0094c68af5429,2021.10.11.05.34.05_veh-50_01718_02261,True,,12,8,1.0,0.1640625,1.0,0.0,1.0,1.0,logged future; non-reactive candidate-conditioned relabeling
9fdc68f923ea514b,2021.09.14.18.43.41_veh-45_00965_01195,True,,12,8,1.0,0.2265625,1.0,0.0,1.0,1.0,logged future; non-reactive candidate-conditioned relabeling
a0a39ad571695f96,2021.10.01.13.28.54_veh-28_01767_01883,True,,12,8,1.0,1.0,1.0,0.0,1.0,1.0,logged future; non-reactive candidate-conditioned relabeling
a215fb05ac195f2d,2021.06.09.17.23.18_veh-38_03425_04047,True,,12,8,1.0,1.0,1.0,1.0,1.0,1.0,logged future; non-reactive candidate-conditioned relabeling
a2ea0b115640522a,2021.06.09.17.23.18_veh-38_03425_04047,True,,12,8,1.0,1.0,1.0,0.0,1.0,1.0,logged future; non-reactive candidate-conditioned relabeling
a3584c10f70257d4,2021.09.14.18.43.41_veh-45_00965_01195,True,,12,8,1.0,0.390625,1.0,0.0,1.0,1.0,logged future; non-reactive candidate-conditioned relabeling
a43569ff6da35a73,2021.06.14.16.48.02_veh-12_02412_02506,True,,12,8,1.0,1.0,1.0,0.125,1.0,1.0,logged future; non-reactive candidate-conditioned relabeling
a51206a4a7795d81,2021.09.14.18.43.41_veh-45_00965_01195,True,,12,8,1.0,0.625,1.0,1.0,1.0,1.0,logged future; non-reactive candidate-conditioned relabeling
a59b1b9696e552c8,2021.10.01.13.28.54_veh-28_01767_01883,True,,12,8,1.0,1.0,1.0,0.0,1.0,1.0,logged future; non-reactive candidate-conditioned relabeling
a6d32f07d14a5bf5,2021.09.14.18.43.41_veh-45_00965_01195,True,,12,8,1.0,0.375,1.0,0.0,1.0,1.0,logged future; non-reactive candidate-conditioned relabeling
a847f1c0944f5f0b,2021.10.11.05.34.05_veh-50_01718_02261,True,,12,8,1.0,0.3359375,1.0,0.0,1.0,1.0,logged future; non-reactive candidate-conditioned relabeling
a897649652745973,2021.10.11.05.34.05_veh-50_01718_02261,True,,12,8,1.0,0.34375,1.0,0.0,1.0,1.0,logged future; non-reactive candidate-conditioned relabeling
a8b7d3efb9355f73,2021.06.14.16.48.02_veh-12_02412_02506,True,,12,8,1.0,1.0,1.0,0.0,1.0,1.0,logged future; non-reactive candidate-conditioned relabeling
a8c18c1e001b5f88,2021.10.11.05.34.05_veh-50_01718_02261,True,,12,8,1.0,0.0703125,1.0,0.0,1.0,1.0,logged future; non-reactive candidate-conditioned relabeling
aaea16034ac75c47,2021.06.09.17.23.18_veh-38_03425_04047,True,,12,8,1.0,1.0,1.0,0.0,1.0,1.0,logged future; non-reactive candidate-conditioned relabeling
ab080d6f31a95fd9,2021.09.14.18.43.41_veh-45_00965_01195,True,,12,8,1.0,1.0,1.0,1.0,1.0,1.0,logged future; non-reactive candidate-conditioned relabeling
ab10765930ad5a20,2021.06.14.16.48.02_veh-12_02412_02506,True,,12,8,1.0,1.0,1.0,0.0,1.0,1.0,logged future; non-reactive candidate-conditioned relabeling
ab138e8254cc58b2,2021.06.09.18.23.43_veh-35_02086_02333,True,,12,8,1.0,0.6328125,1.0,1.0,1.0,1.0,logged future; non-reactive candidate-conditioned relabeling
ac54c2ab72bd54f7,2021.06.09.18.23.43_veh-35_02086_02333,True,,12,8,1.0,1.0,1.0,1.0,1.0,1.0,logged future; non-reactive candidate-conditioned relabeling
ad9301a5ad0150da,2021.09.14.18.43.41_veh-45_00965_01195,True,,12,8,1.0,0.3359375,1.0,0.0,1.0,1.0,logged future; non-reactive candidate-conditioned relabeling
adaee9d687ef5373,2021.09.14.18.43.41_veh-45_00965_01195,True,,12,8,1.0,0.71875,1.0,0.875,1.0,1.0,logged future; non-reactive candidate-conditioned relabeling
af2a3d12240a5cbf,2021.06.14.16.48.02_veh-12_02412_02506,True,,12,8,1.0,1.0,1.0,1.0,1.0,1.0,logged future; non-reactive candidate-conditioned relabeling
aff04d0eedb75da1,2021.10.01.13.28.54_veh-28_01767_01883,True,,12,8,1.0,1.0,1.0,0.0,1.0,1.0,logged future; non-reactive candidate-conditioned relabeling
affe5c64e20950a3,2021.06.09.18.23.43_veh-35_02086_02333,True,,12,8,1.0,1.0,1.0,1.0,1.0,1.0,logged future; non-reactive candidate-conditioned relabeling
b20fa0a31f2f5a0b,2021.06.09.18.23.43_veh-35_02086_02333,True,,12,8,1.0,0.28125,1.0,0.25,1.0,1.0,logged future; non-reactive candidate-conditioned relabeling
b2849b8006af5845,2021.06.09.18.23.43_veh-35_02086_02333,True,,12,8,1.0,1.0,1.0,1.0,1.0,1.0,logged future; non-reactive candidate-conditioned relabeling
b2d9a3231f2e5caa,2021.06.09.17.23.18_veh-38_03425_04047,True,,12,8,1.0,1.0,1.0,1.0,1.0,1.0,logged future; non-reactive candidate-conditioned relabeling
b386c68ddcc65cc2,2021.09.14.18.43.41_veh-45_00965_01195,True,,12,8,1.0,0.3828125,1.0,0.0,1.0,1.0,logged future; non-reactive candidate-conditioned relabeling
b459ef4f206654aa,2021.06.09.18.23.43_veh-35_02086_02333,True,,12,8,1.0,1.0,1.0,1.0,1.0,1.0,logged future; non-reactive candidate-conditioned relabeling
b5ea605fa54653d8,2021.06.09.18.23.43_veh-35_02086_02333,True,,12,8,1.0,1.0,1.0,1.0,1.0,1.0,logged future; non-reactive candidate-conditioned relabeling
b6110c8d125856b2,2021.06.09.17.23.18_veh-38_03425_04047,True,,12,8,1.0,1.0,1.0,0.625,1.0,1.0,logged future; non-reactive candidate-conditioned relabeling
b6217c9fbc4c50b0,2021.10.01.13.28.54_veh-28_01767_01883,True,,12,8,1.0,1.0,1.0,0.0,1.0,1.0,logged future; non-reactive candidate-conditioned relabeling
b6b5da2172755c64,2021.09.14.18.43.41_veh-45_00965_01195,True,,12,8,1.0,0.390625,1.0,0.0,1.0,1.0,logged future; non-reactive candidate-conditioned relabeling
b6eab60172fa5af7,2021.10.11.05.34.05_veh-50_01718_02261,True,,12,8,1.0,0.078125,1.0,0.0,1.0,1.0,logged future; non-reactive candidate-conditioned relabeling
b70801e868a052e3,2021.06.09.18.23.43_veh-35_02086_02333,True,,12,8,1.0,1.0,1.0,1.0,1.0,1.0,logged future; non-reactive candidate-conditioned relabeling
b7316bdf1bc257aa,2021.10.01.13.28.54_veh-28_01767_01883,True,,12,8,1.0,1.0,1.0,0.0,1.0,1.0,logged future; non-reactive candidate-conditioned relabeling
b7581f802fec52f5,2021.06.09.18.23.43_veh-35_02086_02333,True,,12,8,1.0,1.0,1.0,1.0,1.0,1.0,logged future; non-reactive candidate-conditioned relabeling
b83672a64a3d5fbe,2021.06.09.17.23.18_veh-38_03425_04047,True,,12,8,1.0,1.0,1.0,0.0,1.0,1.0,logged future; non-reactive candidate-conditioned relabeling
b83b9e9d866d513e,2021.06.09.18.23.43_veh-35_02086_02333,True,,12,8,1.0,1.0,1.0,1.0,1.0,1.0,logged future; non-reactive candidate-conditioned relabeling
b8f2939cfa3152a4,2021.09.14.18.43.41_veh-45_00965_01195,True,,12,8,1.0,0.6640625,1.0,0.625,1.0,1.0,logged future; non-reactive candidate-conditioned relabeling
b9ca1d029538547f,2021.06.09.17.23.18_veh-38_03425_04047,True,,12,8,1.0,1.0,1.0,1.0,1.0,1.0,logged future; non-reactive candidate-conditioned relabeling
b9e0171648d15359,2021.09.14.18.43.41_veh-45_00965_01195,True,,12,8,1.0,0.734375,1.0,1.0,1.0,1.0,logged future; non-reactive candidate-conditioned relabeling
ba10863535c454d8,2021.10.11.05.34.05_veh-50_01718_02261,True,,12,8,1.0,0.234375,1.0,0.0,1.0,1.0,logged future; non-reactive candidate-conditioned relabeling
baca0733d00b541e,2021.06.09.18.23.43_veh-35_02086_02333,True,,12,8,1.0,1.0,1.0,1.0,1.0,1.0,logged future; non-reactive candidate-conditioned relabeling
badc3b813f185818,2021.06.09.17.23.18_veh-38_03425_04047,True,,12,8,1.0,1.0,1.0,1.0,1.0,1.0,logged future; non-reactive candidate-conditioned relabeling
bb64d35c7097534d,2021.06.09.18.23.43_veh-35_02086_02333,True,,12,8,1.0,1.0,1.0,1.0,1.0,1.0,logged future; non-reactive candidate-conditioned relabeling
bba5f8c48e0a58d1,2021.06.09.17.23.18_veh-38_03425_04047,True,,12,8,1.0,1.0,1.0,0.0,1.0,1.0,logged future; non-reactive candidate-conditioned relabeling
bc25b09469835c30,2021.06.09.17.23.18_veh-38_03425_04047,True,,12,8,1.0,1.0,1.0,1.0,1.0,1.0,logged future; non-reactive candidate-conditioned relabeling
bcbd298c34815db0,2021.06.14.16.48.02_veh-12_02412_02506,True,,12,8,1.0,1.0,1.0,0.0,1.0,1.0,logged future; non-reactive candidate-conditioned relabeling
bdae8e64697959c5,2021.10.01.13.28.54_veh-28_01767_01883,True,,12,8,1.0,1.0,1.0,0.0,1.0,1.0,logged future; non-reactive candidate-conditioned relabeling
bf899fdd0a5b5da2,2021.06.09.17.23.18_veh-38_03425_04047,True,,12,8,1.0,1.0,1.0,1.0,1.0,1.0,logged future; non-reactive candidate-conditioned relabeling
bfa119976b9a5a6c,2021.10.11.05.34.05_veh-50_01718_02261,True,,12,8,1.0,0.0625,1.0,0.0,1.0,1.0,logged future; non-reactive candidate-conditioned relabeling
bfb29ecb182b5d3f,2021.06.09.18.23.43_veh-35_02086_02333,True,,12,8,1.0,1.0,1.0,1.0,1.0,1.0,logged future; non-reactive candidate-conditioned relabeling
bfca1d0aa29f5478,2021.06.09.18.23.43_veh-35_02086_02333,True,,12,8,1.0,1.0,1.0,1.0,1.0,1.0,logged future; non-reactive candidate-conditioned relabeling
c0a19a6e723b54a0,2021.06.09.17.23.18_veh-38_03425_04047,True,,12,8,1.0,1.0,1.0,1.0,1.0,1.0,logged future; non-reactive candidate-conditioned relabeling
c181bd8086e65edf,2021.06.09.18.23.43_veh-35_02086_02333,True,,12,8,1.0,1.0,1.0,1.0,1.0,1.0,logged future; non-reactive candidate-conditioned relabeling
c18589c91494514b,2021.10.01.13.28.54_veh-28_01767_01883,True,,12,8,1.0,1.0,1.0,0.0,1.0,1.0,logged future; non-reactive candidate-conditioned relabeling
c194672624b05822,2021.09.14.18.43.41_veh-45_00965_01195,True,,12,8,1.0,0.3515625,1.0,0.0,1.0,1.0,logged future; non-reactive candidate-conditioned relabeling
c1c428c0db3a5ad6,2021.06.09.18.23.43_veh-35_02086_02333,True,,12,8,1.0,1.0,1.0,1.0,1.0,1.0,logged future; non-reactive candidate-conditioned relabeling
c1eb25c02b4859e9,2021.09.14.18.43.41_veh-45_00965_01195,True,,12,8,1.0,0.8828125,1.0,0.0,1.0,1.0,logged future; non-reactive candidate-conditioned relabeling
c22fb3f21ef65b28,2021.09.14.18.43.41_veh-45_00965_01195,True,,12,8,1.0,0.0859375,0.625,0.0,1.0,1.0,logged future; non-reactive candidate-conditioned relabeling
c26438cc3f0955d5,2021.09.14.18.43.41_veh-45_00965_01195,True,,12,8,1.0,0.0234375,0.25,0.0,1.0,1.0,logged future; non-reactive candidate-conditioned relabeling
c330bf382804553a,2021.06.09.17.23.18_veh-38_03425_04047,True,,12,8,1.0,1.0,1.0,1.0,1.0,1.0,logged future; non-reactive candidate-conditioned relabeling
c4776c14058d51ab,2021.09.14.18.43.41_veh-45_00965_01195,True,,12,8,1.0,0.2890625,1.0,0.0,1.0,1.0,logged future; non-reactive candidate-conditioned relabeling
c493e53228fe519b,2021.06.09.17.23.18_veh-38_03425_04047,True,,12,8,1.0,1.0,1.0,1.0,1.0,1.0,logged future; non-reactive candidate-conditioned relabeling
c4ab0f65cad75d96,2021.09.14.18.43.41_veh-45_00965_01195,True,,12,8,1.0,0.84375,1.0,0.0,1.0,1.0,logged future; non-reactive candidate-conditioned relabeling
c50e02fb21105e45,2021.09.14.18.43.41_veh-45_00965_01195,True,,12,8,1.0,0.4921875,1.0,0.0,1.0,1.0,logged future; non-reactive candidate-conditioned relabeling
c5629f07cff958cb,2021.09.14.18.43.41_veh-45_00965_01195,True,,12,8,1.0,0.0,0.0,0.0,1.0,1.0,logged future; non-reactive candidate-conditioned relabeling
c58be28576b357e2,2021.06.09.18.23.43_veh-35_02086_02333,True,,12,8,1.0,1.0,1.0,1.0,1.0,1.0,logged future; non-reactive candidate-conditioned relabeling
c5a40bd4b9d85494,2021.06.09.18.23.43_veh-35_02086_02333,True,,12,8,1.0,1.0,1.0,1.0,1.0,1.0,logged future; non-reactive candidate-conditioned relabeling
c5b7e7c13c925dd6,2021.06.09.17.23.18_veh-38_03425_04047,True,,12,8,1.0,1.0,1.0,1.0,1.0,1.0,logged future; non-reactive candidate-conditioned relabeling
c7fe9d9a057450a8,2021.09.14.18.43.41_veh-45_00965_01195,True,,12,8,1.0,0.015625,0.125,0.0,1.0,1.0,logged future; non-reactive candidate-conditioned relabeling
c93a870a162154e1,2021.09.14.18.43.41_veh-45_00965_01195,True,,12,8,1.0,0.6875,1.0,1.0,1.0,1.0,logged future; non-reactive candidate-conditioned relabeling
c9e746b6694e5ec1,2021.10.11.05.34.05_veh-50_01718_02261,True,,12,8,1.0,0.15625,1.0,0.0,1.0,1.0,logged future; non-reactive candidate-conditioned relabeling
cb61af732abb5e73,2021.09.14.18.43.41_veh-45_00965_01195,True,,12,8,1.0,0.9296875,1.0,1.0,1.0,1.0,logged future; non-reactive candidate-conditioned relabeling
cbd88f6d5c065d0e,2021.10.11.05.34.05_veh-50_01718_02261,True,,12,8,1.0,0.375,1.0,1.0,1.0,1.0,logged future; non-reactive candidate-conditioned relabeling
cca27e5541ed5373,2021.06.09.18.23.43_veh-35_02086_02333,True,,12,8,1.0,1.0,1.0,1.0,1.0,1.0,logged future; non-reactive candidate-conditioned relabeling
ccfa38c00b055998,2021.06.14.16.48.02_veh-12_02412_02506,True,,12,8,1.0,1.0,1.0,0.0,1.0,1.0,logged future; non-reactive candidate-conditioned relabeling
cd4cde1b618250cd,2021.06.09.18.23.43_veh-35_02086_02333,True,,12,8,1.0,1.0,1.0,1.0,1.0,1.0,logged future; non-reactive candidate-conditioned relabeling
ce544165f51b5cbe,2021.06.09.17.23.18_veh-38_03425_04047,True,,12,8,1.0,1.0,1.0,1.0,1.0,1.0,logged future; non-reactive candidate-conditioned relabeling
cee3165face85719,2021.06.09.17.23.18_veh-38_03425_04047,True,,12,8,1.0,1.0,1.0,1.0,1.0,1.0,logged future; non-reactive candidate-conditioned relabeling
cf43a824a2685fc1,2021.06.09.17.23.18_veh-38_03425_04047,True,,12,8,1.0,1.0,1.0,0.75,1.0,1.0,logged future; non-reactive candidate-conditioned relabeling
cffe6f55f8c75c23,2021.10.01.13.28.54_veh-28_01767_01883,True,,12,8,1.0,1.0,1.0,0.0,1.0,1.0,logged future; non-reactive candidate-conditioned relabeling
d05fb22218e85127,2021.09.14.18.43.41_veh-45_00965_01195,True,,12,8,1.0,0.8359375,1.0,1.0,1.0,1.0,logged future; non-reactive candidate-conditioned relabeling
d2416cb2f57056b0,2021.06.09.17.23.18_veh-38_03425_04047,True,,12,8,1.0,1.0,1.0,0.0,1.0,1.0,logged future; non-reactive candidate-conditioned relabeling
d2cccf76816c5c12,2021.10.01.13.28.54_veh-28_01767_01883,True,,12,8,1.0,1.0,1.0,0.0,1.0,1.0,logged future; non-reactive candidate-conditioned relabeling
d2cceb68a7c45bb4,2021.06.09.18.23.43_veh-35_02086_02333,True,,12,8,1.0,1.0,1.0,1.0,1.0,1.0,logged future; non-reactive candidate-conditioned relabeling
d4c7c39842b05a62,2021.06.09.17.23.18_veh-38_03425_04047,True,,12,8,1.0,1.0,1.0,1.0,1.0,1.0,logged future; non-reactive candidate-conditioned relabeling
d4da05493b3e54e5,2021.06.09.17.23.18_veh-38_03425_04047,True,,12,8,1.0,1.0,1.0,1.0,1.0,1.0,logged future; non-reactive candidate-conditioned relabeling
d532a491805651f1,2021.06.09.17.23.18_veh-38_03425_04047,True,,12,8,1.0,1.0,1.0,1.0,1.0,1.0,logged future; non-reactive candidate-conditioned relabeling
d6254a337d045939,2021.09.14.18.43.41_veh-45_00965_01195,True,,12,8,1.0,0.234375,1.0,0.0,1.0,1.0,logged future; non-reactive candidate-conditioned relabeling
d6bc5facc73f5a84,2021.06.09.17.23.18_veh-38_03425_04047,True,,12,8,1.0,1.0,1.0,1.0,1.0,1.0,logged future; non-reactive candidate-conditioned relabeling
d6dfcdc922525cf4,2021.06.09.17.23.18_veh-38_03425_04047,True,,12,8,1.0,1.0,1.0,0.0,1.0,1.0,logged future; non-reactive candidate-conditioned relabeling
d6e5004c1ac85d13,2021.10.11.05.34.05_veh-50_01718_02261,True,,12,8,1.0,0.15625,1.0,0.0,1.0,1.0,logged future; non-reactive candidate-conditioned relabeling
d6ec281ede5a510e,2021.06.09.17.23.18_veh-38_03425_04047,True,,12,8,1.0,1.0,1.0,1.0,1.0,1.0,logged future; non-reactive candidate-conditioned relabeling
d6f6d950923d55a8,2021.09.14.18.43.41_veh-45_00965_01195,True,,12,8,1.0,1.0,1.0,1.0,1.0,1.0,logged future; non-reactive candidate-conditioned relabeling
d8157653e2305495,2021.09.14.18.43.41_veh-45_00965_01195,True,,12,8,1.0,0.3359375,1.0,0.0,1.0,1.0,logged future; non-reactive candidate-conditioned relabeling
d881993ef1a9541c,2021.06.09.18.23.43_veh-35_02086_02333,True,,12,8,1.0,1.0,1.0,1.0,1.0,1.0,logged future; non-reactive candidate-conditioned relabeling
d8bf267d3e7b5abe,2021.06.09.18.23.43_veh-35_02086_02333,True,,12,8,1.0,1.0,1.0,1.0,1.0,1.0,logged future; non-reactive candidate-conditioned relabeling
d9baaf5e3f935d2f,2021.06.09.17.23.18_veh-38_03425_04047,True,,12,8,1.0,1.0,1.0,1.0,1.0,1.0,logged future; non-reactive candidate-conditioned relabeling
da8924d52f675885,2021.09.14.18.43.41_veh-45_00965_01195,True,,12,8,1.0,0.0,0.0,0.0,1.0,1.0,logged future; non-reactive candidate-conditioned relabeling
da8a1f2787a4592d,2021.10.11.05.34.05_veh-50_01718_02261,True,,12,8,1.0,0.3125,1.0,0.0,1.0,1.0,logged future; non-reactive candidate-conditioned relabeling
daa79fc7d63f5284,2021.06.09.17.23.18_veh-38_03425_04047,True,,12,8,1.0,1.0,1.0,1.0,1.0,1.0,logged future; non-reactive candidate-conditioned relabeling
db2ddfe4705a5f09,2021.06.09.18.23.43_veh-35_02086_02333,True,,12,8,1.0,1.0,1.0,1.0,1.0,1.0,logged future; non-reactive candidate-conditioned relabeling
dd402c357898573c,2021.06.14.16.48.02_veh-12_02412_02506,True,,12,8,1.0,1.0,1.0,0.0,1.0,1.0,logged future; non-reactive candidate-conditioned relabeling
dd68ef2338df5a7f,2021.06.09.18.23.43_veh-35_02086_02333,True,,12,8,1.0,1.0,1.0,1.0,1.0,1.0,logged future; non-reactive candidate-conditioned relabeling
dd884c0684f4571a,2021.06.09.17.23.18_veh-38_03425_04047,True,,12,8,1.0,1.0,1.0,1.0,1.0,1.0,logged future; non-reactive candidate-conditioned relabeling
dec6699443d95ded,2021.06.09.17.23.18_veh-38_03425_04047,True,,12,8,1.0,1.0,1.0,1.0,1.0,1.0,logged future; non-reactive candidate-conditioned relabeling
dfe6210b45955bd2,2021.06.14.16.48.02_veh-12_02412_02506,True,,12,8,1.0,1.0,1.0,0.0,1.0,1.0,logged future; non-reactive candidate-conditioned relabeling
e0ab4835126753d1,2021.09.14.18.43.41_veh-45_00965_01195,True,,12,8,1.0,0.3046875,1.0,0.0,1.0,1.0,logged future; non-reactive candidate-conditioned relabeling
e0d354cee9015310,2021.10.11.05.34.05_veh-50_01718_02261,True,,12,8,1.0,0.15625,1.0,0.0,1.0,1.0,logged future; non-reactive candidate-conditioned relabeling
e24e68bd02a8588a,2021.09.14.18.43.41_veh-45_00965_01195,True,,12,8,1.0,0.1640625,1.0,0.0,1.0,1.0,logged future; non-reactive candidate-conditioned relabeling
e538c4e2bb155e78,2021.09.14.18.43.41_veh-45_00965_01195,True,,12,8,1.0,0.25,1.0,0.0,1.0,1.0,logged future; non-reactive candidate-conditioned relabeling
e5ed5c5d4c4d5e0a,2021.10.11.05.34.05_veh-50_01718_02261,True,,12,8,1.0,0.0625,1.0,0.0,1.0,1.0,logged future; non-reactive candidate-conditioned relabeling
e624c8f55354573a,2021.06.14.16.48.02_veh-12_02412_02506,True,,12,8,1.0,1.0,1.0,1.0,1.0,1.0,logged future; non-reactive candidate-conditioned relabeling
e68d889444cd5bbf,2021.06.14.16.48.02_veh-12_02412_02506,True,,12,8,1.0,1.0,1.0,0.0,1.0,1.0,logged future; non-reactive candidate-conditioned relabeling
e75a9cb134da5cfa,2021.09.14.18.43.41_veh-45_00965_01195,True,,12,8,1.0,0.0,0.0,0.0,1.0,1.0,logged future; non-reactive candidate-conditioned relabeling
e862df630cd95fcc,2021.09.14.18.43.41_veh-45_00965_01195,True,,12,8,1.0,0.71875,1.0,0.75,1.0,1.0,logged future; non-reactive candidate-conditioned relabeling
e8cf8f7c05495046,2021.06.09.17.23.18_veh-38_03425_04047,True,,12,8,1.0,1.0,1.0,1.0,1.0,1.0,logged future; non-reactive candidate-conditioned relabeling
e9e5f718b4f2541c,2021.06.09.18.23.43_veh-35_02086_02333,True,,12,8,1.0,0.640625,1.0,0.0,1.0,1.0,logged future; non-reactive candidate-conditioned relabeling
ea1f746323395041,2021.10.11.05.34.05_veh-50_01718_02261,True,,12,8,1.0,0.0859375,1.0,0.0,1.0,1.0,logged future; non-reactive candidate-conditioned relabeling
ea322f5dbc505a6e,2021.06.14.16.48.02_veh-12_02412_02506,True,,12,8,1.0,1.0,1.0,1.0,1.0,1.0,logged future; non-reactive candidate-conditioned relabeling
ea69b6c40b4c5b2c,2021.10.11.05.34.05_veh-50_01718_02261,True,,12,8,1.0,0.296875,1.0,0.0,1.0,1.0,logged future; non-reactive candidate-conditioned relabeling
eb49810023515a79,2021.10.11.05.34.05_veh-50_01718_02261,True,,12,8,1.0,0.0859375,1.0,0.0,1.0,1.0,logged future; non-reactive candidate-conditioned relabeling
ebe13ef76bb65251,2021.09.14.18.43.41_veh-45_00965_01195,True,,12,8,1.0,0.3671875,1.0,0.0,1.0,1.0,logged future; non-reactive candidate-conditioned relabeling
ecccbdf23517501b,2021.09.14.18.43.41_veh-45_00965_01195,True,,12,8,1.0,0.359375,1.0,0.0,1.0,1.0,logged future; non-reactive candidate-conditioned relabeling
ece23f551f455933,2021.10.11.05.34.05_veh-50_01718_02261,True,,12,8,1.0,0.109375,1.0,0.0,1.0,1.0,logged future; non-reactive candidate-conditioned relabeling
eea25c157e255aab,2021.10.11.05.34.05_veh-50_01718_02261,True,,12,8,1.0,0.1640625,1.0,0.0,1.0,1.0,logged future; non-reactive candidate-conditioned relabeling
eec020b38ab253fb,2021.06.09.18.23.43_veh-35_02086_02333,True,,12,8,1.0,1.0,1.0,1.0,1.0,1.0,logged future; non-reactive candidate-conditioned relabeling
eede1add4f7c52f7,2021.06.14.16.48.02_veh-12_02412_02506,True,,12,8,1.0,1.0,1.0,1.0,1.0,1.0,logged future; non-reactive candidate-conditioned relabeling
effc3af855d653a9,2021.09.14.18.43.41_veh-45_00965_01195,True,,12,8,1.0,0.34375,1.0,0.0,1.0,1.0,logged future; non-reactive candidate-conditioned relabeling
f023e3c787f85d78,2021.10.01.13.28.54_veh-28_01767_01883,True,,12,8,1.0,0.9921875,1.0,0.0,1.0,1.0,logged future; non-reactive candidate-conditioned relabeling
f0525bb89d0c5bd3,2021.10.11.05.34.05_veh-50_01718_02261,True,,12,8,1.0,0.1640625,1.0,0.0,1.0,1.0,logged future; non-reactive candidate-conditioned relabeling
f0653c09e4a652ac,2021.10.01.13.28.54_veh-28_01767_01883,True,,12,8,1.0,1.0,1.0,0.0,1.0,1.0,logged future; non-reactive candidate-conditioned relabeling
f0c3d41d7ef35a0c,2021.06.09.18.23.43_veh-35_02086_02333,True,,12,8,1.0,1.0,1.0,0.375,1.0,1.0,logged future; non-reactive candidate-conditioned relabeling
f0ec3741e96051cb,2021.06.09.18.23.43_veh-35_02086_02333,True,,12,8,1.0,1.0,1.0,1.0,1.0,1.0,logged future; non-reactive candidate-conditioned relabeling
f0f2603613be5f67,2021.09.14.18.43.41_veh-45_00965_01195,True,,12,8,1.0,0.2578125,1.0,0.0,1.0,1.0,logged future; non-reactive candidate-conditioned relabeling
f144873958325c1e,2021.06.14.16.48.02_veh-12_02412_02506,True,,12,8,1.0,1.0,1.0,1.0,1.0,1.0,logged future; non-reactive candidate-conditioned relabeling
f155ad28a66a5ac8,2021.09.14.18.43.41_veh-45_00965_01195,True,,12,8,1.0,0.546875,1.0,0.0,1.0,1.0,logged future; non-reactive candidate-conditioned relabeling
f1d9d18986035f7c,2021.09.14.18.43.41_veh-45_00965_01195,True,,12,8,1.0,0.3984375,1.0,0.0,1.0,1.0,logged future; non-reactive candidate-conditioned relabeling
f20ad5bee4315b38,2021.10.11.05.34.05_veh-50_01718_02261,True,,12,8,1.0,0.3203125,1.0,0.0,1.0,1.0,logged future; non-reactive candidate-conditioned relabeling
f353f4b503055d6f,2021.09.14.18.43.41_veh-45_00965_01195,True,,12,8,1.0,1.0,1.0,1.0,1.0,1.0,logged future; non-reactive candidate-conditioned relabeling
f4495a5f0e155372,2021.09.14.18.43.41_veh-45_00965_01195,True,,12,8,1.0,0.3671875,1.0,0.0,1.0,1.0,logged future; non-reactive candidate-conditioned relabeling
f457d7a93ed55606,2021.09.14.18.43.41_veh-45_00965_01195,True,,12,8,1.0,0.0,0.0,0.0,1.0,1.0,logged future; non-reactive candidate-conditioned relabeling
f4c6652531f158ec,2021.10.01.13.28.54_veh-28_01767_01883,True,,12,8,1.0,1.0,1.0,0.0,1.0,1.0,logged future; non-reactive candidate-conditioned relabeling
f4d300f4ab175cc3,2021.09.14.18.43.41_veh-45_00965_01195,True,,12,8,1.0,0.0,0.0,0.0,1.0,1.0,logged future; non-reactive candidate-conditioned relabeling
f5c9143d9fcb5422,2021.10.01.13.28.54_veh-28_01767_01883,True,,12,8,1.0,0.9921875,1.0,0.0,1.0,1.0,logged future; non-reactive candidate-conditioned relabeling
f7226851d4885144,2021.06.09.18.23.43_veh-35_02086_02333,True,,12,8,1.0,1.0,1.0,0.625,1.0,1.0,logged future; non-reactive candidate-conditioned relabeling
f77cae990f425f83,2021.06.14.16.48.02_veh-12_02412_02506,True,,12,8,1.0,1.0,1.0,1.0,1.0,1.0,logged future; non-reactive candidate-conditioned relabeling
f7955e85f6055b1b,2021.10.01.13.28.54_veh-28_01767_01883,True,,12,8,1.0,0.9921875,1.0,0.0,1.0,1.0,logged future; non-reactive candidate-conditioned relabeling
f7c9c840ff7658ca,2021.10.11.05.34.05_veh-50_01718_02261,True,,12,8,1.0,0.15625,1.0,0.0,1.0,1.0,logged future; non-reactive candidate-conditioned relabeling
f87417ea7f1a578b,2021.10.01.13.28.54_veh-28_01767_01883,True,,12,8,1.0,1.0,1.0,0.0,1.0,1.0,logged future; non-reactive candidate-conditioned relabeling
f96b918af8ab51dc,2021.06.09.18.23.43_veh-35_02086_02333,True,,12,8,1.0,1.0,1.0,1.0,1.0,1.0,logged future; non-reactive candidate-conditioned relabeling
f9ab7613bb7c5d11,2021.10.01.13.28.54_veh-28_01767_01883,True,,12,8,1.0,1.0,1.0,0.0,1.0,1.0,logged future; non-reactive candidate-conditioned relabeling
f9c9728d03c955ee,2021.06.09.17.23.18_veh-38_03425_04047,True,,12,8,1.0,1.0,1.0,0.0,1.0,1.0,logged future; non-reactive candidate-conditioned relabeling
fa4f6c296e2c5568,2021.10.11.05.34.05_veh-50_01718_02261,True,,12,8,1.0,0.109375,1.0,0.0,1.0,1.0,logged future; non-reactive candidate-conditioned relabeling
fabd64c1d7ce5587,2021.06.09.18.23.43_veh-35_02086_02333,True,,12,8,1.0,1.0,1.0,1.0,1.0,1.0,logged future; non-reactive candidate-conditioned relabeling
faef82e821da5e92,2021.10.01.13.28.54_veh-28_01767_01883,True,,12,8,1.0,1.0,1.0,0.0,1.0,1.0,logged future; non-reactive candidate-conditioned relabeling
fb0f2f71b07659f3,2021.09.14.18.43.41_veh-45_00965_01195,True,,12,8,1.0,0.34375,1.0,0.0,1.0,1.0,logged future; non-reactive candidate-conditioned relabeling
fbee921f95e35d4a,2021.09.14.18.43.41_veh-45_00965_01195,True,,12,8,1.0,0.390625,1.0,0.125,1.0,1.0,logged future; non-reactive candidate-conditioned relabeling
fcdcbc4b2ab550cd,2021.10.11.05.34.05_veh-50_01718_02261,True,,12,8,1.0,0.1015625,1.0,0.0,1.0,1.0,logged future; non-reactive candidate-conditioned relabeling
fd439147cfcd53d3,2021.09.14.18.43.41_veh-45_00965_01195,True,,12,8,1.0,0.0390625,0.375,0.0,1.0,1.0,logged future; non-reactive candidate-conditioned relabeling
fd77982733c25c99,2021.10.11.05.34.05_veh-50_01718_02261,True,,12,8,1.0,0.15625,1.0,0.625,1.0,1.0,logged future; non-reactive candidate-conditioned relabeling
febfcfa4f2295797,2021.09.14.18.43.41_veh-45_00965_01195,True,,12,8,1.0,0.34375,1.0,0.0,1.0,1.0,logged future; non-reactive candidate-conditioned relabeling
ff1c2755cfbf5406,2021.10.11.05.34.05_veh-50_01718_02261,True,,12,8,1.0,0.15625,1.0,0.0,1.0,1.0,logged future; non-reactive candidate-conditioned relabeling
ff88391922335aa9,2021.10.11.05.34.05_veh-50_01718_02261,True,,12,8,1.0,0.078125,1.0,0.0,1.0,1.0,logged future; non-reactive candidate-conditioned relabeling
ffafd9aef85b51c6,2021.09.14.18.43.41_veh-45_00965_01195,True,,12,8,1.0,0.125,0.75,0.0,1.0,1.0,logged future; non-reactive candidate-conditioned relabeling
