group,model,fold,input_dim,parameter_count,pairwise_accuracy,pairwise_accuracy_gt_0p02,pairwise_accuracy_gt_0p05,pairwise_accuracy_gt_0p10,spearman,ndcg,top1_accuracy,top2_recall,top4_recall,top1_regret,collision_auroc,ttc_auroc,dac_auroc,ddc_auroc,comfort_auroc,progress_spearman
O0,linear,0,24,175,0.5973224376249674,0.5861015429434786,0.5635753939365893,0.5197995685155543,0.2024553555061916,0.8634920230379901,0.1382767739092111,0.2325914499779638,0.4016086381665932,0.3341426306152564,0.590800725917288,0.5445739801127287,0.6014959740797671,0.828226322354363,0.6552025609435267,0.167690013170668
O0,linear,1,24,175,0.595724509976814,0.585518747655952,0.5634455415576348,0.5208973701753284,0.2045990618881117,0.868854832277216,0.1465564738292011,0.2358126721763085,0.4006611570247934,0.2984411249081951,0.5869232102541704,0.5487721864944757,0.6148839352105654,0.8312294880625255,0.6543355243923246,0.1830105706501024
O0,linear,2,24,175,0.5875735221585595,0.575156724027241,0.5536532902314215,0.5132543191885871,0.178380211769228,0.8525436733125905,0.1379462318201851,0.2227853680035257,0.3830982811811371,0.3662051973054198,0.5911486143010631,0.5547572200641323,0.5987084038688817,0.8425060715229232,0.6447973156923138,0.1581571416063267
O0,linear,3,24,175,0.5901025081163208,0.5755458109797781,0.5518812457971786,0.5088596252157611,0.1846107643376476,0.8603621561601255,0.1408264462809917,0.2309641873278237,0.4012121212121212,0.3404189379353168,0.6107725126914905,0.5660795925104652,0.6160387839727246,0.8412112235988863,0.6439470648728199,0.1772745579730127
O0,linear,4,24,175,0.5971139373384062,0.5867923176720604,0.5661166458001163,0.522925457683383,0.2027670671725578,0.8678805170125105,0.1321212121212121,0.2158677685950413,0.3916253443526171,0.3267759641536996,0.5874430349622538,0.5602470471009074,0.5869880500729112,0.8325084507818118,0.6443841908222696,0.13392069353248
O0,mlp,0,24,119797,0.740233339962535,0.7636174214927193,0.7744545048404408,0.7735034162596767,0.512873778893633,0.954445154251111,0.2702732481269281,0.4096518289995592,0.5590568532393124,0.0676364043096237,0.8341531315529346,0.7979563961955157,0.7854177358794321,0.9223363063465287,0.922536584564037,0.3753132741175759
O0,mlp,1,24,119797,0.7408821541728162,0.7604973951521149,0.7700133213904223,0.7682658232208311,0.5155376510701651,0.9504233515231804,0.2635812672176308,0.3965840220385675,0.5601101928374655,0.0797442290572752,0.8357367990479334,0.8046944623716714,0.7925820420490232,0.9315639087991084,0.9217508237890476,0.3963693479679079
O0,mlp,2,24,119797,0.7440008652112577,0.7647298556124825,0.7707575499929001,0.7639964529708371,0.5222654209528417,0.948214603224127,0.2661965623622741,0.4079991185544293,0.5699647421771705,0.0834256215386319,0.8424091795763311,0.8145947139104386,0.7896079699809029,0.925816372510015,0.926340600377315,0.3894248214408171
O0,mlp,3,24,119797,0.7393627822198227,0.764641278471265,0.7753580713949232,0.7737523021398545,0.5098022301603824,0.9537181807761672,0.2606060606060606,0.3955922865013774,0.5522865013774104,0.0707411541853397,0.837974531183732,0.810247770211082,0.7907080140077619,0.918458066784036,0.9313636906180384,0.3984278883392528
O0,mlp,4,24,119797,0.7420619743238807,0.7642786077571455,0.7735426408848844,0.7693127110876226,0.5209681414823404,0.9554068419452052,0.2596143250688705,0.3968044077134986,0.5613223140495868,0.0684872487195595,0.8408029841834536,0.8081474199391782,0.7914986366655261,0.9222022252704992,0.9167570101575576,0.3825735053312791
O1,linear,0,174,1225,0.5963137668672497,0.586055275379753,0.5637195659177436,0.5204013542225298,0.2007110375558435,0.8636826801861127,0.1364037020713971,0.2302776553547818,0.3980828558836491,0.3339971484244526,0.7253240651651085,0.6602828945727732,0.6459450163921995,0.8501356224073013,0.6904119754414709,0.2456168890926915
O1,linear,1,174,1225,0.5969577788850634,0.5855014135199957,0.5631393431516263,0.5202388502444628,0.2066952125840494,0.8688513940510667,0.149090909090909,0.2388980716253443,0.4098071625344353,0.2973765751973985,0.7088398610428758,0.6732791098623484,0.6514922746136489,0.8343272659496495,0.6819049348220086,0.2471385814824772
O1,linear,2,174,1225,0.588223619078859,0.5753298128123466,0.5537549677349233,0.5132663294453463,0.179615398978634,0.8523782039577338,0.1383869546055531,0.2238871749669458,0.3854120758043191,0.3672460576493921,0.711015828480362,0.6832908601936902,0.6477062223836667,0.8491360389473048,0.6702965060177257,0.254793661385398
O1,linear,3,174,1225,0.5898540615048697,0.5760132944617616,0.5525321212426327,0.5098444868396059,0.18424363299581,0.8600195504435624,0.138732782369146,0.2277685950413223,0.3960330578512396,0.3431455153374632,0.707812608778961,0.669775707194495,0.6431988943555164,0.8690768829050256,0.6723957005391328,0.234783974157106
O1,linear,4,174,1225,0.5962466121950387,0.58646757774258,0.5659793189300631,0.5228965557106169,0.2011810240381226,0.8679819125438236,0.1313498622589531,0.214435261707989,0.3909641873278237,0.3265293894195031,0.7174458090178192,0.679818514179285,0.6363937647553726,0.8287243348603303,0.6791066752805699,0.2383727037045406
O1,mlp,0,174,120157,0.7296012118339588,0.7484719738221315,0.7494878334867014,0.7410233632042837,0.4813742424084311,0.934049658412611,0.1942485676509475,0.3253635962979286,0.5373512560599383,0.1508152871443974,0.8405979581059811,0.7915920005919326,0.7760576217627638,0.9059156098159308,0.8119775098722695,0.3690495789360889
O1,mlp,1,174,120157,0.7309946988373895,0.7512236324154645,0.7544306381421148,0.7473958069503233,0.4860194105043837,0.9332119512122594,0.201763085399449,0.3368595041322314,0.5356473829201102,0.1558738023059099,0.838589665720406,0.8009630386322113,0.771959057477443,0.9041410031461712,0.8236460207737287,0.3600755397430107
O1,mlp,2,174,120157,0.7316157463694999,0.7514570928637068,0.752765891054308,0.7452264233655542,0.486871748207821,0.9331958330035512,0.1950198325253415,0.3362714852357867,0.5450639048038783,0.1519548425876973,0.8464975082032379,0.8109088434687662,0.7818377244810412,0.9070641785545464,0.8197292799818306,0.3842071785110424
O1,mlp,3,174,120157,0.7299146442555082,0.7507848759487753,0.7537083718404672,0.7481479646193108,0.4814776932688111,0.9368648985946216,0.2019834710743801,0.3364187327823691,0.5345454545454545,0.1461475529191251,0.8370998740120316,0.7972014813661588,0.7681376267177626,0.9146594461673728,0.821736904557057,0.3422813383334873
O1,mlp,4,174,120157,0.7280564973480093,0.7487261121148688,0.7528883229357275,0.7461642953286154,0.4841221338009418,0.9394601851393772,0.1936088154269972,0.3280440771349862,0.5270523415977961,0.1383788754493408,0.8411752072215595,0.8002056364545338,0.7719163142373885,0.8926673634862917,0.821023882906562,0.3554135063867523
O10,linear,0,1782,12481,0.7971047457542344,0.8419117119158122,0.8555984116163459,0.8547731431635915,0.6232669860192036,0.9743108489925258,0.2341339797267518,0.3667915381225209,0.5520052886734245,0.0453975583065864,0.9109222530505487,0.8331352943226796,0.9880418102570808,0.9888884462458848,0.9353128096036732,0.5838408416973648
O10,linear,1,1782,12481,0.794471357270428,0.8405259492015267,0.8548953910100852,0.8561488538713881,0.6244753325353445,0.9737162773436876,0.2315151515151515,0.362534435261708,0.536198347107438,0.0485404107853072,0.9106596386462806,0.8490783495423098,0.9895760799373424,0.9898919188415328,0.9299936889126036,0.5842791086477882
O10,linear,2,1782,12481,0.7909243142190577,0.8345538715240625,0.8492806316627252,0.8487448280831831,0.6154032629091268,0.9729181335965876,0.2393124724548259,0.376487439400617,0.5406566769501984,0.0484220426531287,0.9096160110481932,0.8545792976803419,0.990933812430992,0.9851196036377576,0.9303014435939108,0.5539822079532993
O10,linear,3,1782,12481,0.7880117343245716,0.8364448201389323,0.8557681588855286,0.8595075278940891,0.6068785349792758,0.9751976624242332,0.2355922865013774,0.3608815426997245,0.5322314049586777,0.0444958113211902,0.910507742820556,0.8465157338416164,0.991062261496214,0.9895894785026932,0.9324418104407646,0.5717450386160451
O10,linear,4,1782,12481,0.7968623306685936,0.8419519416741617,0.8561634796132019,0.8559484388805854,0.6303488633163689,0.9763813631584344,0.2264462809917355,0.3597796143250689,0.5442424242424242,0.042391276333286,0.9081716196400637,0.8442134380270511,0.990471984289391,0.9841629054604636,0.9284021828950778,0.5456462432942604
O10,mlp,0,1782,120647,0.8336276778303218,0.8783386434669402,0.8860809961749927,0.8859124831643285,0.6973803490878374,0.9794554270313356,0.255839576906126,0.4092111062141912,0.6111723226090789,0.0392182620612468,0.9227202487956108,0.8585421662337124,0.9825355004332614,0.9847417237412252,0.9316958232665906,0.599236325032044
O10,mlp,1,1782,120647,0.834856771557647,0.8798555278559564,0.8893374324031823,0.8902480289991915,0.7031767373670825,0.9795609559114278,0.2578512396694215,0.4148760330578512,0.6131129476584022,0.0395785802290787,0.9264385395517908,0.8700685023153548,0.9833168049964742,0.9880472767885736,0.9345873086115714,0.5822361151557882
O10,mlp,2,1782,120647,0.8350132455761915,0.8774704490237792,0.8856408575270278,0.8858525180504151,0.7023796873647903,0.9787981310592349,0.2646540326134861,0.4184662847069193,0.623843102688409,0.0404156780698689,0.9227859826715864,0.8713786871468219,0.9859969445478938,0.9892796961607264,0.9361783911050062,0.5803406218898484
O10,mlp,3,1782,120647,0.8337653278420262,0.8814240955715545,0.8909010489523063,0.8916817389724404,0.6953263279621199,0.9807652689366332,0.2456198347107438,0.3997796143250688,0.6051790633608816,0.0386939737094006,0.922431918766652,0.8684322805833135,0.985893235331952,0.9857978142369508,0.9305000815084216,0.578590722755999
O10,mlp,4,1782,120647,0.8361426273243902,0.8818710750642714,0.8899084368635256,0.8897781980032866,0.7074306004566842,0.981413074010184,0.2534435261707989,0.3997796143250688,0.611900826446281,0.0342535279013893,0.922059105314694,0.8602203243536912,0.9868362320334116,0.9849552238869176,0.9097801000131768,0.5618705911094501
O11,linear,0,1782,12481,0.7981896324842,0.8426152979710876,0.8563708886511732,0.8555693834357461,0.6251751605000174,0.9747769784826448,0.2350154252974878,0.371529308065227,0.5550903481710004,0.0443161707116991,0.8260544788411205,0.7808091593624413,0.9884655192439182,0.9891766555176964,0.932264615325274,0.5517558448739696
O11,linear,1,1782,12481,0.7955448456579347,0.8413705943717636,0.8559582866263447,0.8573058227345395,0.6265399540517319,0.9742786899978076,0.2358126721763085,0.3650688705234159,0.5417079889807163,0.0465296721359915,0.8252856714239979,0.7922568826472072,0.9893983962848056,0.9897125101077804,0.9316727506942548,0.5740389980912628
O11,linear,2,1782,12481,0.791055046689319,0.8347851810823399,0.8493034214479929,0.8487828605629207,0.6161134201925019,0.9727238606084024,0.2354561480828559,0.3682238871749669,0.5398854120758043,0.0487200184678022,0.8317453006719201,0.8079030830864198,0.9913383912260344,0.985528713223266,0.9278779142178406,0.5548106324995636
O11,linear,3,1782,12481,0.7884596548981011,0.8368722793501979,0.8561277585791497,0.8598667855933533,0.608081668084845,0.9756192123232492,0.2373553719008264,0.3636363636363636,0.5389531680440771,0.043396991937942,0.8251023351989346,0.7929836470218595,0.9908345906224906,0.9889887422661052,0.9309199339319078,0.5654897354316267
O11,linear,4,1782,12481,0.7973824903882251,0.8424072143203941,0.8567645076029149,0.856720534438765,0.6315295740606497,0.9766551038019652,0.2246831955922865,0.3611019283746556,0.5498622589531681,0.0420753186235086,0.8311285323462646,0.7953171446764411,0.9902945015876328,0.9841051208831718,0.924473014066461,0.5533918510619428
O11,mlp,0,1782,120647,0.8111439660172034,0.8539859506149597,0.8640369222663835,0.863179721049809,0.6541483497155836,0.9737077611031782,0.2398633759365359,0.381886293521375,0.5946452181577787,0.0496915745782452,0.8303625283369367,0.7842007666862579,0.9817754314253206,0.9869526249128484,0.9199884608279368,0.5372802615173554
O11,mlp,1,1782,120647,0.8078029704974146,0.8493679343698096,0.8597259348290128,0.860047291862112,0.6516963679783088,0.9724441401387116,0.2479338842975206,0.3971349862258953,0.597465564738292,0.051046870802388,0.8276270966231333,0.7936837108281919,0.9819952609574448,0.9876336135198834,0.9218410780364956,0.528374908126312
O11,mlp,2,1782,120647,0.8052632892527213,0.8417968504135248,0.8472330571094489,0.8420170825885306,0.6427805206934003,0.9680258775910948,0.257492287351256,0.4071176729836933,0.6069854561480829,0.0603700953467189,0.8344405351463992,0.8096524643211881,0.985418601910694,0.9822316448935424,0.9170115945281938,0.518834850584403
O11,mlp,3,1782,120647,0.8065747573464946,0.8516412352450526,0.8624818851654339,0.8616837210838846,0.6445739756440834,0.973719770842947,0.2327272727272727,0.3791735537190082,0.5755371900826446,0.0484648675695266,0.8280176710879354,0.8015118028379975,0.9864482378168344,0.9876758185923342,0.9352435365594988,0.5126234503412567
O11,mlp,4,1782,120647,0.8103405869331641,0.8551261948917136,0.8650344387254639,0.8643568485288896,0.6582776693867514,0.9753446263789426,0.2450688705234159,0.3914049586776859,0.5927272727272728,0.0472495591509112,0.8379847084877194,0.8001496538094383,0.9846748396791132,0.98755515932894,0.9185517978165328,0.5335118539853269
O12,linear,0,1782,12481,0.7892949903479617,0.8363755586010603,0.8510205062394429,0.8507387226586647,0.6128874163578555,0.9733632376492842,0.2136403702071397,0.3532393124724548,0.5446231820185103,0.0455747313761353,0.8306734789802056,0.7850377283955137,0.988438050338591,0.9892159541219996,0.9324999719751516,0.570984406529517
O12,linear,1,1782,12481,0.7865095530998013,0.8350310281033618,0.8509130519710203,0.853052797088734,0.6148348518486273,0.9728008561422264,0.2124517906336088,0.3463360881542699,0.535206611570248,0.049270126120118,0.8274066703816578,0.7973721855596935,0.9890897798462228,0.9896951751623156,0.9301569814071506,0.5866032291818739
O12,linear,2,1782,12481,0.7826596451445367,0.8282030866450988,0.8437549852655273,0.8437205373388874,0.6037505329664318,0.9712141532958556,0.2195901278096077,0.3542309387395328,0.5306302335830763,0.0499558695655606,0.8354614883137292,0.8084616820535712,0.990740280218962,0.985718542737103,0.9284985883587066,0.5703758891099177
O12,linear,3,1782,12481,0.7799646919142572,0.830804599909385,0.8511544948163704,0.8553120586704988,0.5966960674012122,0.974052337531992,0.2094765840220385,0.3431404958677685,0.5241873278236915,0.0461243614184954,0.8289017196376036,0.7967625621003485,0.9909599562272214,0.989271953919098,0.9289652655038544,0.5679332128637619
O12,linear,4,1782,12481,0.7887268914337225,0.8364058930746027,0.8517333504546054,0.8522510507931527,0.6197423593974939,0.9754949345363622,0.2100275482093664,0.3457851239669421,0.5357575757575758,0.0419059868587935,0.8327511856209905,0.7994199180990667,0.9904877270535204,0.9842170898383154,0.9260274415147168,0.5536260853327986
O12,mlp,0,1782,120647,0.7945217388197718,0.8421302862685848,0.8526081779331434,0.8519914194364502,0.627969672936113,0.96979161366062,0.2178272366681357,0.3657999118554429,0.5776773909211106,0.0605314043176074,0.8455029643751335,0.8014845739296649,0.983478680739516,0.9909776308006112,0.9288146854209862,0.5591032885106201
O12,mlp,1,1782,120647,0.7920912192910716,0.8378202481617937,0.8495316396220738,0.851028608132012,0.6274038051940869,0.968168100117071,0.2173002754820936,0.3715702479338843,0.5841322314049586,0.0633764430806656,0.8458306265994452,0.8095858387146108,0.984143275608652,0.9918555720180028,0.9182251013133276,0.5507648372383289
O12,mlp,2,1782,120647,0.7886269881734653,0.8317435390677124,0.8410833212079989,0.8393708226825709,0.6170608473818666,0.9652217800748188,0.2168356104010577,0.371308946672543,0.5796606434552667,0.0708604716043632,0.8506112001186372,0.8185781286273317,0.9857228306447182,0.9870250475185104,0.9202798791849296,0.5568973574048416
O12,mlp,3,1782,120647,0.7899216676501012,0.8363791803349551,0.8467727725495978,0.8458123766342096,0.6158772677650105,0.9674585745987562,0.2153168044077135,0.3636363636363636,0.5778512396694215,0.0683146154289403,0.8440432320621911,0.8134747752948361,0.9860531699295824,0.9891495361285692,0.9345471318602292,0.5380855089037919
O12,mlp,4,1782,120647,0.7954054127208472,0.83970104824139,0.848376867734606,0.84605570648808,0.6309838167552968,0.9691533478304838,0.2318457300275482,0.3822589531680441,0.583801652892562,0.0646847075864303,0.8449240495834354,0.8074252613870286,0.9854976679296208,0.9895237591107332,0.9215767837533894,0.5485493973701631
O13,linear,0,1782,12481,0.8034854516808599,0.8472675812753574,0.8616109172007853,0.8625042472970815,0.6322304018826609,0.9764055377283176,0.251542529748788,0.377368884971353,0.5559717937417364,0.0416064269417127,0.781413171574909,0.7722653603710318,0.9844090870986244,0.988271364525106,0.9329867673670708,0.5744650875840066
O13,linear,1,1782,12481,0.7985865933491062,0.8435609988244304,0.8596837005661151,0.8637309510446153,0.6293929751371541,0.9758058849711546,0.2505785123966942,0.3760881542699724,0.5382920110192837,0.0436475202630045,0.8363760333175756,0.796372377043793,0.99083403872772,0.9870850167128032,0.9233304690749846,0.5717206272215383
O13,linear,2,1782,12481,0.7973397130778821,0.838339795314644,0.8513790449677524,0.8501920640226753,0.6238668589509497,0.9734547704975974,0.2610180696342001,0.3876156897311591,0.5460555310709564,0.0485356202658549,0.8358167168448447,0.8062978766249079,0.9911344420996472,0.9864304766619658,0.9210110463195524,0.5499650106588464
O13,linear,3,1782,12481,0.7904723113418267,0.8386973860949279,0.8605004908535818,0.8675681144339007,0.6101320025199413,0.9773235531249724,0.2438567493112947,0.3639669421487603,0.5307988980716254,0.0401411242820014,0.8275558141459131,0.8019250522751713,0.9899523729070906,0.989200349718138,0.9340092775378648,0.5622837382100929
O13,linear,4,1782,12481,0.7970776909145043,0.8419853707845494,0.8591365171765596,0.8632276071643862,0.6282725576417996,0.9776389296757022,0.2404407713498622,0.3688154269972452,0.5462258953168044,0.0412845514759872,0.8305926557026999,0.8010262572639111,0.9909692769564892,0.983081005651946,0.9180929995271936,0.5464755423996401
O13,mlp,0,1782,120647,0.8424961207261,0.8789449080950686,0.8843260137871132,0.8811657448837981,0.7009428637158579,0.9793949000968668,0.3063023358307624,0.4519612163948876,0.6437858087263112,0.0335190265832256,0.8725348824861971,0.8283050220685494,0.9873888684949464,0.9951957814473648,0.956954746897412,0.5949076891905889
O13,mlp,1,1782,120647,0.841068091356584,0.8707157107153325,0.873612208517595,0.8684155605220341,0.7009483009858257,0.9749298294814904,0.3117355371900826,0.4672176308539945,0.6553168044077134,0.043526371766713,0.8705288602179952,0.8344739415737656,0.9868917851724788,0.9965282072909714,0.9577955855778508,0.5973432581035222
O13,mlp,2,1782,120647,0.838997020488155,0.8661960749757676,0.8687238246168248,0.862726768660436,0.6942847159221796,0.9737982516922812,0.3256941383869546,0.4756500661084178,0.6621859850154252,0.0462087545135095,0.8756018910626316,0.843072889302548,0.9911826537726834,0.9935607774455094,0.9611102474091942,0.5756570939005977
O13,mlp,3,1782,120647,0.8423677917635171,0.8772279510295042,0.8830977356007292,0.8806087559773048,0.6978567529355088,0.9791564356090158,0.3138292011019283,0.4558677685950413,0.6311845730027548,0.0341378241005679,0.8657453453341072,0.8309317943460349,0.9903310326664096,0.9953820574531808,0.957165684442284,0.5882857165506138
O13,mlp,4,1782,120647,0.8417502315416852,0.875970041149643,0.8810998990558332,0.8768817248697347,0.7058054752968591,0.9794098857181516,0.2948760330578512,0.4478236914600551,0.6406611570247934,0.0365589190810179,0.8717873173522052,0.8333507465173635,0.9909618660587796,0.995069262550914,0.9478341061861748,0.588528564835034
O2,linear,0,222,1561,0.6135445309680977,0.6122315484158146,0.6065261850135896,0.5814130092150995,0.2462760198731335,0.8884244940418667,0.1543631555751432,0.2343543411194358,0.3842000881445571,0.237161304340351,0.7507789667117828,0.6978462859960693,0.688735012893823,0.8806184647796281,0.8677647576808067,0.263338809307884
O2,linear,1,222,1561,0.6194809145126872,0.6200735597696766,0.6165533673905736,0.59378640855387,0.2656795817447912,0.8944679017855254,0.1595592286501377,0.2376859504132231,0.3834710743801653,0.2074856916340914,0.7329486153012669,0.7034943068247199,0.6969825463431768,0.8748266944610277,0.8584735091462254,0.2801566889941362
O2,linear,2,222,1561,0.611274130539937,0.6091576555596118,0.6046638419020004,0.5820110374259617,0.2430610820567181,0.8843332952375745,0.1548038783605112,0.2301674746584398,0.374283825473777,0.2408260367236089,0.7389714037591069,0.7162865459634398,0.6877509970453828,0.8832054587422631,0.8475529074957169,0.2589028295824405
O2,linear,3,222,1561,0.6083155558634594,0.6087179265506604,0.6051541424086707,0.5830814400039642,0.2372018896684913,0.8881002070259801,0.1517355371900826,0.2304132231404958,0.3660606060606061,0.2390608887797216,0.7337075057266659,0.7083747831969458,0.6879910569782607,0.8888369966460331,0.8457717236437919,0.2457531517165026
O2,linear,4,222,1561,0.6147687701753126,0.6157610296166,0.6123743994178767,0.5881014706975285,0.2544228963551857,0.8945875868278002,0.1464462809917355,0.2226997245179063,0.3666115702479339,0.2226508789745572,0.7437804379139972,0.7123095035314896,0.6887038022472496,0.8613802540741416,0.8532643631279008,0.2578996195336899
O2,mlp,0,222,120257,0.7603186303989787,0.7858067068822203,0.791311947229495,0.789465065725643,0.5496238241279484,0.9548466347617104,0.2733583076245042,0.4066769501983252,0.5801013662406347,0.0756770479109067,0.8702780101024148,0.8320275157142369,0.8199110737060098,0.9315870787891076,0.984224731016089,0.4340531933786861
O2,mlp,1,222,120257,0.7604061502481332,0.7849731951224893,0.7906940321226764,0.7892249929589022,0.552266890229974,0.953484737826219,0.2780165289256198,0.4127823691460055,0.5814876033057851,0.0782640298601681,0.8769286051475653,0.8471029825038827,0.8359938706087615,0.9274998356541628,0.9842150405927528,0.4516280706744547
O2,mlp,2,222,120257,0.7628120792048614,0.7832440614811365,0.783169217661733,0.7733284224727918,0.554420161818532,0.9471132166746686,0.2739092111062142,0.4181357426178933,0.5943146760687528,0.0942693455280213,0.8812968122895332,0.8530454708220179,0.8326803128285487,0.9296822524465386,0.9833501418338256,0.4580544645009929
O2,mlp,3,222,120257,0.7584298651938242,0.7851641235245053,0.7914609456752743,0.7894564059364237,0.5457327795136458,0.9549369137246668,0.2645730027548209,0.3997796143250688,0.5723415977961432,0.0784459506677202,0.8836886428545374,0.848143142766155,0.8284236333489075,0.9300254622753312,0.9860983764559084,0.4154042954820984
O2,mlp,4,222,120257,0.7614137988252864,0.7887216549001504,0.7944751795058372,0.7910346080479608,0.5576676448921586,0.957796147047374,0.2709641873278237,0.4002203856749311,0.5685950413223141,0.0711777577255711,0.8770512308115469,0.8433967751521245,0.8269242038812744,0.9130368564506756,0.9815582047055654,0.447430691079663
O3,linear,0,270,1897,0.8034711611860634,0.8456386439455702,0.8585512673785084,0.8574074907992287,0.630855004803924,0.9753376104258384,0.25991626267078,0.386734244160423,0.5555310709563684,0.0442930926877057,0.8440889831452721,0.794109682586929,0.9889290001115324,0.9893139031066532,0.9357437162184052,0.5848345987690853
O3,linear,1,270,1897,0.8007643426688554,0.8438730132716448,0.857923939612043,0.8589632667451488,0.632303305706477,0.9749098817376376,0.2560881542699724,0.3822589531680441,0.5421487603305785,0.0459554625805416,0.8397466316745041,0.8056003507684758,0.9903431267718822,0.9897560115678824,0.9351735575652652,0.6019160413677476
O3,linear,2,270,1897,0.7958897711349836,0.837252483037299,0.8512458123769571,0.8504943221511171,0.6211274453598712,0.9733581997901818,0.2620096959012781,0.386624063464081,0.5426399294843544,0.0487326893966961,0.8475183280292238,0.8174910874324058,0.9915805775243798,0.9858745489027596,0.9303527186358328,0.5853490633707271
O3,linear,3,270,1897,0.793433364946572,0.8396083384964642,0.8581019608971293,0.8615226745290421,0.6135040843605523,0.9759864074912136,0.2576308539944903,0.3713498622589531,0.5355371900826447,0.0439893266714637,0.8408005689749467,0.8055705014275192,0.9915417766514012,0.9892414134711104,0.9334369014077905,0.5820051215773888
O3,linear,4,270,1897,0.8024534592386603,0.8450051337562381,0.8588208437220218,0.85848149035087,0.6369062753168493,0.977297562046872,0.2446280991735537,0.3720110192837466,0.5498622589531681,0.0404978993608931,0.8442229354804327,0.80768888029479,0.9911365795880964,0.9842958467595329,0.92912749130518,0.566697397518511
O3,mlp,0,270,120049,0.8490757027053097,0.8782604672385763,0.8809513214874989,0.8776184842368989,0.707932338240769,0.9773481774676394,0.3491626267078008,0.4960334949316879,0.6707800793301014,0.0421921783814402,0.8864636523627352,0.8425589854337504,0.9878414982826612,0.9960145568803436,0.9813830493982936,0.609836340714535
O3,mlp,1,270,120049,0.8485943456632608,0.877747066591447,0.8807339610987244,0.8774585588341969,0.7104068590617388,0.9768593949334125,0.3457851239669421,0.4937741046831956,0.6630303030303031,0.0409609847292098,0.8876846694566852,0.8559851017479398,0.9863576450961667,0.996536962233612,0.9812800590822665,0.616164682224776
O3,mlp,2,270,120049,0.8451973050095494,0.8692864965571067,0.8689639938923376,0.8623024062549417,0.7005433193778026,0.9730830205492408,0.3546716615249008,0.5085940943146761,0.6761789334508594,0.0476035460527639,0.8916088494676099,0.8609622683254097,0.9893422510309798,0.9934360207169722,0.980912772494164,0.6293291143901119
O3,mlp,3,270,120049,0.8467956359397135,0.8771543063713836,0.8818930766270987,0.8799274051683555,0.7043264334219207,0.978358828630123,0.3398347107438016,0.4820936639118457,0.6571900826446281,0.0389216518566299,0.8867252825876141,0.8547122655591497,0.9892703328098724,0.9963602292375936,0.9804006858579244,0.6053909058595558
O3,mlp,4,270,120049,0.8483640270718421,0.8787271468254284,0.8840961216751738,0.8829593968571169,0.7129067314886485,0.9798057823696138,0.3420385674931129,0.4915702479338843,0.6548760330578512,0.0370554908970499,0.8919870676997458,0.8529451293672433,0.9906335353424964,0.995190328344047,0.9774507638524456,0.6113776162065304
O4,linear,0,1718,12033,0.8316210541859836,0.879898977167755,0.8913032257145858,0.8919671842569584,0.6893764441074829,0.9811183958186156,0.250330542089026,0.3884971353018951,0.5846187747906567,0.0418038083533454,0.9489175219010472,0.8629251386127875,0.9881331725226602,0.9888521934556956,0.9357080657588984,0.5673803958304082
O4,linear,1,1718,12033,0.8284359617426256,0.878109507615989,0.8909124184570768,0.8928962922288569,0.6904289671691654,0.9803025046996174,0.2488154269972451,0.3767493112947658,0.5748760330578513,0.0437111858855265,0.9470381945093742,0.8763590949880111,0.989619514905296,0.9899341993373776,0.9294638480000706,0.572122316525472
O4,linear,2,1718,12033,0.8301963482855625,0.8777804353025592,0.8905248838159217,0.8913692293218408,0.6913769343267214,0.9797992578972112,0.258594094314676,0.3893785808726311,0.5764654032613487,0.0457883555558664,0.9477035002651923,0.8774638979196488,0.9910212792000166,0.9849600127065192,0.9311103508010804,0.5811437374759292
O4,linear,3,1718,12033,0.8246970265240647,0.8759343665999062,0.8909513929094133,0.8930093407001809,0.6772896215525158,0.9808302927120416,0.2472727272727272,0.3717906336088154,0.5648484848484848,0.0429284364953842,0.9466889112470568,0.8663913253805103,0.991230547219064,0.9895763289320068,0.9336629290776776,0.5741784831030645
O4,linear,4,1718,12033,0.8263560928708698,0.8758267735336958,0.8879608921609542,0.8883516792046177,0.6874486616558321,0.9809910893723915,0.2338292011019283,0.3680440771349862,0.5767493112947658,0.042016886449714,0.945980555199804,0.8681164623932331,0.9905923429401016,0.9841206826940828,0.9268900370727516,0.557431871527778
O4,mlp,0,1718,120205,0.8594910916628062,0.904049049999282,0.9120301728817845,0.9134431558133728,0.7411318375625711,0.9841261462435056,0.2848171000440723,0.4336712208021154,0.6435654473336272,0.0343136205881794,0.964693680603704,0.8947467719534534,0.9829577560058296,0.9855499561397846,0.9239018856455032,0.5964542295198606
O4,mlp,1,1718,120205,0.8562164682823831,0.9032140639724168,0.9130906857612462,0.9166577175496574,0.740811477080695,0.9844978946881692,0.2753719008264463,0.4254545454545455,0.6231404958677685,0.0340545294764284,0.9660376081284564,0.9004976543882844,0.9828217542561204,0.985442420750445,0.9108619704457216,0.6074883580560586
O4,mlp,2,1718,120205,0.8591963756205335,0.9033503694658794,0.9110988007313768,0.9130497444817874,0.7432724614561369,0.9841074896363528,0.2874614367562803,0.4463420008814455,0.6444468929043632,0.0325047749682847,0.9589246234322784,0.8961311132744457,0.9870162737409288,0.9853633599015396,0.9287080148395755,0.6213661567670569
O4,mlp,3,1718,120205,0.8556811856636749,0.901913320237392,0.9094995451063876,0.9112344424898624,0.7323808011838273,0.983979828163967,0.2874931129476584,0.44099173553719,0.6322865013774105,0.034275307070782,0.964451870599313,0.8942484220706104,0.9866120313154604,0.989384699706328,0.92797258928392,0.6046593237188338
O4,mlp,4,1718,120205,0.8563417708261007,0.9024984280358804,0.911656019375573,0.9143882278136072,0.7413964747973123,0.9853547275055586,0.2770247933884298,0.42732782369146,0.629641873278237,0.0311424223220709,0.9672301246654228,0.8937411805266321,0.9859761786716538,0.9846263035680968,0.9316039008163198,0.5899829459390968
O5,linear,0,310,2177,0.8572724923456537,0.9059220886135526,0.9144134603233368,0.9139937692663536,0.7360359613358274,0.986016234707019,0.2687307183781401,0.4081092992507713,0.615910092551785,0.0313157943073691,0.9918260238145088,0.916887162606328,0.9887558841792248,0.98964740799332,0.9359318357396734,0.7122298530084098
O5,linear,1,310,2177,0.851856235405233,0.9026278550109836,0.9134021634501168,0.914680131541889,0.7338840144729604,0.9850119426743836,0.2621487603305785,0.3971349862258953,0.5992286501377411,0.0349964221318562,0.991767358837612,0.9198417953581774,0.990336487635058,0.9898797988375434,0.9355112818587606,0.7192700732504202
O5,linear,2,310,2177,0.8540657204012774,0.9037264441898816,0.9155550802814012,0.9170771839150634,0.7364773114404338,0.985391473985848,0.2666372851476421,0.3997355663287792,0.5981710004407228,0.0335525018054254,0.9919044852027972,0.9248525335835232,0.9917794813398512,0.9857484006251328,0.9328004483570572,0.7206373599649324
O5,linear,3,310,2177,0.8474752807566155,0.9001410455300094,0.9149744504417682,0.918310167405829,0.7202962625782274,0.9860604422542496,0.2530027548209366,0.3838016528925619,0.5846831955922865,0.0303112840619625,0.9917273390208188,0.9178974894651256,0.9913691625627858,0.9892847197959532,0.9322599589781172,0.7050617304220245
O5,linear,4,310,2177,0.848498185913557,0.8987304897364672,0.9094088524110676,0.9097081726521276,0.7293594051256844,0.985519814904038,0.246831955922865,0.3852341597796143,0.5973553719008264,0.0316315683024645,0.9906735452551044,0.91294188526509,0.991176745031603,0.9845592598227094,0.9300703795448824,0.6944045087891235
O5,mlp,0,310,120109,0.9028937061088292,0.9368782796124374,0.9398322265315604,0.9394980206572154,0.8025883934483354,0.9901858114211812,0.3910312913177611,0.5459453503746143,0.7139709122961657,0.0188942003868759,0.9927220972929554,0.9320921155410644,0.9880003615415666,0.9963257303545304,0.9828083715556656,0.7118753646572944
O5,mlp,1,310,120109,0.9042062517975308,0.9371905462774156,0.9406784582382328,0.9405933973752408,0.8093983028808932,0.9897524046702508,0.406831955922865,0.5503030303030303,0.7151515151515152,0.0201523937568191,0.9936869059232292,0.9383778985295248,0.9879784262082962,0.996454560519742,0.981398974426515,0.7182522710380453
O5,mlp,2,310,120109,0.9051143730843236,0.9383284658668916,0.9413706478084116,0.9413399042782536,0.8101299207766536,0.9895945945934156,0.3945570736007051,0.5481489643014544,0.7192595857205818,0.021254154745573,0.9938685515668366,0.940328481846182,0.9900280133440048,0.994252070058876,0.9807440620516208,0.721990559771313
O5,mlp,3,310,120109,0.901554224667404,0.9357082134606424,0.9384185524673933,0.9376667244782504,0.7989076158583043,0.9894482376407404,0.3886501377410468,0.5396143250688705,0.707107438016529,0.0213970427408034,0.99313498016698,0.9341086550619924,0.9892979474166576,0.9959573379451376,0.9806988229950602,0.7153012532472426
O5,mlp,4,310,120109,0.897441449668663,0.9319717603610344,0.9361162534376304,0.93667577766951,0.8011460196032713,0.990152759807705,0.3888705234159779,0.5390633608815427,0.7072176308539945,0.0180353992077273,0.9931419568354533,0.9315490869262636,0.9904267332867454,0.9961151003734686,0.9797829774312482,0.6988250708874346
O6,linear,0,294,2065,0.8036771824860459,0.8458620045980386,0.8581151916330414,0.8563472016964626,0.6310091214129557,0.9751407022843016,0.259585720581754,0.3850815337152931,0.5557514323490524,0.0448240954486374,0.8459424792595538,0.7958231230876418,0.9889712647167472,0.9895568118413028,0.9353268532264986,0.5844333642152666
O6,linear,1,294,2065,0.801433053737148,0.8445411654212353,0.8578676272615128,0.8583290613963459,0.6333668725706575,0.9749059193943698,0.2566391184573002,0.3840220385674931,0.5442424242424242,0.0461990338678859,0.8407186085642943,0.8062834848003148,0.9905717888196668,0.9899303911433528,0.9350501018538058,0.6013133059292509
O6,linear,2,294,2065,0.7967347782836728,0.8381777212704088,0.8514631918672022,0.8501059905159006,0.6227815509930432,0.9733223896211004,0.2609078889378581,0.3859629792860291,0.5444028206258263,0.048984645427902,0.8472061347633382,0.8171397731924037,0.9916591534162564,0.985879195195518,0.93143745270473,0.5859019019614777
O6,linear,3,294,2065,0.7941775103260623,0.8404424442982225,0.8580012729829154,0.8606142067837764,0.6148262189898845,0.9758762269516223,0.2574104683195592,0.3713498622589531,0.5368595041322314,0.0442934556506553,0.8415042378982205,0.806048289868775,0.9914974693925802,0.9893096525981204,0.9345170632622102,0.5786974931281826
O6,linear,4,294,2065,0.8027594355443259,0.8453601190713075,0.8585800758329677,0.8577465544719609,0.6373822216711257,0.9771041212994084,0.2444077134986226,0.3710192837465564,0.5517355371900826,0.0415930814519729,0.8451515057648905,0.8082155107099896,0.9911604245135804,0.9843506247009464,0.9300569201808458,0.5665208836283386
O6,mlp,0,294,120317,0.8442169344745087,0.8755434444446217,0.87842208216379,0.8763473654476753,0.7008373612722144,0.9771419196475692,0.3453063023358307,0.4932789775231379,0.6694579109739973,0.0426490029485123,0.8869561047943948,0.8388196822843113,0.9869693405420517,0.9958985714694266,0.9790473393279382,0.6158886145577105
O6,mlp,1,294,120317,0.8478333169607615,0.8781331450741113,0.8826292236462598,0.8805627204775384,0.7108542223428124,0.9779370446123044,0.3449035812672176,0.491129476584022,0.6592837465564738,0.0379761307889765,0.888002564177785,0.8548207197906456,0.9872610000822052,0.9961322136666516,0.9763689471024112,0.6091168529561247
O6,mlp,2,294,120317,0.8460375582502291,0.8703659411624013,0.8709484582710266,0.8646664251270585,0.7026524447679234,0.9741858702287862,0.3578669017188188,0.500991626267078,0.6789334508594095,0.0441732292115662,0.8897045252548768,0.8586124065759541,0.9892719854124844,0.993492972234686,0.9772700764325088,0.6208600823393206
O6,mlp,3,294,120317,0.8466594680853605,0.8765731539605617,0.8800753001758442,0.8768282913373471,0.7022082510903813,0.977360273784266,0.340495867768595,0.4848484848484848,0.6598347107438016,0.0409531359370418,0.886358620266084,0.8549296884203301,0.9897667612089754,0.9961377847150974,0.9803662272741668,0.6161477438437506
O6,mlp,4,294,120317,0.8481204228592544,0.8770763855172359,0.881160536894558,0.8784919776381308,0.7127820679297239,0.9787765911587928,0.3413774104683195,0.4946556473829201,0.6600550964187328,0.0372042458904676,0.8864265081708617,0.8524102612804294,0.990157590744422,0.9951827461165256,0.9732155804459524,0.6155697973065997
O7,linear,0,1758,12313,0.8539297074378452,0.9047111547905275,0.9139898438848832,0.91402856639907,0.7324203135347083,0.985925107342442,0.2643234905244601,0.4048038783605112,0.6085279858968708,0.0309449207118136,0.9910562630056812,0.9077009007556566,0.9881492139097804,0.9888560612950592,0.9379694812456032,0.7052463137505225
O7,linear,1,1758,12313,0.8486996824510095,0.9018667288594454,0.9128566375543546,0.9142080234068376,0.7305334848905144,0.9845601478216948,0.2500275482093664,0.3865564738292011,0.5907438016528925,0.0354808120950851,0.9906514748826428,0.9202809023070836,0.9896247699989484,0.9898728930521378,0.9313018028312984,0.7040255875440465
O7,linear,2,1758,12313,0.8521772304445023,0.902993177154798,0.914973064226874,0.91680495142852,0.7348865985440416,0.985334870209574,0.2610180696342001,0.3956588805641252,0.5989422653151167,0.0326082678277779,0.9916289728988162,0.9264694959440174,0.9912089765139624,0.9850127915259124,0.9325175800238784,0.7036253972540117
O7,linear,3,1758,12313,0.8465316614150468,0.900563701828789,0.9145141628339332,0.9173046587877736,0.7201039760389822,0.9857013126089608,0.2469421487603305,0.3838016528925619,0.5875482093663912,0.0323107456898229,0.9907269739782772,0.9155314536424562,0.9911218531841616,0.9895811491237676,0.9344468158423388,0.6934582522984896
O7,linear,4,1758,12313,0.8462928028488748,0.8974967963769211,0.9078037331507064,0.9079079926341258,0.7259320143588226,0.9846849198595112,0.2398898071625344,0.3797245179063361,0.5987878787878788,0.0352795640069262,0.988987800482252,0.9102292409353008,0.9905967569297166,0.9841770437069224,0.9286399072956432,0.6860691646830627
O7,mlp,0,1758,119087,0.8776197751866993,0.9234319683338412,0.9308686450859603,0.9328558620887286,0.7719112542230586,0.988640596047589,0.2946231820185103,0.4530630233583076,0.6610841780520053,0.0235306650084932,0.9915331756849208,0.9146039824909324,0.9826962688410232,0.9870488281193278,0.9291652904183716,0.6262493287603487
O7,mlp,1,1758,119087,0.8741000510114108,0.9210934372961268,0.9294951773751052,0.9325776901552284,0.7712581293308278,0.9874158375467108,0.3100826446280991,0.461267217630854,0.6576308539944904,0.0281117661629826,0.9922590025139708,0.9242624716647008,0.9837677917190012,0.988993446015674,0.9245487644077978,0.6541116803457531
O7,mlp,2,1758,119087,0.8792150822485509,0.9224656654791727,0.9290711760055116,0.9307308441408964,0.7773907495136803,0.987592037506166,0.3212869105332746,0.4722344645218158,0.6723226090788894,0.0257234983195445,0.9913578765464132,0.9296057623504804,0.9871975131112282,0.9815205561625944,0.920099425399468,0.669666986756193
O7,mlp,3,1758,119087,0.8737640378307744,0.9214883905600356,0.9282346891440448,0.929853901868966,0.7626988547066786,0.9877703481344076,0.2992837465564738,0.4506887052341597,0.6512396694214876,0.0264291354808597,0.9924516097703732,0.921178199992825,0.985663914047032,0.9833387758063578,0.926341117622393,0.6428586674064384
O7,mlp,4,1758,119087,0.8694081359099677,0.916728086024244,0.9251729070136576,0.928407749031784,0.7642727557133754,0.9879955651225288,0.2931129476584022,0.4433057851239669,0.6455096418732782,0.0249223013587562,0.99113855784222,0.9124015665644232,0.9867204408074216,0.9784952062684548,0.9291318806358804,0.6207297007694009
O8,linear,0,1782,12481,0.8547764192545363,0.905816790020246,0.9144365990363617,0.9141554735889764,0.733841490046876,0.98598409673906,0.2639929484354341,0.4066769501983252,0.6099603349493169,0.0308912202958863,0.9910905291692372,0.9076358079270536,0.9881981764041368,0.9888274889443756,0.9374711240496848,0.7058262781349873
O8,linear,1,1782,12481,0.8501081181523691,0.903363767873858,0.9135675809797996,0.914625423732248,0.7328304234859294,0.9848135939986642,0.2525619834710744,0.3897520661157024,0.5926170798898072,0.034439059719238,0.9906887635154684,0.9201791072093504,0.9897383125836398,0.9899730873019849,0.9312503519371764,0.7030021140547515
O8,linear,2,1782,12481,0.8533811576479089,0.9041324160676746,0.9152745906165688,0.9165947719352326,0.7368149180945768,0.9854382019024068,0.2614587924195681,0.3977523137946231,0.5988320846187748,0.0318760867519965,0.991483524618028,0.9263605497918102,0.9911994116610976,0.9850951053575664,0.932712742189863,0.7032146208811513
O8,linear,3,1782,12481,0.8478778120453606,0.9019229260623642,0.9149312984785336,0.9171498063311944,0.7221797545464285,0.9857027850456758,0.2456198347107438,0.3840220385674931,0.5885399449035813,0.0318257110407858,0.99039393681932,0.9157136497244216,0.9911031225853888,0.989618559576362,0.9351268236134598,0.6929844423122645
O8,linear,4,1782,12481,0.8470436216297004,0.8983946067701908,0.90822463109009,0.9080380515115732,0.7273771498117717,0.9848367685568828,0.2420936639118457,0.3851239669421488,0.5983471074380166,0.0346003521047019,0.989084270835342,0.9101690006069112,0.9905708627414302,0.9842095125512756,0.9299708962228124,0.6864358552753714
O8,mlp,0,1782,120647,0.8757250937516002,0.9223359057035144,0.9300890484471254,0.9324403433862932,0.7694018084444557,0.9885205910899288,0.3024460114587924,0.4525121198765976,0.6588805641251653,0.0244487094992107,0.9917142399101936,0.9171113413474726,0.9835449434704586,0.9832355651067268,0.9328054214753324,0.6484703003247986
O8,mlp,1,1782,120647,0.872692798869464,0.9202409129731826,0.9283495729940044,0.931094500649402,0.7692656575353616,0.9871315299857952,0.2992837465564738,0.4595041322314049,0.6532231404958677,0.0289181914014264,0.9919837494226388,0.9245195717126432,0.9840456512719652,0.9874851886517512,0.9319520083766096,0.6576991992057099
O8,mlp,2,1782,120647,0.879768912531658,0.9235561248253376,0.9305016732961569,0.9320459672560366,0.7788836937832548,0.9878155525211564,0.3080652269722345,0.4646319964742177,0.6721022476862054,0.0262123837758392,0.991964718886902,0.930367565671548,0.9874493070437688,0.9872972058059384,0.9278869507810844,0.6635435058923019
O8,mlp,3,1782,120647,0.8742430142307352,0.9212914711481042,0.9268969782837744,0.9278077847426972,0.7634258574854703,0.987459156043542,0.3018181818181818,0.4556473829201102,0.6577410468319559,0.0267770878342557,0.991473423421169,0.920599013931278,0.9864389196524652,0.9889605173587036,0.9259028124725592,0.6505529450812411
O8,mlp,4,1782,120647,0.871335786635661,0.9180206782925684,0.926176998284306,0.9288330209167706,0.7677791668547603,0.9879959478232352,0.2922314049586776,0.443526170798898,0.646831955922865,0.0251607456450291,0.9914223871571264,0.9163508805251288,0.9868727254185502,0.9848099313841228,0.9242202287178344,0.6290292315985964
O9,linear,0,1758,12313,0.8538868359534558,0.9047111547905275,0.914009422795904,0.9140203788384308,0.7322592929410452,0.9858784919031498,0.2622300572939621,0.4043631555751432,0.6077567210224769,0.0312620502387232,0.9910128455871224,0.9077817341499234,0.9881187220782696,0.9888566820526494,0.938002693986656,0.7057010469003169
O9,linear,1,1758,12313,0.8487884494069775,0.9019896436416812,0.9129270279925176,0.9142424690647598,0.7306915053555484,0.9845683888872576,0.2495867768595041,0.3866666666666666,0.5907438016528925,0.0352194008781233,0.9906728904598944,0.9205655614970192,0.9896319416012184,0.9898727499195604,0.931265513512317,0.7041907376735674
O9,linear,2,1758,12313,0.8521855497835189,0.9030639862032503,0.9151150621196956,0.9169831035704492,0.7349413830509378,0.9853706394952874,0.2601366240634641,0.3945570736007051,0.5983913618334068,0.0324838673453753,0.9916166084304882,0.9264934892250044,0.9911526509881756,0.9850188020824844,0.9324969257966702,0.7040959369169688
O9,linear,3,1758,12313,0.8463142706300272,0.9004564367832654,0.9144638188768264,0.9172633647993526,0.7197790386997344,0.9856374199602976,0.2459504132231404,0.3814876033057851,0.5868870523415978,0.0326067064583465,0.9907483595103944,0.9156193596335414,0.9911186012107857,0.9895806395589014,0.9345134722436788,0.6930718894504331
O9,linear,4,1758,12313,0.8463222236474964,0.8975318173497083,0.90787863871619,0.9080710823375916,0.7260608043618928,0.9847146945821832,0.2379063360881542,0.380495867768595,0.5987878787878788,0.0353050105827899,0.9890181429597786,0.910538004481544,0.990584886745914,0.9841783176453636,0.928752188865558,0.6862652784600116
O9,mlp,0,1758,119087,0.8780961250132485,0.9235915116570328,0.930987898453088,0.9328845185509655,0.7727932836306182,0.988654144572118,0.2945130013221683,0.4576906126046716,0.6624063464081092,0.0236158980119853,0.9915589414354048,0.915073085486479,0.9828713893139212,0.9871977973617408,0.9279650912787302,0.6273786038149755
O9,mlp,1,1758,119087,0.8740550757537202,0.9210209490912186,0.9293508769768716,0.9323608851318356,0.7709648608936516,0.9873926777281288,0.3097520661157025,0.4588429752066115,0.6629201101928375,0.0281318100687557,0.9922662809099336,0.924478261483959,0.983579536658978,0.9882945881952788,0.9242098777360854,0.6477390386221047
O9,mlp,2,1758,119087,0.8779648044420516,0.9214837800073012,0.9282752865815498,0.9303985603705563,0.7757679770386361,0.9877083354742604,0.3164389598942265,0.4690392243278977,0.6697884530630234,0.0258172464467923,0.9910985678302974,0.9287677561012434,0.9868345169202551,0.982091748084924,0.9198460921134096,0.6717234623343531
O9,mlp,3,1758,119087,0.8741486522965783,0.9224329633489748,0.92907435442865,0.9306880404350736,0.7639259762529839,0.9879600287026862,0.296198347107438,0.4520110192837465,0.6515702479338843,0.0259922890163978,0.9924287001031468,0.9209723683115996,0.9856004823120956,0.983503511803701,0.9255293898842996,0.6428748345264294
O9,mlp,4,1758,119087,0.8710039200272084,0.9176354475919102,0.925829222444561,0.9286286426807818,0.7665777881620692,0.988175927280371,0.2980716253443526,0.4482644628099173,0.6463911845730027,0.0242309740817908,0.9913931268746492,0.9128613987493476,0.9867823576913564,0.978715185441502,0.9292860880310106,0.6322669649077522
