scene_id,valid_candidate_count,kinematic_valid_count,hard_vector_diversity,consequence_distance_mean,consequence_distance_std,equivalent_pairs,divergent_pairs,ambiguous_pairs,safety_boundary_pairs,has_equivalent_and_divergent,categories
006a99c013c25bd1,16,16,2,0.4149191837247449,0.4785526479201242,46,29,45,7,True,"straight,junction,dynamic_interaction,candidate_sensitive"
00db839919845d3f,9,10,1,0.1925512820798132,0.18614751344203181,11,0,25,0,False,"straight,dynamic_interaction,near_collision"
014725c44c265d3e,16,16,3,0.739498691319529,0.7729706650597331,14,26,80,14,True,"straight,dynamic_interaction,near_collision,candidate_sensitive"
037dc3b77bb153bb,15,16,3,1.0736670809118525,0.7075592142229122,12,70,23,18,True,"turning,junction,static_easy,candidate_sensitive"
03898b4b186d5da5,16,16,1,0.28914882776975653,0.24029772119814766,23,2,95,0,True,"straight,dynamic_interaction,near_collision,candidate_sensitive"
03974268ba065826,16,16,1,0.7020712474549917,0.6576844197311958,10,41,69,0,True,"straight,junction,dynamic_interaction,candidate_sensitive"
03ca3fabe9ab524f,16,16,1,0.446302961387943,0.24522886330139484,4,10,106,0,True,"straight,dynamic_interaction,candidate_sensitive"
03db2416cdf053cb,16,16,1,0.32003275011912075,0.20919203336693873,11,3,106,0,True,"turning,junction,dynamic_interaction,candidate_sensitive"
04ac344d377f5c13,16,16,1,0.3820783738636557,0.41319072530960166,27,28,65,0,True,"straight,dynamic_interaction,near_collision,candidate_sensitive"
04bd3c173b2f5805,10,10,1,0.22877173945350557,0.12229102407348161,5,0,40,0,False,"turning,junction,dynamic_interaction"
062d78cd67835cf6,15,16,1,0.46393825631236824,0.6022999043457363,35,27,43,0,True,"turning,junction,dynamic_interaction,candidate_sensitive"
077e7d4e39b95cda,16,16,1,0.5586442375024951,0.4163095816784664,13,32,75,0,True,"straight,junction,dynamic_interaction,near_collision,candidate_sensitive"
086e0f78d9655b2a,15,16,1,0.8813368692209247,0.7532570369570508,8,57,40,0,True,"turning,static_easy,candidate_sensitive"
08c425fec5365fc3,15,16,1,0.5272204555387867,0.5518043794569385,8,26,71,0,True,"turning,junction,dynamic_interaction,candidate_sensitive"
097fb01da754566e,12,12,1,0.48345369243159664,0.30350804533295805,5,12,49,0,True,"turning,junction,dynamic_interaction,near_collision,candidate_sensitive"
0a87d1ffc8b856a4,16,16,2,0.8578537111295946,0.8258968701644411,27,61,32,17,True,"straight,junction,dynamic_interaction,candidate_sensitive"
0ab6d00e5b215474,10,10,1,0.11818610033525781,0.07749112299209525,21,0,24,0,False,"straight,dynamic_interaction,near_collision"
0aba85e2a5505a05,16,16,2,0.8793034029051418,0.7306427512150923,17,59,44,6,True,"straight,junction,dynamic_interaction,candidate_sensitive"
0aca77b3c41953cf,16,16,1,0.5572816121597868,0.576390323245596,26,41,53,0,True,"turning,junction,static_easy,candidate_sensitive"
0b2061c2aced52de,16,16,1,0.5021129614394787,0.6984109182189676,42,28,50,0,True,"straight,junction,dynamic_interaction,candidate_sensitive"
0b252c9a7ab652c6,15,16,1,0.6218773124821368,0.74771173124447,17,26,62,0,True,"turning,dynamic_interaction,candidate_sensitive"
0b73c50759445882,10,10,1,0.21221641018053153,0.08886763980372243,4,0,41,0,False,"turning,dynamic_interaction"
0b851ad2bf9c54b9,16,16,2,0.6658451945621255,0.4992885061648943,9,43,68,21,True,"straight,dynamic_interaction,near_collision,candidate_sensitive"
0bcaf4e5af60552e,15,16,1,0.41649275674734443,0.3295738850513365,15,17,73,0,True,"turning,junction,dynamic_interaction,candidate_sensitive"
0c2668e3ce5251ca,16,16,1,0.3584076692989275,0.30953220473190346,14,16,90,0,True,"straight,dynamic_interaction,candidate_sensitive"
0c36e5be6efe54c8,15,16,1,0.32851511597461436,0.35231360515705834,28,13,64,0,True,"turning,junction,dynamic_interaction,candidate_sensitive"
0ce464fbd7655006,16,16,2,0.5554268794625415,0.513332674536778,22,37,61,13,True,"straight,static_easy,candidate_sensitive"
0d4c3103fa4a5fdb,16,16,1,0.5604898184586524,0.5895591829466093,10,28,82,0,True,"turning,junction,dynamic_interaction,candidate_sensitive"
0d54f3d4f20c5535,16,16,1,0.4050059858439357,0.3544539903995474,13,16,91,0,True,"straight,junction,dynamic_interaction,near_collision,candidate_sensitive"
0db63492d72753cd,16,16,2,0.680924981223217,0.7816261650895577,23,41,56,7,True,"straight,junction,dynamic_interaction,near_collision,candidate_sensitive"
0de342f4dc1659a3,10,10,1,0.39235482585149933,0.30759809680815164,3,8,34,0,True,"turning,junction,dynamic_interaction,near_collision,candidate_sensitive"
0ee84d69449d5d59,16,16,1,0.3438813150984318,0.3978095105527716,38,26,56,0,True,"straight,junction,dynamic_interaction,near_collision,candidate_sensitive"
11a442e829725ea4,16,16,1,0.5511637162315365,0.39727488100931757,5,26,89,0,True,"straight,dynamic_interaction,candidate_sensitive"
12009f0ee2f95e20,16,16,2,0.290413656286467,0.3684551779407317,31,15,74,6,True,"turning,dynamic_interaction,near_collision,candidate_sensitive"
1320458f13295899,16,16,2,0.475097099295321,0.46761669737900174,15,27,78,7,True,"straight,static_easy,candidate_sensitive"
135d4a66f649579c,16,16,2,0.6217530516664947,0.6341618965157657,34,51,35,13,True,"straight,junction,dynamic_interaction,candidate_sensitive"
146f6746fbce5440,16,16,2,0.5567248035505268,0.5258277191503165,22,39,59,19,True,"straight,junction,dynamic_interaction,near_collision,candidate_sensitive"
14a9c847fff35a0f,16,16,1,0.3725587133905247,0.26641203541034364,15,10,95,0,True,"straight,dynamic_interaction,near_collision,candidate_sensitive"
1541af1702625c19,16,16,1,0.5225403079888008,0.45419282268219263,23,35,62,0,True,"straight,dynamic_interaction,candidate_sensitive"
16719661f7425665,16,16,1,0.30726970373357726,0.30731633657316276,32,15,73,0,True,"turning,junction,dynamic_interaction,candidate_sensitive"
1679045ef1f954b1,16,16,1,0.36745577664574186,0.38422662604371344,24,15,81,0,True,"turning,junction,dynamic_interaction,candidate_sensitive"
16e07c7673ad5755,16,16,1,0.35663823818704116,0.39356240003195553,28,14,78,0,True,"turning,junction,dynamic_interaction,candidate_sensitive"
16e446eab82b5d45,16,16,3,0.9914214503434279,1.0452338252776048,21,63,36,19,True,"turning,junction,dynamic_interaction,near_collision,candidate_sensitive"
175b796d5ef85d23,10,10,1,0.13140871676953253,0.06573851441832002,13,0,32,0,False,"straight,dynamic_interaction,near_collision"
17e91c262295567e,16,16,2,0.5351450798933842,0.5919513610354551,34,41,45,7,True,"straight,junction,dynamic_interaction,near_collision,candidate_sensitive"
191f94dc85fd5899,15,16,2,0.9484264140310648,1.1628696968435202,4,27,74,0,True,"turning,junction,dynamic_interaction,candidate_sensitive"
1985aee75e0d56a2,16,16,1,0.34770144478577564,0.3443481791853216,24,21,75,0,True,"straight,junction,dynamic_interaction,near_collision,candidate_sensitive"
198a80bb72b2578f,10,10,1,0.3349932464533334,0.14127268291486417,0,0,45,0,False,"turning,dynamic_interaction"
1a3c369459735f47,16,16,2,0.671151727956729,0.7164629076628302,18,41,61,18,True,"straight,dynamic_interaction,candidate_sensitive"
1bb24d1845415748,16,16,2,0.6895922926875512,0.665672556545206,11,46,63,1,True,"turning,junction,dynamic_interaction,candidate_sensitive"
1ce56f9b6d025f2b,16,16,1,0.3296684628434935,0.2699372275857591,15,13,92,0,True,"turning,junction,dynamic_interaction,near_collision,candidate_sensitive"
20ad18d721175896,16,16,2,0.7599156515824091,0.6847838459048124,27,61,32,17,True,"straight,junction,dynamic_interaction,candidate_sensitive"
20f4b98587d25c47,15,16,1,0.42372377267073014,0.3707156511434962,14,16,75,0,True,"turning,junction,dynamic_interaction,near_collision,candidate_sensitive"
2287e82a95905593,10,10,1,0.4276403380007834,0.5745950778757993,11,9,25,0,True,"straight,dynamic_interaction,near_collision,candidate_sensitive"
22e0a0d7a13054c4,16,16,1,0.5962369346570455,0.8349998583491371,37,28,55,0,True,"straight,junction,dynamic_interaction,candidate_sensitive"
232c9cc57f5d518d,16,16,1,0.7196598737644937,0.8691964781077488,27,41,52,0,True,"straight,dynamic_interaction,candidate_sensitive"
23c07c2311925a37,16,16,1,0.36604383114854694,0.3196504040589344,9,14,97,0,True,"turning,junction,dynamic_interaction,near_collision,candidate_sensitive"
244acddfc02a51fd,16,16,1,0.4204435673579552,0.376673790007044,16,16,88,0,True,"straight,dynamic_interaction,near_collision,candidate_sensitive"
253191d7064a5ebe,16,16,2,0.6863939238187029,0.5938747158613915,26,52,42,1,True,"turning,junction,dynamic_interaction,candidate_sensitive"
254ee9fd016f583b,11,11,1,0.5017272156169498,0.41084364315745425,1,11,43,0,True,"straight,junction,dynamic_interaction,near_collision,candidate_sensitive"
256048e0d10a59dc,16,16,2,0.48215375114999315,0.46482497424906083,10,20,90,6,True,"straight,dynamic_interaction,candidate_sensitive"
2596335e02705952,16,16,1,0.2521437086108433,0.17606420434492714,22,0,98,0,False,"straight,junction,dynamic_interaction,near_collision"
25ea324dbee45763,3,3,1,0.3257768843293614,0.11680669846175787,0,0,3,0,False,turning
2662a3ff62425572,16,16,2,0.4216892638376574,0.43046115009371877,25,19,76,7,True,"straight,junction,dynamic_interaction,candidate_sensitive"
268294b091a75dd2,16,16,1,0.4600428262878854,0.42351377093697773,11,27,82,0,True,"straight,junction,dynamic_interaction,near_collision,candidate_sensitive"
268f5099cafc55c0,16,16,1,0.34628555721464366,0.3822446366495734,33,19,68,0,True,"straight,dynamic_interaction,near_collision,candidate_sensitive"
27dcba80886b5499,16,16,1,0.9553809479586335,0.8966231557917917,28,71,21,0,True,"straight,junction,dynamic_interaction,candidate_sensitive"
287cd40f18eb5a61,10,10,1,0.2364484721684687,0.16428179985606978,8,0,37,0,False,"turning,dynamic_interaction"
295085b0acdd5865,16,16,1,0.31614263465609405,0.3345784909774247,32,16,72,0,True,"straight,junction,dynamic_interaction,near_collision,candidate_sensitive"
2a26b0df69b859a3,15,16,2,0.9778227481512621,0.7412676958390825,4,62,39,13,True,"turning,static_easy,candidate_sensitive"
2b458e47409952a5,16,16,1,0.660721060936247,0.543856390895718,4,32,84,0,True,"turning,junction,dynamic_interaction,near_collision,candidate_sensitive"
2b5b074e74e350fb,16,16,2,0.4894110566110218,0.6611765988602525,14,0,106,8,False,"straight,junction,dynamic_interaction,near_collision"
2b95cba0f0165d87,16,16,2,0.714304480905304,0.6230108018058266,21,43,56,24,True,"straight,junction,dynamic_interaction,near_collision,candidate_sensitive"
2c12d5c93a4d58aa,16,16,1,0.3723252783219407,0.4187011430248071,25,28,67,0,True,"straight,junction,dynamic_interaction,near_collision,candidate_sensitive"
2c519f12e14159ed,16,16,2,0.5176238621863055,0.6140271664773218,39,40,41,7,True,"straight,junction,static_easy,candidate_sensitive"
2d0d216beeb35828,16,16,1,0.5684995294286931,0.8119895957443696,42,28,50,0,True,"straight,dynamic_interaction,near_collision,candidate_sensitive"
2d788ee71afe5ff4,16,16,2,1.0538688587410079,0.6915830758274091,4,83,33,6,True,"turning,junction,dynamic_interaction,candidate_sensitive"
2d93312c1d9550fc,0,0,0,,,0,0,0,0,False,straight
2de61e18fea35d95,16,16,1,0.5065324807208389,0.6051553418703871,18,28,74,0,True,"straight,junction,dynamic_interaction,near_collision,candidate_sensitive"
2df023fe2eab5aa7,16,16,2,0.6569559217861164,0.5917634727250187,26,58,36,14,True,"straight,static_easy,candidate_sensitive"
2e1802ef9ce05d52,15,16,2,0.736006603154329,0.634992183634818,6,48,51,6,True,"turning,junction,dynamic_interaction,candidate_sensitive"
2e90c23d0b2c5c3d,16,16,2,0.7777415499168092,0.6680320816633639,10,41,69,19,True,"straight,dynamic_interaction,near_collision,candidate_sensitive"
2eb20ba165855d43,10,10,1,0.5265383533341519,0.7117203347038872,15,9,21,0,True,"straight,junction,dynamic_interaction,near_collision,candidate_sensitive"
2ee6ff1ed08c5bec,10,10,1,0.22382598051724814,0.2299566199666697,14,0,31,0,False,"straight,dynamic_interaction"
2f11159083385ce4,15,16,1,0.3578761971031927,0.25516036771439754,7,12,86,0,True,"turning,junction,static_easy,candidate_sensitive"
2f43e6877b1a5a0c,16,16,1,0.2815126934074782,0.1713476944796846,12,1,107,0,True,"turning,dynamic_interaction,candidate_sensitive"
30c563a746ce5278,16,16,2,0.40810253878331615,0.4238035594227884,11,17,92,7,True,"straight,junction,dynamic_interaction,candidate_sensitive"
31986587fe43598b,10,10,1,0.4426755750083947,0.6976461555536141,19,9,17,0,True,"straight,dynamic_interaction,near_collision,candidate_sensitive"
31a41795b8425c73,13,13,2,0.7849913098498733,0.8367076208262784,17,32,29,13,True,"straight,junction,dynamic_interaction,candidate_sensitive"
32b8e2d15f1857b9,15,16,3,0.9018653025764667,0.7199685793740872,9,59,37,16,True,"turning,junction,dynamic_interaction,near_collision,candidate_sensitive"
331aef1e51c556ca,16,16,1,0.3196244552567094,0.35199612494520177,41,15,64,0,True,"turning,junction,dynamic_interaction,candidate_sensitive"
33267e23dd4158df,13,13,2,0.7301982967524611,0.6077439400013078,11,31,36,6,True,"straight,candidate_sensitive"
33615487dc3657ea,16,16,1,0.21739530244135988,0.21840888107575473,34,0,86,0,False,"straight,junction,dynamic_interaction"
3450f9be2a4d5378,15,16,2,0.6688682850526357,0.7269624670095312,24,38,43,0,True,"turning,junction,dynamic_interaction,candidate_sensitive"
348bcc3340ec54c1,10,10,1,0.23141396851114585,0.2613330808709192,12,0,33,0,False,"straight,junction,dynamic_interaction,near_collision"
34d8b74bd6595933,16,16,1,0.2739840947769089,0.20107422180194887,22,2,96,0,True,"straight,dynamic_interaction,near_collision,candidate_sensitive"
36c11e387b1c5c4a,16,16,1,0.5105107950080139,0.6259042270257649,23,28,69,0,True,"turning,junction,dynamic_interaction,candidate_sensitive"
36d888313f465ba7,16,16,3,0.7691277797790065,0.9836662411594774,35,41,44,19,True,"turning,static_easy,candidate_sensitive"
371c5590db7052e5,16,16,2,0.8254764101944171,0.756493104507505,14,53,53,6,True,"turning,dynamic_interaction,candidate_sensitive"
377c6028a4ca54a9,16,16,1,0.4891671386020777,0.6902105811065152,42,28,50,0,True,"straight,dynamic_interaction,near_collision,candidate_sensitive"
379b0952898d5f13,10,10,1,0.35843593433205456,0.5021970107821129,8,9,28,0,True,"straight,dynamic_interaction,candidate_sensitive"
37ba6149d18c5dc6,16,16,2,0.6407783694584432,0.5319689314981161,6,41,73,11,True,"straight,dynamic_interaction,candidate_sensitive"
37dcce2d2f95549f,16,16,1,0.4012168180171295,0.3590177376870118,8,15,97,0,True,"turning,dynamic_interaction,candidate_sensitive"
3808b4af775c5c13,12,12,1,0.5743932306953696,0.5053944897424972,6,20,40,0,True,"straight,junction,static_easy,candidate_sensitive"
383e54e79cb4588f,12,12,1,0.6325455299195994,0.5392651453778845,6,22,38,0,True,"straight,junction,dynamic_interaction,near_collision,candidate_sensitive"
386fd66423a55677,10,10,1,0.5013915265027011,0.6570939013377886,18,9,18,0,True,"straight,junction,dynamic_interaction,near_collision,candidate_sensitive"
39bd24b0cba15c6d,16,16,1,0.48436458386240727,0.387170084973476,6,15,99,0,True,"straight,dynamic_interaction,near_collision,candidate_sensitive"
3a0353fe1c715c0b,16,16,1,0.38286673207831223,0.3151201066852934,9,15,96,0,True,"turning,junction,dynamic_interaction,candidate_sensitive"
3a7f8255911e58cb,16,16,1,0.4171789670948907,0.43305619661353956,15,16,89,0,True,"straight,dynamic_interaction,candidate_sensitive"
3b1e9d951d9e52f1,11,11,1,0.2620630876206995,0.4277034967593331,34,10,11,0,True,"straight,junction,dynamic_interaction,candidate_sensitive"
3b53aeb85e755341,16,16,1,0.34121167277741843,0.2669351824411038,16,12,92,0,True,"straight,dynamic_interaction,near_collision,candidate_sensitive"
3bbfeae26e455130,16,16,1,0.3769721929859375,0.34914420736722057,14,16,90,0,True,"turning,junction,dynamic_interaction,candidate_sensitive"
3c73f4251ab15fcb,16,16,3,0.6739698018478298,0.5995936901767414,27,52,41,16,True,"turning,dynamic_interaction,near_collision,candidate_sensitive"
3e1e7646625e5d27,16,16,1,0.39875841388679695,0.40544045944523527,20,16,84,0,True,"straight,dynamic_interaction,candidate_sensitive"
3e8c34bdf04851b4,16,16,1,0.5843975155553728,0.6646666244114072,12,28,80,0,True,"turning,static_easy,candidate_sensitive"
3f46fb6df4865fa8,10,10,1,0.38094732170847845,0.31857962600993556,6,8,31,0,True,"turning,junction,dynamic_interaction,near_collision,candidate_sensitive"
3f6758c0c8295172,16,16,1,0.7715179371249742,0.6199948470659548,12,60,48,0,True,"straight,junction,static_easy,candidate_sensitive"
3fe1dbae00f45b34,16,16,2,0.6506561560255193,0.511340342580526,8,48,64,17,True,"straight,static_easy,candidate_sensitive"
3fee50c8a94d50cc,16,16,2,1.0084398159327699,0.8275121381606143,21,77,22,19,True,"straight,static_easy,candidate_sensitive"
40d8808daafe517b,15,16,1,0.3129637420158895,0.3654043254343491,39,13,53,0,True,"turning,junction,dynamic_interaction,candidate_sensitive"
41aeeee687f65eef,10,10,1,0.18496176956429491,0.1226002577283076,14,0,31,0,False,"straight,dynamic_interaction"
41b072b96af35872,16,16,1,0.35837999104174223,0.195918391612074,6,4,110,0,True,"turning,dynamic_interaction,near_collision,candidate_sensitive"
41f534e68fd35df4,16,16,3,1.801255249025555,1.4815868173848998,6,65,49,14,True,"straight,junction,dynamic_interaction,near_collision,candidate_sensitive"
42231e5449d3576a,15,16,1,0.3979286645917049,0.3890611079072918,12,14,79,0,True,"turning,junction,dynamic_interaction,near_collision,candidate_sensitive"
42977cb116ef5c2b,15,16,2,0.5346742757023032,0.5103341976691375,14,31,60,6,True,"turning,junction,dynamic_interaction,candidate_sensitive"
42cbd13bd837586b,12,12,1,0.7649422048616032,0.5771945538348596,4,36,26,0,True,"turning,junction,dynamic_interaction,candidate_sensitive"
432491a476ae5297,16,16,2,0.6375217019703718,0.6011091544131496,17,39,64,18,True,"straight,dynamic_interaction,near_collision,candidate_sensitive"
432d6c15666b52d3,10,10,1,0.2090055648515937,0.12725410052152938,9,0,36,0,False,"straight,dynamic_interaction,near_collision"
4430115801b656f2,9,10,1,0.17473157150365654,0.16302584267306858,14,0,22,0,False,"straight,junction,dynamic_interaction,near_collision"
44676c88db30566d,10,10,1,0.7871633075503935,0.6743220661504163,5,23,17,0,True,"turning,dynamic_interaction,near_collision,candidate_sensitive"
4481f240c51d5fcf,15,15,1,0.570487090109657,0.4294828060918344,14,39,52,0,True,"straight,junction,dynamic_interaction,candidate_sensitive"
44afbe74218c5b04,16,16,1,0.5202591864119425,0.4243972658745582,12,20,88,0,True,"straight,dynamic_interaction,near_collision,candidate_sensitive"
4519b825a7595c20,16,16,1,0.3208520636032161,0.22588942697841238,17,4,99,0,True,"straight,dynamic_interaction,near_collision,candidate_sensitive"
452920c0479a5c19,15,16,2,0.9315213594398007,0.7327352964926794,13,62,30,13,True,"turning,junction,dynamic_interaction,near_collision,candidate_sensitive"
4542785342605a39,16,16,1,0.4813382801053598,0.42215975315026494,10,28,82,0,True,"turning,junction,dynamic_interaction,near_collision,candidate_sensitive"
45bf01a62689544f,12,12,1,0.5043573554112104,0.46427143055230985,12,20,34,0,True,"straight,dynamic_interaction,near_collision,candidate_sensitive"
45ff6e480d0853b1,15,16,3,1.500382389435028,0.9754077860640041,2,81,22,7,True,"turning,junction,dynamic_interaction,candidate_sensitive"
46003b81ab1a5229,16,16,2,1.0328013160587803,0.9969621382475683,21,63,36,17,True,"straight,junction,dynamic_interaction,near_collision,candidate_sensitive"
4777340c032e5bde,16,16,1,0.5175786381239613,0.6119913129017809,21,28,71,0,True,"straight,dynamic_interaction,candidate_sensitive"
47afd0981fa351a0,16,16,1,0.6674899676793543,0.8335553286100401,35,41,44,0,True,"straight,dynamic_interaction,near_collision,candidate_sensitive"
47b1078ed20b5e3d,16,16,1,0.37230333037543867,0.44324180992459916,31,28,61,0,True,"straight,junction,dynamic_interaction,near_collision,candidate_sensitive"
480434fc72d455af,15,16,1,0.40104848564744344,0.2926538251563958,8,17,80,0,True,"turning,junction,dynamic_interaction,candidate_sensitive"
480616f49c9a59ba,16,16,2,0.6818229035100034,0.5385314563129925,19,43,58,18,True,"straight,junction,dynamic_interaction,near_collision,candidate_sensitive"
4843cfed1f055f5b,12,12,1,0.49848339557612426,0.5231708386843591,12,20,34,0,True,"straight,junction,dynamic_interaction,near_collision,candidate_sensitive"
48eab517ad725e44,16,16,2,0.6758569266607763,0.6215923422219053,27,51,42,15,True,"turning,junction,static_easy,candidate_sensitive"
4a47f854ddd55e98,16,16,2,0.474582659615058,0.4582022292813858,18,22,80,5,True,"turning,junction,dynamic_interaction,near_collision,candidate_sensitive"
4a6d08d74a1952af,16,16,2,0.6718072276598714,0.7438848208542281,24,41,55,1,True,"turning,junction,dynamic_interaction,near_collision,candidate_sensitive"
4aa76ce9d7575962,16,16,3,0.8687877593553569,1.0281755103038857,15,44,61,9,True,"turning,junction,dynamic_interaction,candidate_sensitive"
4b28f5c8d4005109,10,10,1,0.5857868535586223,0.8876877962402347,12,9,24,0,True,"straight,dynamic_interaction,near_collision,candidate_sensitive"
4d3eb7b04dbc5dc5,16,16,1,0.4501246819919021,0.5921583304456647,37,28,55,0,True,"straight,dynamic_interaction,candidate_sensitive"
4d5869839f9358f6,16,16,1,0.2973045475969999,0.3465198752347524,37,14,69,0,True,"turning,junction,dynamic_interaction,near_collision,candidate_sensitive"
4e3e4099f6d55622,16,16,2,0.7145610844110635,0.7207038729723452,24,52,44,10,True,"turning,junction,static_easy,candidate_sensitive"
4e4fa95b026552eb,13,13,1,0.5838579662531337,0.4488491624117503,10,24,44,0,True,"straight,junction,dynamic_interaction,near_collision,candidate_sensitive"
5064e21117b25126,16,16,1,0.22169366802001048,0.13025441707346805,21,0,99,0,False,"turning,junction,dynamic_interaction,near_collision"
525da23ab9db5fba,16,16,2,0.5276732807932267,0.4573232684885061,11,19,90,6,True,"straight,junction,dynamic_interaction,near_collision,candidate_sensitive"
52688ac7c488577b,16,16,1,0.5113566310516974,0.6315590835138098,21,28,71,0,True,"straight,junction,dynamic_interaction,near_collision,candidate_sensitive"
526a773b877f525f,16,16,1,0.5993706633161852,0.48573373548255616,21,50,49,0,True,"turning,dynamic_interaction,near_collision,candidate_sensitive"
52e0404827525b32,16,16,1,0.32776145237254667,0.34453384021690886,35,14,71,0,True,"straight,junction,dynamic_interaction,near_collision,candidate_sensitive"
5418e3b659955706,16,16,2,0.6128160105427501,0.6896440283938272,29,41,50,7,True,"straight,static_easy,candidate_sensitive"
5490fae15ae550f0,16,16,2,0.6180451919452107,0.7051473406898797,30,41,49,7,True,"straight,junction,static_easy,candidate_sensitive"
54a56003117a5854,16,16,1,0.4585236688814343,0.5539978830108414,19,28,73,0,True,"straight,junction,dynamic_interaction,near_collision,candidate_sensitive"
5544d91579435462,10,10,1,0.23512981708741798,0.14100487001589643,8,0,37,0,False,"straight,junction,dynamic_interaction,near_collision"
55e744d004945b62,16,16,2,0.8083187870263309,0.6757399014349499,12,51,57,21,True,"straight,dynamic_interaction,candidate_sensitive"
56b3a90e8afe5490,16,16,2,0.45808388052254195,0.5267351208295433,49,41,30,6,True,"straight,junction,dynamic_interaction,near_collision,candidate_sensitive"
578826d479fc56bc,12,12,1,0.4935371093965181,0.3929943759575238,5,12,49,0,True,"straight,junction,dynamic_interaction,near_collision,candidate_sensitive"
57bdde03619c584a,16,16,2,0.5575076960900355,0.5192061036340048,32,39,49,17,True,"turning,dynamic_interaction,near_collision,candidate_sensitive"
57c625150f4556d4,16,16,1,0.5996915904493257,0.7005573901728238,23,29,68,0,True,"straight,junction,dynamic_interaction,candidate_sensitive"
58b2066b3e0a53cd,16,16,1,0.552369834363617,0.47094797741716476,15,50,55,0,True,"straight,junction,dynamic_interaction,near_collision,candidate_sensitive"
592e40488a045836,16,16,2,0.9588614472948157,0.8601097010626048,9,63,48,17,True,"straight,dynamic_interaction,candidate_sensitive"
5a1543a3893f51b8,15,15,1,0.6461025308513105,0.5598076760884297,20,50,35,0,True,"straight,junction,dynamic_interaction,near_collision,candidate_sensitive"
5ac416698ad454d1,10,10,1,0.262791035517532,0.2970398486711923,14,5,26,0,True,"straight,dynamic_interaction,near_collision,candidate_sensitive"
5b11df0b1c4e5fe1,10,10,1,0.08369964314727596,0.05189161960240213,31,0,14,0,False,"straight,dynamic_interaction,near_collision"
5b8d5351b3af5c76,9,10,1,0.11040121340508244,0.10193111611879851,15,0,21,0,False,"straight,dynamic_interaction,near_collision"
5bac5a126c6a5797,16,16,1,0.508942507606059,0.7413305499944705,51,28,41,0,True,"straight,junction,dynamic_interaction,near_collision,candidate_sensitive"
5bbdc28726ba5722,16,16,2,0.6646062314124468,0.5719449321757613,16,43,61,19,True,"straight,dynamic_interaction,candidate_sensitive"
5c201bd2b0eb55e3,16,16,2,0.7783220793178885,0.7557549876616811,31,43,46,26,True,"straight,dynamic_interaction,candidate_sensitive"
5d34a59aa6285852,15,16,2,0.6680898442948652,0.6640660315915634,14,38,53,6,True,"turning,junction,dynamic_interaction,candidate_sensitive"
5eaeba87d1b95fc7,15,16,1,0.6008535439309758,0.6241625535513541,7,26,72,0,True,"turning,junction,dynamic_interaction,candidate_sensitive"
5ece55a8b7d75b53,16,16,2,0.5342303614516584,0.4969840103836544,12,23,85,6,True,"straight,dynamic_interaction,candidate_sensitive"
5f7b874772ce55a9,16,16,1,0.45980254590831193,0.31867739190910593,17,19,84,0,True,"straight,junction,dynamic_interaction,near_collision,candidate_sensitive"
5fd862fef6575dda,12,12,1,0.27762273083833994,0.2445018999202691,12,3,51,0,True,"straight,dynamic_interaction,candidate_sensitive"
60b86fd0bed45aba,16,16,1,0.4288915324058136,0.44561847774729957,35,29,56,0,True,"turning,dynamic_interaction,near_collision,candidate_sensitive"
60c680c86d765a2a,16,16,1,0.49789720540810456,0.6221980171974661,57,41,22,0,True,"straight,junction,dynamic_interaction,near_collision,candidate_sensitive"
6143d5a994fe5065,16,16,1,0.40996347728239907,0.2982335465102203,9,11,100,0,True,"straight,dynamic_interaction,candidate_sensitive"
617ebe5cd3785014,15,16,1,0.5997085070587105,0.7312867348326064,13,26,66,0,True,"turning,junction,dynamic_interaction,candidate_sensitive"
61a00ef82fa857f7,16,16,2,0.7397432140476639,0.5894953551877563,7,53,60,14,True,"turning,junction,dynamic_interaction,candidate_sensitive"
622ffaf8e2015c1d,10,10,1,0.2798215048449271,0.27475665256675563,12,3,30,0,True,"straight,junction,dynamic_interaction,near_collision,candidate_sensitive"
628727a1492154b3,16,16,1,0.3536523086659148,0.45735473308931857,45,24,51,0,True,"turning,junction,dynamic_interaction,candidate_sensitive"
62c918c40b745866,11,11,1,0.28064503798029433,0.4247184678594666,29,10,16,0,True,"straight,junction,dynamic_interaction,near_collision,candidate_sensitive"
62ef5e5509dc554e,16,16,1,0.2363587616857142,0.17965547699717138,28,0,92,0,False,"turning,junction,dynamic_interaction,near_collision"
62fb0f8e86d4577f,15,16,2,1.1634877547167588,0.7127635146589493,1,71,33,12,True,"turning,junction,dynamic_interaction,near_collision,candidate_sensitive"
62fc56291f8f58ed,16,16,2,0.5652804825713512,0.5238563148939913,14,28,78,14,True,"straight,dynamic_interaction,near_collision,candidate_sensitive"
63511b46d3e0539d,16,16,2,1.1327379909264033,0.8086063603023554,10,84,26,19,True,"straight,dynamic_interaction,candidate_sensitive"
63ab3ac191a358bc,10,10,1,0.49714355316373954,0.5290989583586341,12,16,17,0,True,"straight,dynamic_interaction,near_collision,candidate_sensitive"
6513c92def555e97,16,16,2,1.0487193369051266,0.8060695458581815,6,68,46,21,True,"turning,dynamic_interaction,candidate_sensitive"
65620bb4666552b6,16,16,2,0.7301395664461717,0.9074727826991619,35,41,44,7,True,"straight,junction,dynamic_interaction,near_collision,candidate_sensitive"
6594066ac3c25e9b,16,16,1,0.4456679794090546,0.3867435426049826,26,38,56,0,True,"turning,junction,static_easy,candidate_sensitive"
670a8b3849075579,15,16,1,0.4938666194756712,0.52951886332201,13,26,66,0,True,"turning,junction,dynamic_interaction,candidate_sensitive"
6781cfb0297c5be8,16,16,2,0.5414823121070357,0.6348142945677451,43,41,36,7,True,"straight,static_easy,candidate_sensitive"
67857b1f265955f2,16,16,1,0.5418737275900019,0.7450859700044614,38,28,54,0,True,"straight,junction,dynamic_interaction,near_collision,candidate_sensitive"
6799d8110d5650f1,16,16,1,0.28458888815961103,0.2027893577246245,9,2,109,0,True,"straight,junction,dynamic_interaction,candidate_sensitive"
67abde72e9645dd8,16,16,2,0.621950167271114,0.6914284636216163,29,41,50,6,True,"straight,junction,static_easy,candidate_sensitive"
6822dc0570565ef4,16,16,1,0.40624841429768227,0.45645982295388215,41,28,51,0,True,"straight,dynamic_interaction,near_collision,candidate_sensitive"
686f2dc36b565b98,16,16,2,0.6895386435348743,0.8680305453348847,10,25,85,8,True,"straight,dynamic_interaction,near_collision,candidate_sensitive"
68bd93f082ea5acc,16,16,2,0.5808241044291068,0.6273110312116315,20,41,59,7,True,"straight,dynamic_interaction,candidate_sensitive"
68e6c6f2776b5bca,16,16,1,0.5438744124286102,0.42715020653257124,16,38,66,0,True,"straight,dynamic_interaction,candidate_sensitive"
6a54a4db0121584a,16,16,1,0.363851578882705,0.35450803627059035,37,15,68,0,True,"straight,junction,dynamic_interaction,near_collision,candidate_sensitive"
6a6c36768da05e9c,10,10,1,0.33516556948094856,0.15949065747546112,2,0,43,0,False,"turning,junction,dynamic_interaction"
6bd2499b09fd51f2,16,16,1,0.8926419734730425,0.9334628444657269,21,61,38,0,True,"straight,junction,dynamic_interaction,near_collision,candidate_sensitive"
6be3263ee55a57db,15,16,2,0.7603379559325312,0.6672992785479492,13,48,44,10,True,"turning,junction,dynamic_interaction,candidate_sensitive"
6bf22ab1e2435651,16,16,1,0.46923840977536646,0.45242672999159955,13,28,79,0,True,"turning,dynamic_interaction,near_collision,candidate_sensitive"
6cdf8f7fcd2e536b,16,16,1,0.27302055214666004,0.22076731873622082,28,2,90,0,True,"straight,static_easy,candidate_sensitive"
6cfa2954baed521a,15,16,1,0.35533584860751466,0.45766072413074477,46,14,45,0,True,"turning,junction,dynamic_interaction,near_collision,candidate_sensitive"
6dc342c367275d54,16,16,1,0.3293043201816045,0.2711250891867056,15,13,92,0,True,"turning,junction,dynamic_interaction,candidate_sensitive"
6e0c83543e0359df,15,15,1,0.7560681790991043,0.5810685030125536,16,54,35,0,True,"straight,dynamic_interaction,near_collision,candidate_sensitive"
6f15ba39d24f5e09,10,10,1,0.39549393944358335,0.5182335370621906,12,9,24,0,True,"straight,dynamic_interaction,candidate_sensitive"
6f9cc7919dac57c3,16,16,2,0.8815518747193078,0.814893259649882,18,60,42,18,True,"straight,junction,dynamic_interaction,near_collision,candidate_sensitive"
6fab046674b753d7,16,16,2,0.8451686668176239,0.7985616100768022,27,62,31,5,True,"straight,static_easy,candidate_sensitive"
7001f28b13c953f7,16,16,1,0.4067815126403044,0.32700157863583273,6,16,98,0,True,"turning,junction,dynamic_interaction,near_collision,candidate_sensitive"
7010a9d4e4215bfa,16,16,1,0.4105030860320568,0.22411088117760047,5,4,111,0,True,"turning,junction,static_easy,candidate_sensitive"
7038fa8a8e8f5042,9,10,1,0.17697950615600755,0.16670580296971715,9,0,27,0,False,"straight,dynamic_interaction,near_collision"
706b49b560355b7a,15,16,1,0.5359259954453939,0.568485648666382,9,26,70,0,True,"turning,junction,dynamic_interaction,near_collision,candidate_sensitive"
70889563aa245aba,10,10,1,0.1455587440770008,0.0883352625890409,15,0,30,0,False,"straight,dynamic_interaction,near_collision"
712e65bbb96b590a,16,16,2,0.8342984355547145,0.7584733087756012,23,61,36,15,True,"straight,junction,dynamic_interaction,candidate_sensitive"
71b325262af555f1,16,16,1,0.49728336525863953,0.5210716964708881,8,29,83,0,True,"turning,junction,dynamic_interaction,candidate_sensitive"
720b67c225425a26,16,16,1,0.2948245934380733,0.15766672718987768,8,0,112,0,False,"turning,junction,dynamic_interaction"
721bb31a76015904,15,16,1,0.5515014624340745,0.6253230935657488,7,26,72,0,True,"turning,junction,dynamic_interaction,candidate_sensitive"
72439ddbd40d5c90,16,16,1,0.5823738592571173,0.5797328709590293,4,28,88,0,True,"straight,junction,dynamic_interaction,candidate_sensitive"
727e732085ce5f73,16,16,2,0.5363685011606794,0.41820929047299893,4,19,97,4,True,"turning,junction,dynamic_interaction,near_collision,candidate_sensitive"
730804c13a4e55fc,16,16,1,0.6639937443969532,0.6367274633599568,7,32,81,0,True,"straight,dynamic_interaction,near_collision,candidate_sensitive"
7448d597acf85b38,16,16,2,0.696741156148984,0.8166575093190733,25,41,54,7,True,"straight,dynamic_interaction,near_collision,candidate_sensitive"
74c842352bea52b1,16,16,2,0.7514036309032833,0.6386847913340218,29,64,27,7,True,"straight,junction,dynamic_interaction,candidate_sensitive"
74eb5e518998568b,16,16,2,0.7554177742221468,0.9438815710197087,41,41,38,6,True,"straight,dynamic_interaction,candidate_sensitive"
7524486e0b2d563d,13,13,2,0.5451059220589929,0.680631366053305,10,13,55,7,True,"straight,dynamic_interaction,near_collision,candidate_sensitive"
75f9590afb765f11,16,16,1,0.5483876921067846,0.587020020139402,9,28,83,0,True,"straight,junction,dynamic_interaction,candidate_sensitive"
766d892ef6615d9e,16,16,2,0.8392987376805343,0.8337514226842643,31,61,28,16,True,"straight,static_easy,candidate_sensitive"
767aeaaeb6025ef8,16,16,1,0.4491631079785641,0.486996973816223,22,28,70,0,True,"turning,junction,dynamic_interaction,near_collision,candidate_sensitive"
7703ccfe2acf5226,16,16,1,0.2808981441147156,0.31261870090581384,44,14,62,0,True,"straight,junction,dynamic_interaction,near_collision,candidate_sensitive"
77113d5285785900,16,16,1,0.21293470082881205,0.20855924792768205,48,0,72,0,False,"turning,junction,dynamic_interaction"
786c7d0f495e5b08,16,16,1,0.2779821085474661,0.2532181526754795,31,4,85,0,True,"straight,junction,dynamic_interaction,near_collision,candidate_sensitive"
78979b7df43655b2,16,16,2,0.47160150392958056,0.4897444450334811,15,15,90,6,True,"straight,dynamic_interaction,candidate_sensitive"
79079dc7426957c3,16,16,1,0.5430020821788591,0.639546385260001,38,41,41,0,True,"straight,dynamic_interaction,near_collision,candidate_sensitive"
79250c2d02555cba,16,16,2,0.6677154968378037,0.5272260366707568,12,48,60,26,True,"turning,dynamic_interaction,candidate_sensitive"
79995344a9565a10,10,10,1,0.1525442602776474,0.1629246478800418,23,0,22,0,False,"straight,dynamic_interaction,near_collision"
79c1dc47c5125d48,16,16,1,0.49336298383199634,0.43698601314215935,16,39,65,0,True,"straight,dynamic_interaction,near_collision,candidate_sensitive"
7a29949830265b87,10,10,1,0.5114776770105387,0.41404361202180373,10,19,16,0,True,"straight,dynamic_interaction,near_collision,candidate_sensitive"
7adfe8ce57f75773,16,16,2,0.5655289639094064,0.7136503308695612,41,41,38,7,True,"straight,junction,dynamic_interaction,candidate_sensitive"
7b3e6408b8a75792,15,16,2,0.8655008461894814,0.7614193948055349,16,56,33,14,True,"turning,junction,dynamic_interaction,candidate_sensitive"
7b53e11a23f152c7,13,13,1,0.5970867324364235,0.42193614089083764,2,22,54,0,True,"straight,junction,dynamic_interaction,near_collision,candidate_sensitive"
7c7a4555ce3152c0,16,16,2,0.5505114069461686,0.51061080610731,17,39,64,17,True,"turning,junction,dynamic_interaction,candidate_sensitive"
7d093504d76f53c1,15,16,1,0.3623131698897484,0.4812429276716729,52,26,27,0,True,"turning,junction,dynamic_interaction,candidate_sensitive"
7dcb247c89235f0e,16,16,2,0.632960948693254,0.6058174459590122,31,40,49,19,True,"straight,junction,dynamic_interaction,near_collision,candidate_sensitive"
7e7576a611b35fcb,16,16,2,0.6311190091225074,0.7507618695914207,37,41,42,6,True,"straight,static_easy,candidate_sensitive"
7ec4e8931c9a5dfe,10,10,1,0.5684678650171282,0.6448761865504185,15,16,14,0,True,"straight,junction,dynamic_interaction,candidate_sensitive"
800770a1750a5e8d,10,10,1,0.2246628575915432,0.14223325917039745,11,0,34,0,False,"straight,junction,dynamic_interaction"
804edf7353f9522e,16,16,2,0.8479503070767774,0.745828071879824,12,62,46,17,True,"straight,dynamic_interaction,candidate_sensitive"
80fc87acc211538c,16,16,1,0.589560344903839,0.5250314617594514,9,30,81,0,True,"straight,junction,dynamic_interaction,candidate_sensitive"
811090609d7e5d38,15,16,2,0.9449482269472621,0.758137804403958,15,65,25,6,True,"turning,junction,dynamic_interaction,candidate_sensitive"
811ab56c51c05bd7,16,16,2,0.7439983926431776,0.8151308177892608,44,52,24,7,True,"straight,junction,dynamic_interaction,near_collision,candidate_sensitive"
812a13142f3d54cb,16,16,1,0.4502580564678913,0.5264687617463971,22,28,70,0,True,"straight,junction,dynamic_interaction,near_collision,candidate_sensitive"
819a539327b55684,16,16,1,0.46315716031124166,0.24869637776224968,3,9,108,0,True,"turning,junction,static_easy,candidate_sensitive"
81d90b56222150ad,15,16,3,0.8042651789079456,0.7224802180551327,10,48,47,12,True,"turning,junction,static_easy,candidate_sensitive"
822f4f96a5d1507f,13,13,1,0.4101272070026398,0.3992091576299381,28,22,28,0,True,"straight,dynamic_interaction,near_collision,candidate_sensitive"
838585af55195447,13,13,1,0.5319438656704063,0.5106215792893157,18,30,30,0,True,"straight,junction,dynamic_interaction,candidate_sensitive"
83a393796b2e57df,16,16,1,0.5253233064467088,0.6105351660436403,14,28,78,0,True,"straight,junction,dynamic_interaction,candidate_sensitive"
83edf99b5f365874,13,13,2,0.5105001365841696,0.6709428012418509,28,13,37,9,True,"straight,junction,dynamic_interaction,near_collision,candidate_sensitive"
84722c3dc48851df,15,16,1,0.38444707623867613,0.2770404272125269,12,11,82,0,True,"turning,junction,dynamic_interaction,candidate_sensitive"
847e9fc0f2a45712,10,10,1,0.15209727823683508,0.10903230236043579,14,0,31,0,False,"straight,dynamic_interaction,near_collision"
856849aa30155d85,15,16,2,1.0680678769254526,0.7088870415854651,2,74,29,6,True,"turning,static_easy,candidate_sensitive"
85b2c93a0025550b,16,16,1,0.47681523769802975,0.6230468022346527,36,28,56,0,True,"straight,dynamic_interaction,candidate_sensitive"
8606b3ed6e9453c5,16,16,1,0.4246280355187363,0.4340514329747594,17,28,75,0,True,"turning,junction,dynamic_interaction,candidate_sensitive"
868af00cc12a5cd7,16,16,1,0.4830105940564195,0.42119479924079767,18,26,76,0,True,"straight,dynamic_interaction,near_collision,candidate_sensitive"
87702a49b0b65003,16,16,1,0.6250957681415709,0.545274714223708,21,51,48,0,True,"straight,junction,dynamic_interaction,candidate_sensitive"
87df341e9ee45f35,16,16,2,0.7251103696239951,0.5348891461675528,2,55,63,16,True,"turning,junction,dynamic_interaction,candidate_sensitive"
87f3905d9778582a,16,16,2,0.7704133317603028,0.7780286675715806,20,47,53,19,True,"straight,dynamic_interaction,candidate_sensitive"
882804fd02b7594e,14,14,1,0.5376646778759631,0.389565338177093,2,25,64,0,True,"straight,dynamic_interaction,near_collision,candidate_sensitive"
882df9d08563597a,16,16,2,0.7680427441812824,0.8020382302234437,8,41,71,6,True,"straight,junction,dynamic_interaction,candidate_sensitive"
882ecf8756ea5f06,16,16,2,0.940950465167991,0.6486203538858004,6,72,42,11,True,"turning,junction,dynamic_interaction,candidate_sensitive"
895aed4fb51d57d8,15,16,1,0.37431911252690386,0.3612144884886666,17,15,73,0,True,"turning,junction,dynamic_interaction,candidate_sensitive"
897f1109ca315e56,16,16,2,1.0160602336682414,0.7814275925464361,11,77,32,15,True,"straight,dynamic_interaction,candidate_sensitive"
89a4d7928ca15975,15,16,1,0.4581179937245617,0.31514341428958464,6,17,82,0,True,"turning,junction,static_easy,candidate_sensitive"
89cd35f93f735eb7,16,16,1,0.40258357573968706,0.5004169459283433,30,22,68,0,True,"straight,dynamic_interaction,candidate_sensitive"
8a4c999adef05ad7,16,16,1,0.5886877582283022,0.7718657857713493,20,28,72,0,True,"straight,junction,static_easy,candidate_sensitive"
8a580493cbca516c,16,16,2,0.6781733134067828,0.7080171099622959,32,41,47,19,True,"straight,dynamic_interaction,candidate_sensitive"
8b5b8f0400115bd6,16,16,2,0.5229640157860088,0.7515104082557821,23,15,82,7,True,"straight,junction,dynamic_interaction,near_collision,candidate_sensitive"
8c071d44f4e75cb0,16,16,1,0.43322577237335896,0.4148100866846453,14,16,90,0,True,"straight,dynamic_interaction,near_collision,candidate_sensitive"
8c61a553bddb5e5b,10,10,1,0.3371873302347034,0.39004654134470007,14,7,24,0,True,"straight,junction,dynamic_interaction,candidate_sensitive"
8e25d61ca66559fc,16,16,1,0.410169694723671,0.3897800511490426,22,17,81,0,True,"straight,junction,dynamic_interaction,candidate_sensitive"
8ef1af76ddb35e94,16,16,2,0.5840378296512062,0.4993509184948186,24,50,46,14,True,"turning,junction,static_easy,candidate_sensitive"
8f42d8fb5be9539c,16,16,2,0.664225245121443,0.8436088494314176,48,41,31,7,True,"straight,static_easy,candidate_sensitive"
8fe0fe6ae03e53f3,16,16,1,0.7635651133623924,0.5893764791462022,13,71,36,0,True,"straight,dynamic_interaction,near_collision,candidate_sensitive"
8ff9dae381335261,10,10,1,0.10162015048882146,0.08232811078217706,23,0,22,0,False,"straight,dynamic_interaction"
904f85c605875134,16,16,1,0.5896229935103361,0.8043091887608695,29,28,63,0,True,"straight,junction,dynamic_interaction,near_collision,candidate_sensitive"
9058288f81505fcf,16,16,1,0.6322224349514944,0.5639105714826632,35,58,27,0,True,"straight,dynamic_interaction,near_collision,candidate_sensitive"
9096782b0402501c,16,16,1,0.3808220817269615,0.27994378453975355,19,13,88,0,True,"straight,junction,dynamic_interaction,near_collision,candidate_sensitive"
9231c00eafc258e8,16,16,1,0.4090541994370547,0.5535799120248528,42,28,50,0,True,"straight,junction,dynamic_interaction,candidate_sensitive"
92a19adc03e55fc5,16,16,1,0.3457803481346283,0.25836627197807915,9,8,103,0,True,"turning,static_easy,candidate_sensitive"
92a8ca61c39a54a5,16,16,1,0.4572477893599866,0.42716148017204636,14,28,78,0,True,"turning,junction,dynamic_interaction,candidate_sensitive"
92d2ec8d2b8f5b55,16,16,2,0.9483955578957399,0.949863894809145,23,50,47,17,True,"straight,dynamic_interaction,candidate_sensitive"
92fe9c38ae4c5518,16,16,1,0.6096897025529008,0.8884932130275405,44,28,48,0,True,"straight,junction,dynamic_interaction,candidate_sensitive"
9338834925405274,16,16,1,0.5256245933875421,0.6065036118771224,17,28,75,0,True,"turning,junction,dynamic_interaction,candidate_sensitive"
9385df43047c5753,16,16,1,0.4865638876992668,0.5440987388506564,15,29,76,0,True,"turning,junction,dynamic_interaction,candidate_sensitive"
93e8e24b839959e5,10,10,1,0.08969118862819658,0.05006473810016716,24,0,21,0,False,"straight,dynamic_interaction"
9428902ad30e588d,16,16,3,0.8497647191335072,0.9127659939715478,14,37,69,16,True,"straight,dynamic_interaction,near_collision,candidate_sensitive"
94491694c68151ce,16,16,1,0.2776365703187642,0.2533351236771413,26,4,90,0,True,"straight,junction,dynamic_interaction,near_collision,candidate_sensitive"
947c53d87d1c5516,16,16,2,0.9579838345042585,0.8849770326052842,26,67,27,5,True,"straight,junction,dynamic_interaction,candidate_sensitive"
947d66f0231f503b,16,16,2,0.8988861419917172,0.9797992111825723,33,53,34,9,True,"turning,static_easy,candidate_sensitive"
948ba6565e015ca0,16,16,2,0.8319883629379199,0.7846629213553208,24,61,35,17,True,"turning,junction,static_easy,candidate_sensitive"
949ff113998750c2,16,16,1,0.32100444153334345,0.2151714131565312,14,3,103,0,True,"straight,junction,dynamic_interaction,candidate_sensitive"
96f9fa9f6ac45c9c,16,16,1,0.3704823319557355,0.2922600503666692,13,16,91,0,True,"turning,dynamic_interaction,near_collision,candidate_sensitive"
980beb2dee685871,16,16,1,0.5780417869462374,0.5548461632112938,30,52,38,0,True,"straight,junction,static_easy,candidate_sensitive"
98214990879d550e,16,16,1,0.33648744846334794,0.2625057942912203,14,9,97,0,True,"straight,junction,dynamic_interaction,near_collision,candidate_sensitive"
984ea67ffdba570e,16,16,1,0.3611222650847645,0.3755077641952177,23,16,81,0,True,"straight,dynamic_interaction,candidate_sensitive"
990dd2676b8850c0,15,16,1,0.4838836350110397,0.5848596968447769,22,26,57,0,True,"turning,junction,dynamic_interaction,candidate_sensitive"
9971d8871e125668,16,16,1,0.6267606380966317,0.8554087720592192,27,28,65,0,True,"straight,dynamic_interaction,near_collision,candidate_sensitive"
9b64a8af91945d82,16,16,2,0.7736040632580512,0.6183876009326308,5,49,66,19,True,"straight,dynamic_interaction,candidate_sensitive"
9c82b4fabd665372,10,10,1,0.5881887416706257,0.6763906410734827,14,16,15,0,True,"straight,dynamic_interaction,near_collision,candidate_sensitive"
9ccbf12c98425da2,16,16,3,1.0531836714376164,0.7701731947072991,17,79,24,25,True,"straight,junction,dynamic_interaction,near_collision,candidate_sensitive"
9d1183afa4305891,16,16,1,0.3546649761976276,0.22864408489153476,18,4,98,0,True,"straight,dynamic_interaction,near_collision,candidate_sensitive"
9e338e2bafac57a9,16,16,2,0.7238563496393049,0.5636403756449557,18,58,44,17,True,"turning,junction,dynamic_interaction,candidate_sensitive"
9e474f49067f55d1,15,16,1,0.572889482433032,0.4433275984330431,5,26,74,0,True,"turning,junction,dynamic_interaction,candidate_sensitive"
9e5bcaf25c295d3a,16,16,1,0.664817465878622,0.5448825785243797,7,50,63,0,True,"straight,dynamic_interaction,near_collision,candidate_sensitive"
9ea85ac760e452e0,16,16,2,0.4956371930126899,0.4535086203329115,12,27,81,13,True,"straight,dynamic_interaction,candidate_sensitive"
9eaad9325ca55509,15,16,2,1.0186834849244006,0.8400054394485131,16,57,32,13,True,"turning,dynamic_interaction,candidate_sensitive"
9fec2176c0a85a92,16,16,2,0.8966823889479397,0.6731782638492875,4,57,59,15,True,"straight,dynamic_interaction,near_collision,candidate_sensitive"
a042ca66ec3b5f7f,16,16,1,0.32865193887488076,0.2615251891622806,14,8,98,0,True,"straight,dynamic_interaction,near_collision,candidate_sensitive"
a06c2be8fbef5879,12,12,2,0.7424888408725592,0.5590229216774176,2,21,43,6,True,"straight,dynamic_interaction,near_collision,candidate_sensitive"
a0a799674a0554c0,16,16,2,0.578186543644802,0.4412126518448799,7,40,73,5,True,"turning,junction,static_easy,candidate_sensitive"
a2170b8bde99579c,16,16,1,0.6387655217366278,0.8584164143798687,22,28,70,0,True,"straight,dynamic_interaction,near_collision,candidate_sensitive"
a2d14aae573f5470,16,16,2,0.8492722778036246,0.7700064788784172,11,61,48,15,True,"straight,static_easy,candidate_sensitive"
a424c0ac6b2155b0,16,16,1,0.5055724361201679,0.4553276049479008,12,38,70,0,True,"turning,dynamic_interaction,near_collision,candidate_sensitive"
a482233ec3ce5677,16,16,2,0.5991270445407847,0.7099754114655288,41,41,38,7,True,"straight,junction,dynamic_interaction,candidate_sensitive"
a4e62021d1765904,16,16,1,0.1988128551534173,0.12840182711548223,26,0,94,0,False,"turning,junction,dynamic_interaction,near_collision"
a518abfe981d52a8,16,16,1,0.41228074938415027,0.5383236663601262,39,28,53,0,True,"turning,junction,dynamic_interaction,candidate_sensitive"
a5733ac394a553bb,15,16,2,0.9397238151385501,0.6129463378571689,0,60,45,13,False,"turning,junction,dynamic_interaction,candidate_sensitive"
a5e8ec7df7c253e4,16,16,2,0.8024328594133756,0.7312501046017102,3,29,88,8,True,"straight,dynamic_interaction,near_collision,candidate_sensitive"
a71df6972e4b55c3,12,12,2,0.6927581716803408,0.8518159467434856,4,12,50,9,True,"turning,dynamic_interaction,near_collision,candidate_sensitive"
a77cd4e2e9a859af,15,16,1,0.4298348660513838,0.3510147822456548,7,26,72,0,True,"turning,junction,dynamic_interaction,near_collision,candidate_sensitive"
a7f49247a92c53be,15,16,1,0.6747847396247347,0.6462429281263766,8,38,59,0,True,"turning,junction,static_easy,candidate_sensitive"
a85ccac1ee575810,16,16,1,0.4363811208010347,0.32583397751243315,17,20,83,0,True,"straight,junction,dynamic_interaction,near_collision,candidate_sensitive"
a8b8657acde451b4,16,16,2,0.6371826002659734,0.5564343599026708,5,39,76,17,True,"straight,junction,dynamic_interaction,candidate_sensitive"
a93d5198daf856b2,16,16,1,0.5838486979207544,0.6806694689040527,14,28,78,0,True,"straight,junction,dynamic_interaction,candidate_sensitive"
aa806ba5e4885189,16,16,3,0.6186969656912743,0.7096470286482679,19,42,59,7,True,"straight,junction,dynamic_interaction,near_collision,candidate_sensitive"
ab8367ea25ad5e6c,16,16,2,0.5952948217879689,0.5118760061321852,24,50,46,17,True,"turning,dynamic_interaction,candidate_sensitive"
ac094b946f8753c9,16,16,2,1.1076248352812759,0.7940098348078303,12,82,26,14,True,"turning,static_easy,candidate_sensitive"
ac7444f7e73b51de,16,16,1,0.4386911122762788,0.3506440661717173,6,15,99,0,True,"turning,junction,dynamic_interaction,near_collision,candidate_sensitive"
ac9059a92b735c3c,16,16,1,0.7026737175141266,0.47083293006001603,17,66,37,0,True,"turning,junction,dynamic_interaction,candidate_sensitive"
ad6ab70bb31850ce,16,16,1,0.3712183507634395,0.34253208733286183,16,14,90,0,True,"turning,junction,dynamic_interaction,near_collision,candidate_sensitive"
adb5804c80f2585f,16,16,1,0.31967663751769365,0.25793189276441836,23,6,91,0,True,"straight,dynamic_interaction,near_collision,candidate_sensitive"
adca64c9caea586d,15,15,1,0.5936683998325019,0.4546031321804182,1,36,68,0,True,"straight,junction,dynamic_interaction,near_collision,candidate_sensitive"
ae46d6681c925153,16,16,2,0.5827284218576713,0.554658458565984,10,35,75,2,True,"turning,junction,static_easy,candidate_sensitive"
ae83638038365f47,12,12,2,0.7924062952507972,0.6048828939434616,6,32,28,22,True,"turning,junction,dynamic_interaction,candidate_sensitive"
af2d8eed9dc0583b,16,16,3,0.9606976545921303,0.575750478732549,4,75,41,13,True,"straight,junction,dynamic_interaction,near_collision,candidate_sensitive"
afd7f54736e35bc0,16,16,1,0.7186552291324894,0.5935835241713002,9,42,69,0,True,"straight,junction,dynamic_interaction,near_collision,candidate_sensitive"
b050f9e70f9c58c1,16,16,2,1.0888814608351451,0.7032378849938165,17,87,16,16,True,"turning,junction,dynamic_interaction,candidate_sensitive"
b07ab2dbf3fe5fa4,15,16,2,0.6972918449221142,0.5953582294357136,14,46,45,1,True,"turning,junction,dynamic_interaction,candidate_sensitive"
b194973d8f0953c6,15,16,2,0.8880852640710093,0.6809191433337861,10,61,34,14,True,"turning,junction,dynamic_interaction,candidate_sensitive"
b2130df9049f519f,15,16,1,0.3781313722081223,0.19774492325716864,7,2,96,0,True,"turning,junction,dynamic_interaction,candidate_sensitive"
b24df2cd2f3f58d1,16,16,1,0.5570977337359252,0.7742765866518342,34,28,58,0,True,"straight,junction,dynamic_interaction,candidate_sensitive"
b2f1ba610fa45986,16,16,1,0.6944083963107244,0.6785213147079316,8,42,70,0,True,"turning,junction,dynamic_interaction,candidate_sensitive"
b338fa75e80c5da9,16,16,2,0.7546522567528436,0.7325055713675112,10,42,68,19,True,"straight,dynamic_interaction,near_collision,candidate_sensitive"
b3851efe744855b3,13,13,2,0.7740135504859954,0.9809714095747373,21,32,25,6,True,"straight,dynamic_interaction,near_collision,candidate_sensitive"
b58b24be39be5232,11,11,1,0.3896843695760055,0.3242932312047552,3,10,42,0,True,"straight,junction,dynamic_interaction,near_collision,candidate_sensitive"
b64881b687d45233,16,16,1,0.31794975373549567,0.24784021917978666,23,7,90,0,True,"straight,junction,dynamic_interaction,near_collision,candidate_sensitive"
b6acb8a72ddb57ac,10,10,1,0.14781116682037124,0.08965512826667084,16,0,29,0,False,"straight,dynamic_interaction"
b7af9f77350f5f44,16,16,1,0.3708136701109192,0.43629818684541005,29,14,77,0,True,"straight,dynamic_interaction,near_collision,candidate_sensitive"
b818c9e5a39d5f9e,16,16,1,0.4795451843223387,0.3363157607097848,12,16,92,0,True,"straight,dynamic_interaction,candidate_sensitive"
b82fdfcafe3e574f,10,10,1,0.48535018391021784,0.7560634551272605,17,9,19,0,True,"straight,dynamic_interaction,candidate_sensitive"
b85fd739998d579a,16,16,1,0.5105405758827551,0.7630123947852352,60,28,32,0,True,"straight,junction,dynamic_interaction,near_collision,candidate_sensitive"
b8d811c3c4c250de,15,16,1,0.5653378070284454,0.6929449397861653,17,26,62,0,True,"turning,junction,dynamic_interaction,candidate_sensitive"
b95774e78d4d52a1,16,16,1,0.3672844557912358,0.3419784921243641,14,24,82,0,True,"straight,dynamic_interaction,candidate_sensitive"
ba5e75801b055619,16,16,2,0.4971644762199395,0.7017328319221626,54,28,38,5,True,"turning,junction,dynamic_interaction,near_collision,candidate_sensitive"
bb83b26d840d56b6,16,16,1,0.34803236747196814,0.328085254306548,22,14,84,0,True,"turning,static_easy,candidate_sensitive"
bc0449f1b2605891,10,10,1,0.13814798984528157,0.07894147047584747,12,0,33,0,False,"straight,junction,dynamic_interaction,near_collision"
bcc11e57262352d1,16,16,1,0.21792706122539382,0.1533905769762574,35,0,85,0,False,"straight,junction,dynamic_interaction,near_collision"
bd77f118494f587b,10,10,1,0.23529971027727947,0.22540085712611801,10,0,35,0,False,"straight,junction,dynamic_interaction"
be5e93efe66854c9,16,16,1,0.5083820524784565,0.3846442912976931,12,22,86,0,True,"turning,junction,dynamic_interaction,candidate_sensitive"
bf39e84fb0ec533b,15,16,1,0.46392668958482614,0.6457717956454236,44,26,35,0,True,"turning,dynamic_interaction,candidate_sensitive"
bfacb68a693354ce,15,16,2,0.9520153242508297,0.6186353445642527,0,62,43,11,False,"turning,junction,dynamic_interaction,candidate_sensitive"
bfd812e62f675bb8,15,16,1,0.3564279278891254,0.2588618803568168,8,9,88,0,True,"turning,junction,dynamic_interaction,candidate_sensitive"
c028d386047e5fa5,16,16,1,0.39372730424186825,0.3934022132097755,13,21,86,0,True,"turning,junction,dynamic_interaction,candidate_sensitive"
c083824504d2590b,16,16,1,0.39065954678554843,0.27283090736827303,18,7,95,0,True,"straight,dynamic_interaction,near_collision,candidate_sensitive"
c0c2ed50261f54e5,16,16,1,0.6254085825216509,0.8407076346957224,25,28,67,0,True,"straight,junction,dynamic_interaction,candidate_sensitive"
c0d88020d8f857a3,16,16,1,0.2636695029560672,0.25015080849295657,25,11,84,0,True,"turning,junction,dynamic_interaction,candidate_sensitive"
c0da85327dd150be,10,10,1,0.3821764093484276,0.31254416016777103,1,8,36,0,True,"straight,junction,dynamic_interaction,near_collision,candidate_sensitive"
c0eb45c451ed559d,10,10,1,0.10938327708439985,0.05649241181311111,25,0,20,0,False,"straight,junction,dynamic_interaction"
c102d80382265713,13,13,1,0.43139851345099256,0.46558700328505803,22,21,35,0,True,"straight,dynamic_interaction,near_collision,candidate_sensitive"
c1121c25b8a752a8,16,16,2,0.5823246228481184,0.6962415301786854,20,29,71,5,True,"turning,dynamic_interaction,near_collision,candidate_sensitive"
c146555eef265d33,10,10,1,0.2303326296998011,0.10844277302600437,5,0,40,0,False,"straight,junction,dynamic_interaction,near_collision"
c18901107d7253f4,16,16,1,0.23362035807795192,0.1355841000415228,20,0,100,0,False,"straight,junction,dynamic_interaction"
c2236448f53d50d7,11,11,1,0.6258774224364961,0.5493102703094545,5,19,31,0,True,"straight,junction,static_easy,candidate_sensitive"
c2b680232ddb5935,15,15,2,0.6906968765433105,0.588167552492493,8,37,60,5,True,"turning,junction,dynamic_interaction,candidate_sensitive"
c3f152ce8d63563b,16,16,1,0.5219266340653451,0.725832951695838,45,28,47,0,True,"straight,junction,dynamic_interaction,candidate_sensitive"
c4b99ac30f3d56e6,16,16,3,1.4190011423310396,1.1391892167361157,15,61,44,13,True,"turning,junction,dynamic_interaction,near_collision,candidate_sensitive"
c4f7fc39f107566a,16,16,1,0.9488676913344664,0.8506054220331798,11,61,48,0,True,"straight,junction,static_easy,candidate_sensitive"
c5009c66b66d5521,16,16,2,0.6828792479704807,0.8353977566127454,39,41,40,7,True,"straight,junction,dynamic_interaction,candidate_sensitive"
c67df371f21f5150,16,16,2,1.1046018095295733,1.0467155521355738,20,62,38,17,True,"straight,junction,dynamic_interaction,candidate_sensitive"
c6e502d2e3845682,13,13,2,0.7453014505194945,1.023379001072901,24,23,31,6,True,"straight,dynamic_interaction,near_collision,candidate_sensitive"
c855a5b663795138,16,16,2,0.48244762080541737,0.5328859051316162,28,29,63,7,True,"straight,junction,dynamic_interaction,candidate_sensitive"
c981dde3be68538f,16,16,2,0.6269831416442507,0.5403425692542567,20,43,57,17,True,"straight,junction,dynamic_interaction,candidate_sensitive"
c9c8bd7a64445799,15,15,1,0.6202994043651757,0.4650251831914275,12,26,67,0,True,"straight,dynamic_interaction,near_collision,candidate_sensitive"
cad240f1cc5e5145,15,16,1,0.6217503129914466,0.6574323285188207,7,26,72,0,True,"turning,junction,dynamic_interaction,candidate_sensitive"
cb311a3f4fd75a41,16,16,2,0.841394931147931,0.7590880105672585,21,61,38,17,True,"straight,junction,static_easy,candidate_sensitive"
cb8b7642438c51fe,12,12,1,0.5930799263523967,0.50539255773991,5,21,40,0,True,"straight,junction,dynamic_interaction,near_collision,candidate_sensitive"
cc14b828f1cc5fbe,16,16,1,0.3611465088148523,0.2817148199425941,12,14,94,0,True,"straight,junction,dynamic_interaction,candidate_sensitive"
cc4f36438c7f5975,15,16,2,0.6812293944801276,0.64377368072407,4,38,63,6,True,"turning,junction,dynamic_interaction,candidate_sensitive"
cd76638d3da45283,10,10,1,0.2802650238103522,0.2802595893106545,13,2,30,0,True,"straight,dynamic_interaction,candidate_sensitive"
cdbc2af5f92c54cc,10,10,1,0.3252784334931376,0.3230030924156168,7,8,30,0,True,"turning,junction,dynamic_interaction,candidate_sensitive"
cdc6a4d98a2a5f71,10,10,1,0.33298628493949584,0.37112385952370436,16,8,21,0,True,"straight,dynamic_interaction,near_collision,candidate_sensitive"
cdfea8176e5152f1,15,16,2,1.312644554689904,1.1836621504399745,13,56,36,14,True,"turning,junction,dynamic_interaction,near_collision,candidate_sensitive"
ce136263a2b556fb,16,16,1,0.2944583329806888,0.20094616533084722,16,2,102,0,True,"straight,dynamic_interaction,candidate_sensitive"
ce71483d2168502b,16,16,1,0.2855721812877082,0.2773695725322173,28,12,80,0,True,"straight,junction,dynamic_interaction,near_collision,candidate_sensitive"
ce7279984aca54f2,16,16,1,0.4655939593763968,0.5848122626190948,30,28,62,0,True,"straight,junction,dynamic_interaction,near_collision,candidate_sensitive"
cedf2db18ed55bba,16,16,1,0.4577922750821997,0.5838540488986682,34,28,58,0,True,"straight,junction,dynamic_interaction,candidate_sensitive"
cefd2bb75ec95622,13,13,2,0.8384979153283789,0.559535391779346,7,37,34,5,True,"straight,junction,dynamic_interaction,near_collision,candidate_sensitive"
cffad65d440658b5,15,16,2,1.2171803370879737,0.8047577832157743,1,74,30,13,True,"turning,junction,dynamic_interaction,candidate_sensitive"
d00fe72bb0445288,16,16,2,0.5647046946765516,0.5187598878125406,10,34,76,6,True,"straight,dynamic_interaction,near_collision,candidate_sensitive"
d0b1b9a4c3e55685,16,16,3,1.0244358672936813,0.9019627506676445,23,71,26,22,True,"straight,dynamic_interaction,near_collision,candidate_sensitive"
d2238c0841d254ba,15,16,1,0.3580809828731039,0.36155157279582273,20,15,70,0,True,"turning,junction,dynamic_interaction,candidate_sensitive"
d26d547b0c885b7d,16,16,1,0.4429244760374819,0.5858878648289592,40,28,52,0,True,"turning,junction,static_easy,candidate_sensitive"
d2c0db3c76995c86,16,16,1,0.6649219868580978,0.7955524463970698,11,28,81,0,True,"straight,junction,dynamic_interaction,near_collision,candidate_sensitive"
d33d55a198cc5f86,16,16,1,0.6288864821360659,0.7459088983857165,32,41,47,0,True,"straight,dynamic_interaction,candidate_sensitive"
d41fbf9cfe1253dc,10,10,1,0.25865681697806153,0.23404150800004087,13,0,32,0,False,"straight,junction,dynamic_interaction"
d441e87b9b1a51a9,16,16,1,0.6115757892687577,0.791738135188707,17,28,75,0,True,"straight,junction,dynamic_interaction,near_collision,candidate_sensitive"
d4c0bd232e0b5c6f,16,16,1,0.33199940956605134,0.3275217695884544,26,19,75,0,True,"straight,junction,dynamic_interaction,near_collision,candidate_sensitive"
d4ca0d8dff585ffb,16,16,2,0.6677048822985346,0.6194742137106515,11,39,70,18,True,"straight,junction,dynamic_interaction,candidate_sensitive"
d4d3d810380a50d4,16,16,1,0.28355672203612897,0.2069721802021292,14,3,103,0,True,"turning,junction,dynamic_interaction,near_collision,candidate_sensitive"
d513cc2e932c52f1,15,16,1,0.26008590998708786,0.24161156105006082,25,5,75,0,True,"turning,junction,static_easy,candidate_sensitive"
d550d9276a29585c,15,16,2,0.7936425810605714,0.6446018423265483,16,56,33,14,True,"turning,junction,static_easy,candidate_sensitive"
d6b4d3326de75f27,15,15,1,0.5220844056394226,0.3075927878412951,4,21,80,0,True,"straight,junction,dynamic_interaction,near_collision,candidate_sensitive"
d6f91512d2d958ad,16,16,2,0.837466945011738,0.734774588146248,14,46,60,24,True,"straight,dynamic_interaction,candidate_sensitive"
d716414467955dba,10,10,1,0.18756365102601957,0.16993946829889622,10,0,35,0,False,"straight,dynamic_interaction"
d74fe651f1525437,16,16,2,0.6133676474014493,0.7035136713470999,30,41,49,7,True,"straight,junction,dynamic_interaction,candidate_sensitive"
d7cee21937755666,16,16,1,0.3690905591273976,0.23043476283955075,10,3,107,0,True,"turning,junction,dynamic_interaction,candidate_sensitive"
d8694bc2dd515de4,16,16,2,0.8428312708828465,0.6278785391395814,9,68,43,13,True,"turning,junction,dynamic_interaction,candidate_sensitive"
dbbb1a88814a53f7,16,16,2,0.9722244743581171,0.6784297438392419,6,78,36,3,True,"straight,junction,dynamic_interaction,candidate_sensitive"
dc7a135058a75eae,16,16,1,0.4274316256044316,0.4203569534363271,22,28,70,0,True,"straight,dynamic_interaction,near_collision,candidate_sensitive"
dcbb42819f0359b6,16,16,1,0.3370964067707007,0.403142656094639,40,14,66,0,True,"turning,junction,dynamic_interaction,candidate_sensitive"
dcc3937e2e45545b,16,16,2,0.8632320287258562,0.8630243298585566,12,41,67,16,True,"straight,dynamic_interaction,near_collision,candidate_sensitive"
dccb52bae1615038,16,16,2,0.7939382166457842,0.8155046172566314,20,41,59,18,True,"straight,dynamic_interaction,candidate_sensitive"
dd79fbc50c5c58e7,16,16,2,0.6021330100796267,0.5561005228730808,30,51,39,16,True,"turning,junction,dynamic_interaction,near_collision,candidate_sensitive"
ddb8334b26fc55dc,16,16,1,0.546358894494008,0.5457532273506317,18,41,61,0,True,"straight,dynamic_interaction,near_collision,candidate_sensitive"
ddcab3d758195bb1,16,16,3,1.2527896943456474,1.0486042711507049,11,61,48,13,True,"straight,junction,dynamic_interaction,near_collision,candidate_sensitive"
ddd4118e19ef58e4,10,10,1,0.3307944798758386,0.3030728891177145,9,8,28,0,True,"straight,junction,dynamic_interaction,near_collision,candidate_sensitive"
dfb76aec3b5e5d68,16,16,2,0.8375467108822627,1.0842407143580444,21,41,58,7,True,"straight,junction,dynamic_interaction,candidate_sensitive"
dfc8ad41cbcd518f,11,11,1,0.310881336252691,0.43140651510221945,24,10,21,0,True,"straight,dynamic_interaction,near_collision,candidate_sensitive"
e00b3c2f900e56c8,16,16,1,0.6945129934386863,0.5392383889824324,14,58,48,0,True,"straight,junction,dynamic_interaction,near_collision,candidate_sensitive"
e00fde1ad72a5206,16,16,1,0.44908063648385527,0.3552687547528603,21,15,84,0,True,"straight,junction,dynamic_interaction,near_collision,candidate_sensitive"
e0b02a57523d516f,16,16,1,0.49710382294127925,0.6285359137107633,28,28,64,0,True,"straight,junction,dynamic_interaction,near_collision,candidate_sensitive"
e197335c86205d51,5,5,1,0.12590640954818194,0.08601615564019181,3,0,7,0,False,straight
e225e639b0c45c19,16,16,2,0.7531586735650253,0.7363053900475199,28,52,40,17,True,"straight,dynamic_interaction,candidate_sensitive"
e233b89289c85fe9,16,16,1,0.3906333283732869,0.30704511518294836,27,20,73,0,True,"straight,dynamic_interaction,near_collision,candidate_sensitive"
e2b4aed785cb5d77,10,10,2,1.2177087219153755,0.8806998296286036,3,32,10,17,True,"straight,dynamic_interaction,candidate_sensitive"
e37d5553be045113,16,16,1,0.2927678337492567,0.25440281796696246,24,3,93,0,True,"straight,junction,dynamic_interaction,near_collision,candidate_sensitive"
e3de8e39b3d05f03,16,16,2,0.59268262858202,0.6667863922118027,30,41,49,7,True,"straight,junction,dynamic_interaction,near_collision,candidate_sensitive"
e4073fed8b995055,16,16,2,0.44596015943479905,0.46820770896724884,27,23,70,7,True,"straight,junction,dynamic_interaction,candidate_sensitive"
e52aa99f66a25ce2,16,16,1,0.38818600932572606,0.3278395634171231,10,16,94,0,True,"straight,junction,dynamic_interaction,near_collision,candidate_sensitive"
e5a6b24119a550c5,10,10,1,0.39952140382274687,0.22369170919242284,3,0,42,0,False,"turning,junction,dynamic_interaction,near_collision"
e5df3dbbbf695282,16,16,1,0.42516008444062015,0.3639465362519684,14,15,91,0,True,"straight,junction,dynamic_interaction,near_collision,candidate_sensitive"
e66d78c511fc5fdb,16,16,1,0.6609595121725692,0.46705700789565613,4,35,81,0,True,"straight,junction,dynamic_interaction,candidate_sensitive"
e712055b92595f17,16,16,1,0.2549928521210579,0.17514276298028983,13,1,106,0,True,"turning,junction,static_easy,candidate_sensitive"
e743007adc175172,16,16,1,0.41445594867678903,0.44921284872487105,20,28,72,0,True,"straight,dynamic_interaction,near_collision,candidate_sensitive"
e7673392249c5727,15,16,3,0.8288228876281282,0.7855833684590109,8,49,48,10,True,"turning,junction,dynamic_interaction,candidate_sensitive"
e7f115bf28a45096,16,16,1,0.5763155509710205,0.586484112850734,20,21,79,0,True,"straight,dynamic_interaction,near_collision,candidate_sensitive"
e8899b871d915284,15,16,1,0.40477354728688414,0.36237360687026826,10,22,73,0,True,"turning,junction,dynamic_interaction,candidate_sensitive"
e8b95bc02c7b5ae1,16,16,2,0.7998623507845444,0.6319999230169014,11,51,58,17,True,"straight,junction,dynamic_interaction,near_collision,candidate_sensitive"
e8fa144ae4155c4d,10,10,1,0.1829684057893476,0.1877891058378437,21,0,24,0,False,"straight,dynamic_interaction,near_collision"
e919509ad7345833,16,16,1,0.4420813473372897,0.3604191983105147,27,16,77,0,True,"straight,junction,dynamic_interaction,near_collision,candidate_sensitive"
e969c862f9ac58c0,16,16,1,0.6053964917412775,0.7790987107690533,25,28,67,0,True,"straight,junction,dynamic_interaction,candidate_sensitive"
e9c2c60c87c351c2,16,16,1,0.43723667215512896,0.42546463554213293,16,15,89,0,True,"turning,dynamic_interaction,near_collision,candidate_sensitive"
e9e921bdf5685d30,11,11,1,0.49512491241044637,0.49291620059182556,7,15,33,0,True,"straight,dynamic_interaction,near_collision,candidate_sensitive"
ebbd33f9058e5e95,16,16,1,0.36123967320327177,0.22638654785778464,9,3,108,0,True,"straight,dynamic_interaction,candidate_sensitive"
ec452a6d5f1c5740,14,14,1,0.49801279934521264,0.4121571260558174,15,24,52,0,True,"straight,dynamic_interaction,near_collision,candidate_sensitive"
ec6d7de34d61537e,10,10,1,0.25958963220061676,0.21367583380880925,11,0,34,0,False,"straight,dynamic_interaction,near_collision"
ed21849ee97b5338,16,16,1,0.3163331285668047,0.26071435345390226,23,8,89,0,True,"turning,junction,dynamic_interaction,near_collision,candidate_sensitive"
ed86dbcad1fc538a,16,16,2,0.596785320006924,0.6882636818883738,34,41,45,7,True,"straight,static_easy,candidate_sensitive"
edd90ab9d3c95ab3,16,16,2,0.911555872772594,0.824959629754992,14,63,43,17,True,"straight,dynamic_interaction,candidate_sensitive"
ee4ca472e1ca5937,15,16,2,0.7822252496404907,0.6987134647851682,10,48,47,6,True,"turning,junction,dynamic_interaction,candidate_sensitive"
eeed9edd21555c00,15,16,1,0.5711797059278463,0.5079284211740192,5,26,74,0,True,"turning,junction,static_easy,candidate_sensitive"
ef99b6407ba25d8c,10,10,1,0.20906964745305823,0.07506135411068783,3,0,42,0,False,"turning,dynamic_interaction"
f00a789040235b5c,16,16,1,0.38509123886519325,0.423924292360513,27,21,72,0,True,"straight,dynamic_interaction,near_collision,candidate_sensitive"
f039562f55855c8d,16,16,1,0.6030279866826761,0.6328565245499829,37,51,32,0,True,"straight,junction,dynamic_interaction,near_collision,candidate_sensitive"
f05d87dea4d15ac8,16,16,2,0.8384509173781304,0.8276860165787147,31,53,36,17,True,"straight,dynamic_interaction,candidate_sensitive"
f0a91d9f4c285bb3,12,12,1,0.6275288969418537,0.49895116111521703,4,23,39,0,True,"straight,junction,dynamic_interaction,near_collision,candidate_sensitive"
f0d7cc6b600d5ff1,16,16,1,0.6080696802228939,0.7568551879991513,16,28,76,0,True,"straight,dynamic_interaction,near_collision,candidate_sensitive"
f1560324609d5f07,15,16,2,0.8042276228810505,0.9152398128047337,9,27,69,0,True,"turning,junction,dynamic_interaction,candidate_sensitive"
f1afea28fe8b51c4,16,16,1,0.29541609747242237,0.2761042985370104,20,14,86,0,True,"straight,junction,dynamic_interaction,candidate_sensitive"
f2364a929c5f5686,15,16,1,0.5596017447780832,0.5477008805764626,6,27,72,0,True,"turning,junction,dynamic_interaction,candidate_sensitive"
f2f5beb0e12c5ce3,15,16,2,0.7025917163071125,0.6005549968352771,21,46,38,13,True,"turning,junction,dynamic_interaction,near_collision,candidate_sensitive"
f331463359135dba,16,16,2,1.342613504845466,0.8859411921981463,6,85,29,12,True,"turning,static_easy,candidate_sensitive"
f422e548d4305d53,16,16,2,0.6306614841866665,0.6382712838501974,15,42,63,7,True,"turning,dynamic_interaction,near_collision,candidate_sensitive"
f52201841e75560d,11,11,1,0.33831840828591975,0.40400564454530236,11,10,34,0,True,"straight,dynamic_interaction,candidate_sensitive"
f583ca7d612454fa,16,16,1,0.5827584762487021,0.5139817830223032,24,50,46,0,True,"turning,dynamic_interaction,candidate_sensitive"
f70d6140a3675f5b,16,16,1,0.43411088783078566,0.3087669637159166,8,16,96,0,True,"turning,junction,dynamic_interaction,near_collision,candidate_sensitive"
f7c24a7dcfea5ee1,10,10,1,0.08019195234719194,0.040303997934608586,31,0,14,0,False,"straight,dynamic_interaction,near_collision"
f84ac4472da55b91,10,10,1,0.22516831538246346,0.12644566433986473,12,0,33,0,False,"straight,junction,dynamic_interaction,near_collision"
f85d412ba614518e,16,16,2,0.8038990701850461,0.7119426572927181,17,49,54,6,True,"straight,dynamic_interaction,near_collision,candidate_sensitive"
f86ca0d6f5fc5f52,15,16,1,0.45123694398063785,0.4720750117691555,9,26,70,0,True,"turning,junction,static_easy,candidate_sensitive"
f8ec5c2b6e8f57bc,16,16,1,0.3981811920905811,0.4071198301641797,26,28,66,0,True,"turning,junction,dynamic_interaction,candidate_sensitive"
f8f68a72011f5946,16,16,2,0.5016784146373462,0.5974355712600099,53,41,26,7,True,"straight,junction,dynamic_interaction,candidate_sensitive"
f91693562e775d1d,15,16,1,0.37628510422239014,0.3926296085093364,19,13,73,0,True,"turning,junction,static_easy,candidate_sensitive"
f9a16c32399751e1,16,16,1,0.5537650966264395,0.7484839744921976,32,28,60,0,True,"straight,static_easy,candidate_sensitive"
fa5bd63663695d34,10,10,1,0.15650220411727783,0.14516993302182252,11,0,34,0,False,"straight,junction,dynamic_interaction,near_collision"
fa85743d4e545f1f,16,16,1,0.3671681941750156,0.19908266006720893,7,2,111,0,True,"turning,junction,static_easy,candidate_sensitive"
fb086ba139895e91,16,16,1,0.5632215604718854,0.7777999945783938,38,28,54,0,True,"straight,junction,dynamic_interaction,candidate_sensitive"
fb38f4e6c8625b8f,16,16,1,0.4886621375429219,0.6095778154456741,27,28,65,0,True,"straight,junction,dynamic_interaction,candidate_sensitive"
fb43735848e75165,15,16,1,0.46884423543763176,0.3545943370809081,6,25,74,0,True,"turning,junction,dynamic_interaction,candidate_sensitive"
fdd70026cf1d568a,16,16,2,0.6361796587855874,0.563503097164941,14,42,64,14,True,"straight,dynamic_interaction,candidate_sensitive"
feeef19d33345cd8,16,16,1,0.3278867300315952,0.2298033402010337,16,2,102,0,True,"turning,junction,dynamic_interaction,candidate_sensitive"
ff010796b96c5a95,16,16,2,0.5355284048392897,0.4780024570375173,30,39,51,14,True,"turning,dynamic_interaction,candidate_sensitive"
ff28dddea4a85026,10,10,1,0.4445498040015407,0.4812647569917437,12,9,24,0,True,"straight,dynamic_interaction,near_collision,candidate_sensitive"
ff8791ef15c75a2a,16,16,1,0.4735342331165,0.5707356067117748,46,41,33,0,True,"straight,static_easy,candidate_sensitive"
