split,checkpoint_step,sample_count,relative_real_minus_base,utility_ci_lower,utility_ci_upper,relative_hard_real_gap,hard_ci_lower,hard_ci_upper,relative_spatial_real_gap,spatial_ci_lower,spatial_ci_upper,residual_mean,residual_p95,residual_p99,residual_max,all_passed,failed_checks
model_selection,250,1000,-0.13003122217447283,-0.20458970989074982,-0.07901877876440767,-0.000969801158457126,-0.0053228151013032955,0.0034596028862498604,0.0010839931592241587,0.0003294226342051887,0.0024914798413440756,0.166213256868592,0.20655365530401468,0.21204578486038372,0.21880594035610557,false,hard_causal_absolute_gap|hard_causal_relative_gap|residual_mean|spatial_causal_relative_gap
model_selection,500,1000,-0.14768286184413204,-0.23652227657375396,-0.08776289766613113,-0.0021902054567181127,-0.007277010822804804,0.002640770989177843,0.0011146863269625303,-0.00002049115708671864,0.003269845837329928,0.25081083952332844,0.31361052142456175,0.3217001081770286,0.33103966317139566,false,hard_causal_absolute_gap|hard_causal_relative_gap|per_horizon_residual_bound|residual_mean|residual_p95|spatial_causal_absolute_gap|spatial_causal_relative_gap
model_selection,750,1000,-0.15629650634600054,-0.24921370024922582,-0.09469548835706953,-0.0010372490321696945,-0.006823077603025724,0.005227554872628935,0.00023829549166038937,-0.0008843115127760149,0.0014665420928765792,0.29207259804930075,0.36217269398039204,0.3712648625439033,0.38113305415026844,false,hard_causal_absolute_gap|hard_causal_relative_gap|per_horizon_residual_bound|residual_mean|residual_p95|spatial_causal_absolute_gap|spatial_causal_relative_gap
model_selection,1000,1000,-0.15896040329808203,-0.25362304607188924,-0.09608797665795323,-0.006103003265849928,-0.013766343117419949,-0.0001562857841471817,0.0003590212940080782,-0.0006109725085451621,0.0014365098990021903,0.31391665910871236,0.3901053027249873,0.3989452482853085,0.40923500852659345,false,hard_causal_absolute_gap|hard_causal_relative_gap|per_horizon_residual_bound|residual_mean|residual_p95|spatial_causal_absolute_gap|spatial_causal_relative_gap
model_selection,1250,1000,-0.15494240126432773,-0.25140723317848923,-0.09291075107778028,-0.003745445438729758,-0.012583543158506074,0.004090271332064998,0.00023353870280727398,-0.0008423965207981744,0.0014715427344560727,0.32667795482941436,0.40702824665931986,0.41577189767267553,0.42706851940602064,false,hard_causal_absolute_gap|hard_causal_relative_gap|per_horizon_residual_bound|residual_mean|residual_p95|residual_p99|spatial_causal_absolute_gap|spatial_causal_relative_gap
model_selection,1500,1000,-0.15987381056386538,-0.25766989655791084,-0.0971045204802009,-0.0008020793076919616,-0.008067897651383696,0.007554121376991754,0.00019140580385198944,-0.001230014533574378,0.0018302834561032691,0.33666510007204486,0.41824306964408603,0.42725517657818274,0.43937817914411426,false,hard_causal_absolute_gap|hard_causal_relative_gap|per_horizon_residual_bound|residual_mean|residual_p95|residual_p99|spatial_causal_absolute_gap|spatial_causal_relative_gap
model_selection,1750,1000,-0.16316715701455609,-0.26181012200251663,-0.09918779219802788,-0.0009685956040332554,-0.008687495139938455,0.007658377676743838,0.00023673549831517346,-0.0011022867318786183,0.0018982429239802797,0.3400103840453085,0.42117667084094135,0.43052043656120076,0.4429244794882834,false,hard_causal_absolute_gap|hard_causal_relative_gap|per_horizon_residual_bound|residual_mean|residual_p95|residual_p99|spatial_causal_absolute_gap|spatial_causal_relative_gap
model_selection,2000,1000,-0.16332423423915063,-0.26194570221021973,-0.09968149008041297,-0.0011400608887108606,-0.00892915233551394,0.007505733236934046,0.0004559354080347824,-0.000709453725150892,0.0020829659417125933,0.34081798194133445,0.4221130239311605,0.43143105192342773,0.44399777334183455,false,hard_causal_absolute_gap|hard_causal_relative_gap|per_horizon_residual_bound|residual_mean|residual_p95|residual_p99|spatial_causal_absolute_gap|spatial_causal_relative_gap
final_gate,1500,1000,-0.18837547432792776,-0.30134384901697414,-0.1117772314042874,0.0036516406628085093,-0.0048801892210508825,0.013821105189967691,-0.0004764590593765202,-0.0017725273446348743,0.0005831528889700962,0.3354893839510623,0.4166750095784664,0.42723383601289244,0.4320189831778407,false,hard_causal_absolute_gap|hard_causal_relative_gap|per_horizon_residual_bound|residual_mean|residual_p95|residual_p99|spatial_causal_absolute_gap|spatial_causal_relative_gap
